sl_no,crime_head,major_head,minor_head,ytd_current_year,ytd_previous_year,previous_month,current_month,month,mom_change,mom_growth_pct
1,A - IPC Crime,"Murder (Sec.302/303 IPC/103,104 BNS)",For gain,4,3,7,4,2025-01,-3,-42.857142857142854
2,A - IPC Crime,"Murder (Sec.302/303 IPC/103,104 BNS)",Over Property Dispute,2,2,2,2,2025-01,0,0.0
3,A - IPC Crime,"Murder (Sec.302/303 IPC/103,104 BNS)",Due to Personal Vendetta or enemity,2,1,2,2,2025-01,0,0.0
4,A - IPC Crime,"Murder (Sec.302/303 IPC/103,104 BNS)",Due to Sexual jealousy,2,1,2,2,2025-01,0,0.0
5,A - IPC Crime,"Murder (Sec.302/303 IPC/103,104 BNS)",For dowry by burning,0,0,0,0,2025-01,0,0.0
6,A - IPC Crime,"Murder (Sec.302/303 IPC/103,104 BNS)",For dowry by other means,0,0,1,0,2025-01,-1,-100.0
7,A - IPC Crime,"Murder (Sec.302/303 IPC/103,104 BNS)",Due to Communalism,0,0,0,0,2025-01,0,0.0
8,A - IPC Crime,"Murder (Sec.302/303 IPC/103,104 BNS)",Due to Casteism,0,1,2,0,2025-01,-2,-100.0
9,A - IPC Crime,"Murder (Sec.302/303 IPC/103,104 BNS)",Witch Craft (Sorcery),0,0,0,0,2025-01,0,0.0
10,A - IPC Crime,"Murder (Sec.302/303 IPC/103,104 BNS)",For Human Sacrifice,0,1,0,0,2025-01,0,0.0
11,A - IPC Crime,"Murder (Sec.302/303 IPC/103,104 BNS)",Due to Terrorism/Naxalism / Extremism,0,0,0,0,2025-01,0,0.0
12,A - IPC Crime,"Murder (Sec.302/303 IPC/103,104 BNS)",For Political Reasons,0,0,0,0,2025-01,0,0.0
13,A - IPC Crime,"Murder (Sec.302/303 IPC/103,104 BNS)",Due to Adultery,0,2,1,0,2025-01,-1,-100.0
14,A - IPC Crime,"Murder (Sec.302/303 IPC/103,104 BNS)",Civil Disputes,6,5,2,6,2025-01,4,200.0
15,A - IPC Crime,"Murder (Sec.302/303 IPC/103,104 BNS)",Electoral Gain,0,0,0,0,2025-01,0,0.0
16,A - IPC Crime,"Murder (Sec.302/303 IPC/103,104 BNS)",Gang Rivalry,0,0,0,0,2025-01,0,0.0
17,A - IPC Crime,"Murder (Sec.302/303 IPC/103,104 BNS)",Love Intrigue,2,1,1,2,2025-01,1,100.0
18,A - IPC Crime,"Murder (Sec.302/303 IPC/103,104 BNS)",Professional ,0,0,0,0,2025-01,0,0.0
19,A - IPC Crime,"Murder (Sec.302/303 IPC/103,104 BNS)",Psychopathic/Serial Killer/Lunacy,0,0,0,0,2025-01,0,0.0
20,A - IPC Crime,"Murder (Sec.302/303 IPC/103,104 BNS)",Rape with Murder,2,0,0,2,2025-01,2,200.0
21,A - IPC Crime,"Murder (Sec.302/303 IPC/103,104 BNS)",Revenge/Enemity,5,4,6,5,2025-01,-1,-16.666666666666664
22,A - IPC Crime,"Murder (Sec.302/303 IPC/103,104 BNS)",Sudden Quarrel,6,7,6,6,2025-01,0,0.0
23,A - IPC Crime,"Murder (Sec.302/303 IPC/103,104 BNS)",Village Dispute,0,0,0,0,2025-01,0,0.0
24,A - IPC Crime,"Murder (Sec.302/303 IPC/103,104 BNS)",Custodial,0,0,0,0,2025-01,0,0.0
25,A - IPC Crime,ATTEMPT TO MURDER (Sec. 307 IPC/109BNS),For Gain ,1,1,1,1,2025-01,0,0.0
26,A - IPC Crime,ATTEMPT TO MURDER (Sec. 307 IPC/109BNS),Over Property Dispute,3,2,9,3,2025-01,-6,-66.66666666666666
27,A - IPC Crime,ATTEMPT TO MURDER (Sec. 307 IPC/109BNS),Due to Personal Vendetta or enemity,14,6,3,14,2025-01,11,366.66666666666663
28,A - IPC Crime,ATTEMPT TO MURDER (Sec. 307 IPC/109BNS),Due to Sexual jealousy,0,2,2,0,2025-01,-2,-100.0
29,A - IPC Crime,ATTEMPT TO MURDER (Sec. 307 IPC/109BNS),For Dowry other Means,1,7,1,1,2025-01,0,0.0
30,A - IPC Crime,ATTEMPT TO MURDER (Sec. 307 IPC/109BNS),Dowry By Burning,0,0,0,0,2025-01,0,0.0
31,A - IPC Crime,ATTEMPT TO MURDER (Sec. 307 IPC/109BNS),Due to Communalism,0,0,0,0,2025-01,0,0.0
32,A - IPC Crime,ATTEMPT TO MURDER (Sec. 307 IPC/109BNS),Due to Casteism,0,0,1,0,2025-01,-1,-100.0
33,A - IPC Crime,ATTEMPT TO MURDER (Sec. 307 IPC/109BNS),Witch Craft (Sorcery),0,0,0,0,2025-01,0,0.0
34,A - IPC Crime,ATTEMPT TO MURDER (Sec. 307 IPC/109BNS),For Human Sacrifice,0,0,0,0,2025-01,0,0.0
35,A - IPC Crime,ATTEMPT TO MURDER (Sec. 307 IPC/109BNS),Terrorism /Naxalism / Extremism,0,0,0,0,2025-01,0,0.0
36,A - IPC Crime,ATTEMPT TO MURDER (Sec. 307 IPC/109BNS),For Political Reasons,0,1,2,0,2025-01,-2,-100.0
37,A - IPC Crime,ATTEMPT TO MURDER (Sec. 307 IPC/109BNS),Adultery,0,1,1,0,2025-01,-1,-100.0
38,A - IPC Crime,ATTEMPT TO MURDER (Sec. 307 IPC/109BNS),Electoral Gain,0,0,1,0,2025-01,-1,-100.0
39,A - IPC Crime,ATTEMPT TO MURDER (Sec. 307 IPC/109BNS),Gang Rivalry,1,0,0,1,2025-01,1,100.0
40,A - IPC Crime,ATTEMPT TO MURDER (Sec. 307 IPC/109BNS),Love Intrigue,2,3,0,2,2025-01,2,200.0
41,A - IPC Crime,ATTEMPT TO MURDER (Sec. 307 IPC/109BNS),Professional ,0,0,0,0,2025-01,0,0.0
42,A - IPC Crime,ATTEMPT TO MURDER (Sec. 307 IPC/109BNS),Rape,0,0,0,0,2025-01,0,0.0
43,A - IPC Crime,ATTEMPT TO MURDER (Sec. 307 IPC/109BNS),Revenge/Enemity,30,22,22,30,2025-01,8,36.36363636363637
44,A - IPC Crime,ATTEMPT TO MURDER (Sec. 307 IPC/109BNS),Sudden Quarrel,23,26,28,23,2025-01,-5,-17.857142857142858
45,A - IPC Crime,ATTEMPT TO MURDER (Sec. 307 IPC/109BNS),Village Dispute,1,0,1,1,2025-01,0,0.0
46,A - IPC Crime,ATTEMPT TO MURDER (Sec. 307 IPC/109BNS),Due to Other Causes,190,117,144,190,2025-01,46,31.944444444444443
47,A - IPC Crime,ATTEMPT TO MURDER (Sec. 307 IPC/109BNS),Civil Disputes,29,21,35,29,2025-01,-6,-17.142857142857142
48,A - IPC Crime,CULPABLE HOMICIDE NOT AMOUNTING TO MUDER (Sec.304 IPC/105 BNS),For Gain,0,0,0,0,2025-01,0,0.0
49,A - IPC Crime,CULPABLE HOMICIDE NOT AMOUNTING TO MUDER (Sec.304 IPC/105 BNS),Over Civil Dispute,0,0,0,0,2025-01,0,0.0
50,A - IPC Crime,CULPABLE HOMICIDE NOT AMOUNTING TO MUDER (Sec.304 IPC/105 BNS),Due to Personal Vendetta or enemity,0,0,0,0,2025-01,0,0.0
51,A - IPC Crime,CULPABLE HOMICIDE NOT AMOUNTING TO MUDER (Sec.304 IPC/105 BNS),Due to Sexual jealousy,0,0,0,0,2025-01,0,0.0
52,A - IPC Crime,CULPABLE HOMICIDE NOT AMOUNTING TO MUDER (Sec.304 IPC/105 BNS),For Dowry,0,0,0,0,2025-01,0,0.0
53,A - IPC Crime,CULPABLE HOMICIDE NOT AMOUNTING TO MUDER (Sec.304 IPC/105 BNS),Due to Communalism,0,0,0,0,2025-01,0,0.0
54,A - IPC Crime,CULPABLE HOMICIDE NOT AMOUNTING TO MUDER (Sec.304 IPC/105 BNS),Due to Casteism,0,0,0,0,2025-01,0,0.0
55,A - IPC Crime,CULPABLE HOMICIDE NOT AMOUNTING TO MUDER (Sec.304 IPC/105 BNS),Witch Craft (Sorcery),0,0,0,0,2025-01,0,0.0
56,A - IPC Crime,CULPABLE HOMICIDE NOT AMOUNTING TO MUDER (Sec.304 IPC/105 BNS),For Human Sacrifice,0,1,0,0,2025-01,0,0.0
57,A - IPC Crime,CULPABLE HOMICIDE NOT AMOUNTING TO MUDER (Sec.304 IPC/105 BNS),Terrorism /Naxalism / Extremism,0,0,0,0,2025-01,0,0.0
58,A - IPC Crime,CULPABLE HOMICIDE NOT AMOUNTING TO MUDER (Sec.304 IPC/105 BNS),For Political Reasons,0,0,0,0,2025-01,0,0.0
59,A - IPC Crime,CULPABLE HOMICIDE NOT AMOUNTING TO MUDER (Sec.304 IPC/105 BNS),Adultery,0,0,0,0,2025-01,0,0.0
60,A - IPC Crime,CULPABLE HOMICIDE NOT AMOUNTING TO MUDER (Sec.304 IPC/105 BNS),Property Disputes,0,0,0,0,2025-01,0,0.0
61,A - IPC Crime,CULPABLE HOMICIDE NOT AMOUNTING TO MUDER (Sec.304 IPC/105 BNS),Electoral Gain,0,0,0,0,2025-01,0,0.0
62,A - IPC Crime,CULPABLE HOMICIDE NOT AMOUNTING TO MUDER (Sec.304 IPC/105 BNS),Gang Rivalry,0,0,0,0,2025-01,0,0.0
63,A - IPC Crime,CULPABLE HOMICIDE NOT AMOUNTING TO MUDER (Sec.304 IPC/105 BNS),Love Intrigue,0,0,0,0,2025-01,0,0.0
64,A - IPC Crime,CULPABLE HOMICIDE NOT AMOUNTING TO MUDER (Sec.304 IPC/105 BNS),Professional ,0,0,0,0,2025-01,0,0.0
65,A - IPC Crime,CULPABLE HOMICIDE NOT AMOUNTING TO MUDER (Sec.304 IPC/105 BNS),Sudden Quarrel,1,2,1,1,2025-01,0,0.0
66,A - IPC Crime,CULPABLE HOMICIDE NOT AMOUNTING TO MUDER (Sec.304 IPC/105 BNS),Due to Other Causes,6,10,7,6,2025-01,-1,-14.285714285714285
67,A - IPC Crime,ATTEMPT TO CULPABLE HOMICIDE NOT AMOUNTING TO MURDER (Sec. 308 IPC/110 BNS),For Gain,0,0,0,0,2025-01,0,0.0
68,A - IPC Crime,ATTEMPT TO CULPABLE HOMICIDE NOT AMOUNTING TO MURDER (Sec. 308 IPC/110 BNS),Over Civil Dispute,0,0,0,0,2025-01,0,0.0
69,A - IPC Crime,ATTEMPT TO CULPABLE HOMICIDE NOT AMOUNTING TO MURDER (Sec. 308 IPC/110 BNS),Due to Personal Vendetta or enemity,0,0,0,0,2025-01,0,0.0
70,A - IPC Crime,ATTEMPT TO CULPABLE HOMICIDE NOT AMOUNTING TO MURDER (Sec. 308 IPC/110 BNS),Due to Sexual jealousy,0,0,0,0,2025-01,0,0.0
71,A - IPC Crime,ATTEMPT TO CULPABLE HOMICIDE NOT AMOUNTING TO MURDER (Sec. 308 IPC/110 BNS),For Dowry,0,0,0,0,2025-01,0,0.0
72,A - IPC Crime,ATTEMPT TO CULPABLE HOMICIDE NOT AMOUNTING TO MURDER (Sec. 308 IPC/110 BNS),Due to Communalism,0,0,0,0,2025-01,0,0.0
73,A - IPC Crime,ATTEMPT TO CULPABLE HOMICIDE NOT AMOUNTING TO MURDER (Sec. 308 IPC/110 BNS),Due to Casteism,0,0,0,0,2025-01,0,0.0
74,A - IPC Crime,ATTEMPT TO CULPABLE HOMICIDE NOT AMOUNTING TO MURDER (Sec. 308 IPC/110 BNS),Witch Craft (Sorcery),0,0,0,0,2025-01,0,0.0
75,A - IPC Crime,ATTEMPT TO CULPABLE HOMICIDE NOT AMOUNTING TO MURDER (Sec. 308 IPC/110 BNS),For Human Sacrifice,0,0,0,0,2025-01,0,0.0
76,A - IPC Crime,ATTEMPT TO CULPABLE HOMICIDE NOT AMOUNTING TO MURDER (Sec. 308 IPC/110 BNS),Terrorism /Naxalism / Extremism,0,0,0,0,2025-01,0,0.0
77,A - IPC Crime,ATTEMPT TO CULPABLE HOMICIDE NOT AMOUNTING TO MURDER (Sec. 308 IPC/110 BNS),For Political Reasons,0,0,0,0,2025-01,0,0.0
78,A - IPC Crime,ATTEMPT TO CULPABLE HOMICIDE NOT AMOUNTING TO MURDER (Sec. 308 IPC/110 BNS),Due to Other Causes,3,6,2,3,2025-01,1,50.0
79,A - IPC Crime,ATTEMPT TO CULPABLE HOMICIDE NOT AMOUNTING TO MURDER (Sec. 308 IPC/110 BNS),Adultery,1,0,0,1,2025-01,1,100.0
80,A - IPC Crime,ATTEMPT TO CULPABLE HOMICIDE NOT AMOUNTING TO MURDER (Sec. 308 IPC/110 BNS),Property Disputes,0,0,0,0,2025-01,0,0.0
81,A - IPC Crime,ATTEMPT TO CULPABLE HOMICIDE NOT AMOUNTING TO MURDER (Sec. 308 IPC/110 BNS),Electoral Gain,0,0,0,0,2025-01,0,0.0
82,A - IPC Crime,ATTEMPT TO CULPABLE HOMICIDE NOT AMOUNTING TO MURDER (Sec. 308 IPC/110 BNS),Gang Rivalry,0,0,0,0,2025-01,0,0.0
83,A - IPC Crime,ATTEMPT TO CULPABLE HOMICIDE NOT AMOUNTING TO MURDER (Sec. 308 IPC/110 BNS),Love Intrigue,0,0,0,0,2025-01,0,0.0
84,A - IPC Crime,ATTEMPT TO CULPABLE HOMICIDE NOT AMOUNTING TO MURDER (Sec. 308 IPC/110 BNS),Professional ,0,0,0,0,2025-01,0,0.0
85,A - IPC Crime,ATTEMPT TO CULPABLE HOMICIDE NOT AMOUNTING TO MURDER (Sec. 308 IPC/110 BNS),Sudden Quarrel,1,0,0,1,2025-01,1,100.0
86,A - IPC Crime,"RAPE (Sec.376, 376(A) to 376 (D) IPC/64 TO 71 BNS)",Custodial Rape,0,1,0,0,2025-01,0,0.0
87,A - IPC Crime,"RAPE (Sec.376, 376(A) to 376 (D) IPC/64 TO 71 BNS)",Attempt to Commit,2,0,2,2,2025-01,0,0.0
88,A - IPC Crime,"RAPE (Sec.376, 376(A) to 376 (D) IPC/64 TO 71 BNS)",By a Gang,2,2,1,2,2025-01,1,100.0
89,A - IPC Crime,"RAPE (Sec.376, 376(A) to 376 (D) IPC/64 TO 71 BNS)",By Parents,0,0,0,0,2025-01,0,0.0
90,A - IPC Crime,"RAPE (Sec.376, 376(A) to 376 (D) IPC/64 TO 71 BNS)",By Hospital Staff,0,0,0,0,2025-01,0,0.0
91,A - IPC Crime,"RAPE (Sec.376, 376(A) to 376 (D) IPC/64 TO 71 BNS)",By Husband During Sepearation,0,0,0,0,2025-01,0,0.0
92,A - IPC Crime,"RAPE (Sec.376, 376(A) to 376 (D) IPC/64 TO 71 BNS)",By Neighbours,6,4,0,6,2025-01,6,600.0
93,A - IPC Crime,"RAPE (Sec.376, 376(A) to 376 (D) IPC/64 TO 71 BNS)",By Relatives,3,7,1,3,2025-01,2,200.0
94,A - IPC Crime,"RAPE (Sec.376, 376(A) to 376 (D) IPC/64 TO 71 BNS)",In Jail Custody,0,0,0,0,2025-01,0,0.0
95,A - IPC Crime,"RAPE (Sec.376, 376(A) to 376 (D) IPC/64 TO 71 BNS)",In Remand Home,0,0,0,0,2025-01,0,0.0
96,A - IPC Crime,"RAPE (Sec.376, 376(A) to 376 (D) IPC/64 TO 71 BNS)",InCest,0,0,0,0,2025-01,0,0.0
97,A - IPC Crime,"RAPE (Sec.376, 376(A) to 376 (D) IPC/64 TO 71 BNS)",Known Person,38,27,35,38,2025-01,3,8.571428571428571
98,A - IPC Crime,"RAPE (Sec.376, 376(A) to 376 (D) IPC/64 TO 71 BNS)",Unknown Person,1,0,0,1,2025-01,1,100.0
99,A - IPC Crime,"RAPE (Sec.376, 376(A) to 376 (D) IPC/64 TO 71 BNS)",Due to Other Causes,13,12,19,13,2025-01,-6,-31.57894736842105
100,A - IPC Crime,"RAPE (Sec.376, 376(A) to 376 (D) IPC/64 TO 71 BNS)",On Minor,0,0,0,0,2025-01,0,0.0
101,A - IPC Crime,"KIDNAPPING AND ABDUCTION (Sec.360, 361, 363 to 369 IPC/137(1)(A),137(1)(B),137(2),140 TO 142,97 BNS)",Missing - Boy,243,201,199,243,2025-01,44,22.110552763819097
102,A - IPC Crime,"KIDNAPPING AND ABDUCTION (Sec.360, 361, 363 to 369 IPC/137(1)(A),137(1)(B),137(2),140 TO 142,97 BNS)",Missing - Girl,72,104,79,72,2025-01,-7,-8.860759493670885
103,A - IPC Crime,"KIDNAPPING AND ABDUCTION (Sec.360, 361, 363 to 369 IPC/137(1)(A),137(1)(B),137(2),140 TO 142,97 BNS)",For Ransom - of Children,3,0,1,3,2025-01,2,200.0
104,A - IPC Crime,"KIDNAPPING AND ABDUCTION (Sec.360, 361, 363 to 369 IPC/137(1)(A),137(1)(B),137(2),140 TO 142,97 BNS)",For Ransom - of Cildren for Begging,0,0,0,0,2025-01,0,0.0
105,A - IPC Crime,"KIDNAPPING AND ABDUCTION (Sec.360, 361, 363 to 369 IPC/137(1)(A),137(1)(B),137(2),140 TO 142,97 BNS)",For Ransom - of Women,1,0,0,1,2025-01,1,100.0
106,A - IPC Crime,"KIDNAPPING AND ABDUCTION (Sec.360, 361, 363 to 369 IPC/137(1)(A),137(1)(B),137(2),140 TO 142,97 BNS)",For Ransom - of Girls for Immoral Purpose,0,0,0,0,2025-01,0,0.0
107,A - IPC Crime,"KIDNAPPING AND ABDUCTION (Sec.360, 361, 363 to 369 IPC/137(1)(A),137(1)(B),137(2),140 TO 142,97 BNS)",For Ransom - of  Others,6,9,4,6,2025-01,2,50.0
108,A - IPC Crime,"KIDNAPPING AND ABDUCTION (Sec.360, 361, 363 to 369 IPC/137(1)(A),137(1)(B),137(2),140 TO 142,97 BNS)",Procuration of Minor Girls - For Prostitution,0,0,0,0,2025-01,0,0.0
109,A - IPC Crime,"KIDNAPPING AND ABDUCTION (Sec.360, 361, 363 to 369 IPC/137(1)(A),137(1)(B),137(2),140 TO 142,97 BNS)",Procuration of Minor Girls - Importring of Girl,0,0,0,0,2025-01,0,0.0
110,A - IPC Crime,"KIDNAPPING AND ABDUCTION (Sec.360, 361, 363 to 369 IPC/137(1)(A),137(1)(B),137(2),140 TO 142,97 BNS)",Procuration of Minor Girls - For other Purpose,3,1,2,3,2025-01,1,50.0
111,A - IPC Crime,"KIDNAPPING AND ABDUCTION (Sec.360, 361, 363 to 369 IPC/137(1)(A),137(1)(B),137(2),140 TO 142,97 BNS)",Espionage,0,0,0,0,2025-01,0,0.0
112,A - IPC Crime,"KIDNAPPING AND ABDUCTION (Sec.360, 361, 363 to 369 IPC/137(1)(A),137(1)(B),137(2),140 TO 142,97 BNS)",Intent to Steal From Child,0,0,0,0,2025-01,0,0.0
113,A - IPC Crime,"KIDNAPPING AND ABDUCTION (Sec.360, 361, 363 to 369 IPC/137(1)(A),137(1)(B),137(2),140 TO 142,97 BNS)",Murder (Homicide),0,0,0,0,2025-01,0,0.0
114,A - IPC Crime,"KIDNAPPING AND ABDUCTION (Sec.360, 361, 363 to 369 IPC/137(1)(A),137(1)(B),137(2),140 TO 142,97 BNS)",Obtain Signature Forcibly,0,0,0,0,2025-01,0,0.0
115,A - IPC Crime,"KIDNAPPING AND ABDUCTION (Sec.360, 361, 363 to 369 IPC/137(1)(A),137(1)(B),137(2),140 TO 142,97 BNS)",Recovering Loan,0,1,1,0,2025-01,-1,-100.0
116,A - IPC Crime,"KIDNAPPING AND ABDUCTION (Sec.360, 361, 363 to 369 IPC/137(1)(A),137(1)(B),137(2),140 TO 142,97 BNS)",Settling any Disputes,0,1,0,0,2025-01,0,0.0
117,A - IPC Crime,"KIDNAPPING AND ABDUCTION (Sec.360, 361, 363 to 369 IPC/137(1)(A),137(1)(B),137(2),140 TO 142,97 BNS)",Unnatural Lust / Illicit Intercourse,0,0,0,0,2025-01,0,0.0
118,A - IPC Crime,"KIDNAPPING AND ABDUCTION (Sec.360, 361, 363 to 369 IPC/137(1)(A),137(1)(B),137(2),140 TO 142,97 BNS)",Wrongful Confinement,0,2,3,0,2025-01,-3,-100.0
119,A - IPC Crime,"KIDNAPPING AND ABDUCTION (Sec.360, 361, 363 to 369 IPC/137(1)(A),137(1)(B),137(2),140 TO 142,97 BNS)",For Exporting,0,0,0,0,2025-01,0,0.0
120,A - IPC Crime,"KIDNAPPING AND ABDUCTION (Sec.360, 361, 363 to 369 IPC/137(1)(A),137(1)(B),137(2),140 TO 142,97 BNS)",From Lawful Guardianship,0,0,0,0,2025-01,0,0.0
121,A - IPC Crime,"KIDNAPPING AND ABDUCTION (Sec.360, 361, 363 to 369 IPC/137(1)(A),137(1)(B),137(2),140 TO 142,97 BNS)",For Camel Racing Etc.,0,0,0,0,2025-01,0,0.0
122,A - IPC Crime,"KIDNAPPING AND ABDUCTION (Sec.360, 361, 363 to 369 IPC/137(1)(A),137(1)(B),137(2),140 TO 142,97 BNS)",To Compel For Marriage,1,0,1,1,2025-01,0,0.0
123,A - IPC Crime,"KIDNAPPING AND ABDUCTION (Sec.360, 361, 363 to 369 IPC/137(1)(A),137(1)(B),137(2),140 TO 142,97 BNS)",For Slavery,0,0,0,0,2025-01,0,0.0
124,A - IPC Crime,"KIDNAPPING AND ABDUCTION (Sec.360, 361, 363 to 369 IPC/137(1)(A),137(1)(B),137(2),140 TO 142,97 BNS)",For Stealing From its Person,0,0,0,0,2025-01,0,0.0
125,A - IPC Crime,"KIDNAPPING AND ABDUCTION (Sec.360, 361, 363 to 369 IPC/137(1)(A),137(1)(B),137(2),140 TO 142,97 BNS)",Others,47,34,43,47,2025-01,4,9.30232558139535
126,A - IPC Crime,"DACOITY (Sec. 395 to 398 IPC/310(2),310(4),311,312 BNS)",At ATM,0,0,0,0,2025-01,0,0.0
127,A - IPC Crime,"DACOITY (Sec. 395 to 398 IPC/310(2),310(4),311,312 BNS)",At Residential Premises,3,1,2,3,2025-01,1,50.0
128,A - IPC Crime,"DACOITY (Sec. 395 to 398 IPC/310(2),310(4),311,312 BNS)",On Highways,3,3,5,3,2025-01,-2,-40.0
129,A - IPC Crime,"DACOITY (Sec. 395 to 398 IPC/310(2),310(4),311,312 BNS)",In Trains,0,0,0,0,2025-01,0,0.0
130,A - IPC Crime,"DACOITY (Sec. 395 to 398 IPC/310(2),310(4),311,312 BNS)",At Banks,1,0,0,1,2025-01,1,100.0
131,A - IPC Crime,"DACOITY (Sec. 395 to 398 IPC/310(2),310(4),311,312 BNS)",At Commercial Places / Establishments,1,1,0,1,2025-01,1,100.0
132,A - IPC Crime,"DACOITY (Sec. 395 to 398 IPC/310(2),310(4),311,312 BNS)",On Other Roads,4,4,4,4,2025-01,0,0.0
133,A - IPC Crime,"DACOITY (Sec. 395 to 398 IPC/310(2),310(4),311,312 BNS)",In Other Places,1,8,1,1,2025-01,0,0.0
134,A - IPC Crime,"DACOITY (Sec. 395 to 398 IPC/310(2),310(4),311,312 BNS)",River & Sea,0,0,0,0,2025-01,0,0.0
135,A - IPC Crime,"DACOITY (Sec. 395 to 398 IPC/310(2),310(4),311,312 BNS)",Preparation And Assembly for Dacoity,7,11,6,7,2025-01,1,16.666666666666664
136,A - IPC Crime,"Robbery (Sec.392 to 394 IPC/309(4),309(5),309(6) BNS)",At ATM,0,0,0,0,2025-01,0,0.0
137,A - IPC Crime,"Robbery (Sec.392 to 394 IPC/309(4),309(5),309(6) BNS)",At Residential Premises,16,17,4,16,2025-01,12,300.0
138,A - IPC Crime,"Robbery (Sec.392 to 394 IPC/309(4),309(5),309(6) BNS)",On Highways,5,10,5,5,2025-01,0,0.0
139,A - IPC Crime,"Robbery (Sec.392 to 394 IPC/309(4),309(5),309(6) BNS)",In Trains,0,1,2,0,2025-01,-2,-100.0
140,A - IPC Crime,"Robbery (Sec.392 to 394 IPC/309(4),309(5),309(6) BNS)",At Banks,0,0,0,0,2025-01,0,0.0
141,A - IPC Crime,"Robbery (Sec.392 to 394 IPC/309(4),309(5),309(6) BNS)",At Commercial Places / Establishments,3,9,6,3,2025-01,-3,-50.0
142,A - IPC Crime,"Robbery (Sec.392 to 394 IPC/309(4),309(5),309(6) BNS)",In Other Places,28,78,31,28,2025-01,-3,-9.67741935483871
143,A - IPC Crime,"Robbery (Sec.392 to 394 IPC/309(4),309(5),309(6) BNS)",Chain Snatching,42,54,39,42,2025-01,3,7.6923076923076925
144,A - IPC Crime,"Robbery (Sec.392 to 394 IPC/309(4),309(5),309(6) BNS)",Attempt to Commit,4,5,5,4,2025-01,-1,-20.0
145,A - IPC Crime,"BURGLARY - NIGHT (Sec. 380 IPC R/W 453 TO 460, 462 IPC/305,R/W 331(1) TO 331(8),334(2) BNS)",At Residential Premises,202,237,207,202,2025-01,-5,-2.4154589371980677
146,A - IPC Crime,"BURGLARY - NIGHT (Sec. 380 IPC R/W 453 TO 460, 462 IPC/305,R/W 331(1) TO 331(8),334(2) BNS)",On Highways,0,0,0,0,2025-01,0,0.0
147,A - IPC Crime,"BURGLARY - NIGHT (Sec. 380 IPC R/W 453 TO 460, 462 IPC/305,R/W 331(1) TO 331(8),334(2) BNS)",In Trains,0,0,0,0,2025-01,0,0.0
148,A - IPC Crime,"BURGLARY - NIGHT (Sec. 380 IPC R/W 453 TO 460, 462 IPC/305,R/W 331(1) TO 331(8),334(2) BNS)",At Banks,2,6,2,2,2025-01,0,0.0
149,A - IPC Crime,"BURGLARY - NIGHT (Sec. 380 IPC R/W 453 TO 460, 462 IPC/305,R/W 331(1) TO 331(8),334(2) BNS)",At Commercial Places / Establishments,61,76,58,61,2025-01,3,5.172413793103448
150,A - IPC Crime,"BURGLARY - NIGHT (Sec. 380 IPC R/W 453 TO 460, 462 IPC/305,R/W 331(1) TO 331(8),334(2) BNS)",In Other Places,37,60,43,37,2025-01,-6,-13.953488372093023
151,A - IPC Crime,"BURGLARY - NIGHT (Sec. 380 IPC R/W 453 TO 460, 462 IPC/305,R/W 331(1) TO 331(8),334(2) BNS)",Temple Theft,14,36,26,14,2025-01,-12,-46.15384615384615
152,A - IPC Crime,"BURGLARY - DAY (Sec. 380 IPC R/W 453 TO 460, 462 IPC/305,R/W 331(1) TO 331(8), 334(2) BNS)",At Residential Premises,90,89,84,90,2025-01,6,7.142857142857142
153,A - IPC Crime,"BURGLARY - DAY (Sec. 380 IPC R/W 453 TO 460, 462 IPC/305,R/W 331(1) TO 331(8), 334(2) BNS)",On Highways,0,0,0,0,2025-01,0,0.0
154,A - IPC Crime,"BURGLARY - DAY (Sec. 380 IPC R/W 453 TO 460, 462 IPC/305,R/W 331(1) TO 331(8), 334(2) BNS)",In Trains,0,1,0,0,2025-01,0,0.0
155,A - IPC Crime,"BURGLARY - DAY (Sec. 380 IPC R/W 453 TO 460, 462 IPC/305,R/W 331(1) TO 331(8), 334(2) BNS)",At Banks,0,0,0,0,2025-01,0,0.0
156,A - IPC Crime,"BURGLARY - DAY (Sec. 380 IPC R/W 453 TO 460, 462 IPC/305,R/W 331(1) TO 331(8), 334(2) BNS)",At Commercial Places / Establishments,2,2,2,2,2025-01,0,0.0
157,A - IPC Crime,"BURGLARY - DAY (Sec. 380 IPC R/W 453 TO 460, 462 IPC/305,R/W 331(1) TO 331(8), 334(2) BNS)",In Other Places,2,7,8,2,2025-01,-6,-75.0
158,A - IPC Crime,"BURGLARY - DAY (Sec. 380 IPC R/W 453 TO 460, 462 IPC/305,R/W 331(1) TO 331(8), 334(2) BNS)",Temple Theft,0,2,0,0,2025-01,0,0.0
159,A - IPC Crime,THEFT (Sec.379 to 389 IPC/303(2) TO 308(7) BNS),Attempt to commit,6,5,4,6,2025-01,2,50.0
160,A - IPC Crime,THEFT (Sec.379 to 389 IPC/303(2) TO 308(7) BNS),Of Automobiles - Of Tractors,11,5,11,11,2025-01,0,0.0
161,A - IPC Crime,THEFT (Sec.379 to 389 IPC/303(2) TO 308(7) BNS),In Running Bus,9,0,7,9,2025-01,2,28.57142857142857
162,A - IPC Crime,THEFT (Sec.379 to 389 IPC/303(2) TO 308(7) BNS),Of Snatching,48,0,55,48,2025-01,-7,-12.727272727272727
163,A - IPC Crime,THEFT (Sec.379 to 389 IPC/303(2) TO 308(7) BNS),At ATM,4,1,3,4,2025-01,1,33.33333333333333
164,A - IPC Crime,THEFT (Sec.379 to 389 IPC/303(2) TO 308(7) BNS),Of Sand,116,89,119,116,2025-01,-3,-2.5210084033613445
165,A - IPC Crime,THEFT (Sec.379 to 389 IPC/303(2) TO 308(7) BNS),Government Office,0,0,4,0,2025-01,-4,-100.0
166,A - IPC Crime,THEFT (Sec.379 to 389 IPC/303(2) TO 308(7) BNS),Of Mines,4,0,2,4,2025-01,2,100.0
167,A - IPC Crime,THEFT (Sec.379 to 389 IPC/303(2) TO 308(7) BNS),Communication And Elec. Wire,25,17,23,25,2025-01,2,8.695652173913043
168,A - IPC Crime,THEFT (Sec.379 to 389 IPC/303(2) TO 308(7) BNS),Of Cattle,52,36,34,52,2025-01,18,52.94117647058824
169,A - IPC Crime,THEFT (Sec.379 to 389 IPC/303(2) TO 308(7) BNS),Of Cycle,3,7,2,3,2025-01,1,50.0
170,A - IPC Crime,THEFT (Sec.379 to 389 IPC/303(2) TO 308(7) BNS),Of Automobiles - Of Lorries/Trucks,11,7,7,11,2025-01,4,57.14285714285714
171,A - IPC Crime,THEFT (Sec.379 to 389 IPC/303(2) TO 308(7) BNS),Of Automobiles - Of Buses,2,1,2,2,2025-01,0,0.0
172,A - IPC Crime,THEFT (Sec.379 to 389 IPC/303(2) TO 308(7) BNS),Of Automobiles - Of Cars / Jeeps,18,19,31,18,2025-01,-13,-41.935483870967744
173,A - IPC Crime,THEFT (Sec.379 to 389 IPC/303(2) TO 308(7) BNS),Of Automobiles - Of Two Wheelers ,830,968,841,830,2025-01,-11,-1.3079667063020213
174,A - IPC Crime,THEFT (Sec.379 to 389 IPC/303(2) TO 308(7) BNS),Of Automobies - of Three Wheelers,28,18,30,28,2025-01,-2,-6.666666666666667
175,A - IPC Crime,THEFT (Sec.379 to 389 IPC/303(2) TO 308(7) BNS),Of Accessories of Motor Vehicle,27,26,26,27,2025-01,1,3.8461538461538463
176,A - IPC Crime,THEFT (Sec.379 to 389 IPC/303(2) TO 308(7) BNS),Govt. Vehicle,0,0,0,0,2025-01,0,0.0
177,A - IPC Crime,THEFT (Sec.379 to 389 IPC/303(2) TO 308(7) BNS),"Electronic Goods (Radio, TV, VCR, Acs, Office Automation Equipments)",93,123,99,93,2025-01,-6,-6.0606060606060606
178,A - IPC Crime,THEFT (Sec.379 to 389 IPC/303(2) TO 308(7) BNS),Of Fire Arms,1,0,1,1,2025-01,0,0.0
179,A - IPC Crime,THEFT (Sec.379 to 389 IPC/303(2) TO 308(7) BNS),Of Explosives,0,0,0,0,2025-01,0,0.0
180,A - IPC Crime,THEFT (Sec.379 to 389 IPC/303(2) TO 308(7) BNS),Of Cultural - Idols,0,1,2,0,2025-01,-2,-100.0
181,A - IPC Crime,THEFT (Sec.379 to 389 IPC/303(2) TO 308(7) BNS),Of Cultural - Painting,1,0,1,1,2025-01,0,0.0
182,A - IPC Crime,THEFT (Sec.379 to 389 IPC/303(2) TO 308(7) BNS),Of Cultrual - Others,26,31,22,26,2025-01,4,18.181818181818183
183,A - IPC Crime,THEFT (Sec.379 to 389 IPC/303(2) TO 308(7) BNS),Cash,31,48,51,31,2025-01,-20,-39.21568627450981
184,A - IPC Crime,THEFT (Sec.379 to 389 IPC/303(2) TO 308(7) BNS),Jewellery,111,116,148,111,2025-01,-37,-25.0
185,A - IPC Crime,THEFT (Sec.379 to 389 IPC/303(2) TO 308(7) BNS),Other Items Not Included Above,159,194,157,159,2025-01,2,1.2738853503184715
186,A - IPC Crime,THEFT (Sec.379 to 389 IPC/303(2) TO 308(7) BNS),In Running Train,2,5,6,2,2025-01,-4,-66.66666666666666
187,A - IPC Crime,THEFT (Sec.379 to 389 IPC/303(2) TO 308(7) BNS),Extortion,27,24,22,27,2025-01,5,22.727272727272727
188,A - IPC Crime,THEFT (Sec.379 to 389 IPC/303(2) TO 308(7) BNS),House Theft,145,168,142,145,2025-01,3,2.112676056338028
189,A - IPC Crime,THEFT (Sec.379 to 389 IPC/303(2) TO 308(7) BNS),Servant Theft,47,33,39,47,2025-01,8,20.51282051282051
190,A - IPC Crime,"RIOTS (Sec.141 to 153 IPC/189(1) TO 189(6),191(1)TO 191(3), 190,192,195 BNS))",Land Dispute,85,87,67,85,2025-01,18,26.865671641791046
191,A - IPC Crime,"RIOTS (Sec.141 to 153 IPC/189(1) TO 189(6),191(1)TO 191(3), 190,192,195 BNS))",Employee - Govt.,0,0,0,0,2025-01,0,0.0
192,A - IPC Crime,"RIOTS (Sec.141 to 153 IPC/189(1) TO 189(6),191(1)TO 191(3), 190,192,195 BNS))",Labour - Private Sector,0,0,0,0,2025-01,0,0.0
193,A - IPC Crime,"RIOTS (Sec.141 to 153 IPC/189(1) TO 189(6),191(1)TO 191(3), 190,192,195 BNS))",Labour - Public Sector,0,0,0,0,2025-01,0,0.0
194,A - IPC Crime,"RIOTS (Sec.141 to 153 IPC/189(1) TO 189(6),191(1)TO 191(3), 190,192,195 BNS))",Linguistic,0,1,0,0,2025-01,0,0.0
195,A - IPC Crime,"RIOTS (Sec.141 to 153 IPC/189(1) TO 189(6),191(1)TO 191(3), 190,192,195 BNS))",Political ,0,0,7,0,2025-01,-7,-100.0
196,A - IPC Crime,"RIOTS (Sec.141 to 153 IPC/189(1) TO 189(6),191(1)TO 191(3), 190,192,195 BNS))",Regional,0,0,0,0,2025-01,0,0.0
197,A - IPC Crime,"RIOTS (Sec.141 to 153 IPC/189(1) TO 189(6),191(1)TO 191(3), 190,192,195 BNS))",Sectarian,0,0,0,0,2025-01,0,0.0
198,A - IPC Crime,"RIOTS (Sec.141 to 153 IPC/189(1) TO 189(6),191(1)TO 191(3), 190,192,195 BNS))",Students,0,3,0,0,2025-01,0,0.0
199,A - IPC Crime,"RIOTS (Sec.141 to 153 IPC/189(1) TO 189(6),191(1)TO 191(3), 190,192,195 BNS))",Tribal,0,0,0,0,2025-01,0,0.0
200,A - IPC Crime,"RIOTS (Sec.141 to 153 IPC/189(1) TO 189(6),191(1)TO 191(3), 190,192,195 BNS))",Due to Village Disputes,1,1,0,1,2025-01,1,100.0
201,A - IPC Crime,"RIOTS (Sec.141 to 153 IPC/189(1) TO 189(6),191(1)TO 191(3), 190,192,195 BNS))",Communal,1,1,0,1,2025-01,1,100.0
202,A - IPC Crime,"RIOTS (Sec.141 to 153 IPC/189(1) TO 189(6),191(1)TO 191(3), 190,192,195 BNS))",Industrial,0,0,0,0,2025-01,0,0.0
203,A - IPC Crime,"RIOTS (Sec.141 to 153 IPC/189(1) TO 189(6),191(1)TO 191(3), 190,192,195 BNS))",Caste,0,0,0,0,2025-01,0,0.0
204,A - IPC Crime,"RIOTS (Sec.141 to 153 IPC/189(1) TO 189(6),191(1)TO 191(3), 190,192,195 BNS))",Agrarian,0,0,0,0,2025-01,0,0.0
205,A - IPC Crime,"RIOTS (Sec.141 to 153 IPC/189(1) TO 189(6),191(1)TO 191(3), 190,192,195 BNS))",Others,173,208,173,173,2025-01,0,0.0
206,A - IPC Crime,"OFFENCES AGAINST STATE (Sec. 121 to 130, except 124(A) IPC/147 TO 158 BNS)",ALL / NOT SPECIFIED,0,0,0,0,2025-01,0,0.0
207,A - IPC Crime,"OFFENCES PROMOTING ENEMITY (Sec. 153(A), 154(B) & 505 IPC/196, 197 & 353 BNS",ALL / NOT SPECIFIED,3,16,8,3,2025-01,-5,-62.5
208,A - IPC Crime,CRIMINAL BREACH OF TRUST (Sec. 406 to 409 IPC/316(2) to 316(5) BNS),ALL / NOT SPECIFIED,52,50,57,52,2025-01,-5,-8.771929824561402
209,A - IPC Crime,"CHEATING (Sec.417 to 420 IPC/318(2)to 318(4), 319(2) BNS)",ALL / NOT SPECIFIED,515,625,557,515,2025-01,-42,-7.5403949730700175
210,A - IPC Crime,"COUNTERFEITING (Sec. 231 to 263 (A), 489(A) to 489 (E) IPC/178 TO 185 BNS)","Stock Share, Debentrue Certificate",0,0,0,0,2025-01,0,0.0
211,A - IPC Crime,"COUNTERFEITING (Sec. 231 to 263 (A), 489(A) to 489 (E) IPC/178 TO 185 BNS)",Usage of Counterfeit Stamp,0,0,0,0,2025-01,0,0.0
212,A - IPC Crime,"COUNTERFEITING (Sec. 231 to 263 (A), 489(A) to 489 (E) IPC/178 TO 185 BNS)",Of Coins (Sec 231 to 254 IPC),0,0,0,0,2025-01,0,0.0
213,A - IPC Crime,"COUNTERFEITING (Sec. 231 to 263 (A), 489(A) to 489 (E) IPC/178 TO 185 BNS)",Of Stamps (Sec.255 to 263(A) IPC),0,0,0,0,2025-01,0,0.0
214,A - IPC Crime,"COUNTERFEITING (Sec. 231 to 263 (A), 489(A) to 489 (E) IPC/178 TO 185 BNS)",Of Currency Notes And Bank Notes (Sec. 489 (A) to 489 (E) IPC),4,2,1,4,2025-01,3,300.0
215,A - IPC Crime,"COUNTERFEITING (Sec. 231 to 263 (A), 489(A) to 489 (E) IPC/178 TO 185 BNS)",Of Others,0,1,0,0,2025-01,0,0.0
216,A - IPC Crime,"FORGERY (Sec. 465, 468, 471, 473, 476, 477 & 477(A) IPC/336(2),336(3),340(2),341(2),342(2),343,
344 BNS)",Forgery  ,40,32,43,40,2025-01,-3,-6.976744186046512
217,A - IPC Crime,"FORGERY (Sec. 465, 468, 471, 473, 476, 477 & 477(A) IPC/336(2),336(3),340(2),341(2),342(2),343,
344 BNS)",Organised (Racket),0,1,0,0,2025-01,0,0.0
218,A - IPC Crime,"FORGERY (Sec. 465, 468, 471, 473, 476, 477 & 477(A) IPC/336(2),336(3),340(2),341(2),342(2),343,
344 BNS)",Forgery of Passport,0,0,1,0,2025-01,-1,-100.0
219,A - IPC Crime,"FORGERY (Sec. 465, 468, 471, 473, 476, 477 & 477(A) IPC/336(2),336(3),340(2),341(2),342(2),343,
344 BNS)",Other Forgery,19,10,11,19,2025-01,8,72.72727272727273
220,A - IPC Crime,"CASES OF HURT (Sec. 323 to 335 IPC except 328, 332, 333/115(2) TO 122(2) EXCEPT 121(1),121(2) BNS)",Acid Attack (326(a)),0,1,0,0,2025-01,0,0.0
221,A - IPC Crime,"CASES OF HURT (Sec. 323 to 335 IPC except 328, 332, 333/115(2) TO 122(2) EXCEPT 121(1),121(2) BNS)",Attempt to Acid Attack (326(b)),0,1,0,0,2025-01,0,0.0
222,A - IPC Crime,"CASES OF HURT (Sec. 323 to 335 IPC except 328, 332, 333/115(2) TO 122(2) EXCEPT 121(1),121(2) BNS)",Grievous Hurt,86,101,93,86,2025-01,-7,-7.526881720430108
223,A - IPC Crime,"CASES OF HURT (Sec. 323 to 335 IPC except 328, 332, 333/115(2) TO 122(2) EXCEPT 121(1),121(2) BNS)",Simple Hurt,1228,1283,1206,1228,2025-01,22,1.8242122719734661
224,A - IPC Crime,"CASES OF HURT (Sec. 323 to 335 IPC except 328, 332, 333/115(2) TO 122(2) EXCEPT 121(1),121(2) BNS)",Custodial,0,1,1,0,2025-01,-1,-100.0
225,A - IPC Crime,"ADULTERATION (Sec. 272, 273 to 276 IPC/274,275 TO 278 BNS)",Attempt to Commit,0,0,0,0,2025-01,0,0.0
226,A - IPC Crime,"ADULTERATION (Sec. 272, 273 to 276 IPC/274,275 TO 278 BNS)",Alcoholic Drink (Liquor),1,0,0,1,2025-01,1,100.0
227,A - IPC Crime,"ADULTERATION (Sec. 272, 273 to 276 IPC/274,275 TO 278 BNS)",Cement & Chemical/Fertiliser,0,0,0,0,2025-01,0,0.0
228,A - IPC Crime,"ADULTERATION (Sec. 272, 273 to 276 IPC/274,275 TO 278 BNS)",Cosmetics,0,0,0,0,2025-01,0,0.0
229,A - IPC Crime,"ADULTERATION (Sec. 272, 273 to 276 IPC/274,275 TO 278 BNS)",Diesel,0,0,0,0,2025-01,0,0.0
230,A - IPC Crime,"ADULTERATION (Sec. 272, 273 to 276 IPC/274,275 TO 278 BNS)",Drug/Medicine,0,0,0,0,2025-01,0,0.0
231,A - IPC Crime,"ADULTERATION (Sec. 272, 273 to 276 IPC/274,275 TO 278 BNS)",Edible Oil,0,0,0,0,2025-01,0,0.0
232,A - IPC Crime,"ADULTERATION (Sec. 272, 273 to 276 IPC/274,275 TO 278 BNS)",Food Grain,1,0,0,1,2025-01,1,100.0
233,A - IPC Crime,"ADULTERATION (Sec. 272, 273 to 276 IPC/274,275 TO 278 BNS)",Kerosene,0,0,0,0,2025-01,0,0.0
234,A - IPC Crime,"ADULTERATION (Sec. 272, 273 to 276 IPC/274,275 TO 278 BNS)",Life Saving Drug,0,0,0,0,2025-01,0,0.0
235,A - IPC Crime,"ADULTERATION (Sec. 272, 273 to 276 IPC/274,275 TO 278 BNS)",Mobile Oil,0,0,0,0,2025-01,0,0.0
236,A - IPC Crime,"ADULTERATION (Sec. 272, 273 to 276 IPC/274,275 TO 278 BNS)",Petrol,0,0,0,0,2025-01,0,0.0
237,A - IPC Crime,"ADULTERATION (Sec. 272, 273 to 276 IPC/274,275 TO 278 BNS)",Petroleum Product,0,0,0,0,2025-01,0,0.0
238,A - IPC Crime,"ADULTERATION (Sec. 272, 273 to 276 IPC/274,275 TO 278 BNS)",Soft Drinks,0,0,0,0,2025-01,0,0.0
239,A - IPC Crime,"ADULTERATION (Sec. 272, 273 to 276 IPC/274,275 TO 278 BNS)",Spices,0,0,0,0,2025-01,0,0.0
240,A - IPC Crime,"ADULTERATION (Sec. 272, 273 to 276 IPC/274,275 TO 278 BNS)",Others,0,0,0,0,2025-01,0,0.0
241,A - IPC Crime,AFFRAY (Sec. 160 IPC/194(2) BNS),ALL / NOT SPECIFIED,47,39,34,47,2025-01,13,38.23529411764706
242,A - IPC Crime,"ARSON (Sec. 435, 436, 438 IPC/326(f),326(g),327(g) BNS)",Agricultural Produce,5,2,4,5,2025-01,1,25.0
243,A - IPC Crime,"ARSON (Sec. 435, 436, 438 IPC/326(f),326(g),327(g) BNS)",Attemp to Commit,0,0,0,0,2025-01,0,0.0
244,A - IPC Crime,"ARSON (Sec. 435, 436, 438 IPC/326(f),326(g),327(g) BNS)",Boat / Ship,0,0,0,0,2025-01,0,0.0
245,A - IPC Crime,"ARSON (Sec. 435, 436, 438 IPC/326(f),326(g),327(g) BNS)",Dwelling House,0,3,0,0,2025-01,0,0.0
246,A - IPC Crime,"ARSON (Sec. 435, 436, 438 IPC/326(f),326(g),327(g) BNS)",Educational Institution,0,1,0,0,2025-01,0,0.0
247,A - IPC Crime,"ARSON (Sec. 435, 436, 438 IPC/326(f),326(g),327(g) BNS)",Govt. Property,0,1,0,0,2025-01,0,0.0
248,A - IPC Crime,"ARSON (Sec. 435, 436, 438 IPC/326(f),326(g),327(g) BNS)",Industrial Establishment,0,0,0,0,2025-01,0,0.0
249,A - IPC Crime,"ARSON (Sec. 435, 436, 438 IPC/326(f),326(g),327(g) BNS)",Place of worship,0,0,0,0,2025-01,0,0.0
250,A - IPC Crime,"ARSON (Sec. 435, 436, 438 IPC/326(f),326(g),327(g) BNS)",Public Place,1,1,0,1,2025-01,1,100.0
251,A - IPC Crime,"ARSON (Sec. 435, 436, 438 IPC/326(f),326(g),327(g) BNS)",Railway Property,0,0,0,0,2025-01,0,0.0
252,A - IPC Crime,"ARSON (Sec. 435, 436, 438 IPC/326(f),326(g),327(g) BNS)",Vital Installation,0,0,0,0,2025-01,0,0.0
253,A - IPC Crime,"ARSON (Sec. 435, 436, 438 IPC/326(f),326(g),327(g) BNS)",Warehouse (Godown),0,0,0,0,2025-01,0,0.0
254,A - IPC Crime,"ARSON (Sec. 435, 436, 438 IPC/326(f),326(g),327(g) BNS)",Others,11,9,11,11,2025-01,0,0.0
255,A - IPC Crime,"ASSAULT (Sec 356, 357 IPC/134,135 BNS)",Attempt To Commit,1,0,0,1,2025-01,1,100.0
256,A - IPC Crime,"ASSAULT (Sec 356, 357 IPC/134,135 BNS)",On Contractor,0,0,0,0,2025-01,0,0.0
257,A - IPC Crime,"ASSAULT (Sec 356, 357 IPC/134,135 BNS)",On Domestic Servant,0,0,0,0,2025-01,0,0.0
258,A - IPC Crime,"ASSAULT (Sec 356, 357 IPC/134,135 BNS)",On Labourer,0,0,0,0,2025-01,0,0.0
259,A - IPC Crime,"ASSAULT (Sec 356, 357 IPC/134,135 BNS)",On Man (General),2,2,0,2,2025-01,2,200.0
260,A - IPC Crime,"ASSAULT (Sec 356, 357 IPC/134,135 BNS)",On Man (SC),0,1,0,0,2025-01,0,0.0
261,A - IPC Crime,"ASSAULT (Sec 356, 357 IPC/134,135 BNS)",On Man (ST),0,0,0,0,2025-01,0,0.0
262,A - IPC Crime,"ASSAULT (Sec 356, 357 IPC/134,135 BNS)",On Manager/Executive (Other Than Public Servant),0,0,0,0,2025-01,0,0.0
263,A - IPC Crime,"ASSAULT (Sec 356, 357 IPC/134,135 BNS)","On Member of Clergy (Christian, Budhist, Jain, Sikh)",0,0,0,0,2025-01,0,0.0
264,A - IPC Crime,"ASSAULT (Sec 356, 357 IPC/134,135 BNS)",Member of Legislative Assembly / Council (MLA/MLC),0,0,0,0,2025-01,0,0.0
265,A - IPC Crime,"ASSAULT (Sec 356, 357 IPC/134,135 BNS)",On Member of Parliament (MP),0,0,0,0,2025-01,0,0.0
266,A - IPC Crime,"ASSAULT (Sec 356, 357 IPC/134,135 BNS)",On other Dignitaries /Public Figures,0,1,0,0,2025-01,0,0.0
267,A - IPC Crime,"ASSAULT (Sec 356, 357 IPC/134,135 BNS)",On Press,0,1,0,0,2025-01,0,0.0
268,A - IPC Crime,"ASSAULT (Sec 356, 357 IPC/134,135 BNS)",On Professional ,0,0,0,0,2025-01,0,0.0
269,A - IPC Crime,"ASSAULT (Sec 356, 357 IPC/134,135 BNS)",On Public Servant,0,0,0,0,2025-01,0,0.0
270,A - IPC Crime,"ASSAULT (Sec 356, 357 IPC/134,135 BNS)",On Student,0,0,0,0,2025-01,0,0.0
271,A - IPC Crime,"ASSAULT (Sec 356, 357 IPC/134,135 BNS)",On Teacher,0,0,0,0,2025-01,0,0.0
272,A - IPC Crime,"ASSAULT (Sec 356, 357 IPC/134,135 BNS)",On Women (General),0,0,0,0,2025-01,0,0.0
273,A - IPC Crime,"ASSAULT (Sec 356, 357 IPC/134,135 BNS)",On Woman (SC),0,0,0,0,2025-01,0,0.0
274,A - IPC Crime,"ASSAULT (Sec 356, 357 IPC/134,135 BNS)",On Woman (ST),0,0,0,0,2025-01,0,0.0
275,A - IPC Crime,COMMUNAL / RELIGION (Sec. 295 to 297 IPC/298 TO 301 BNS),Attempt to Commit,0,0,1,0,2025-01,-1,-100.0
276,A - IPC Crime,COMMUNAL / RELIGION (Sec. 295 to 297 IPC/298 TO 301 BNS),Caste Issue,1,2,0,1,2025-01,1,100.0
277,A - IPC Crime,COMMUNAL / RELIGION (Sec. 295 to 297 IPC/298 TO 301 BNS),Communal Issue,1,17,6,1,2025-01,-5,-83.33333333333334
278,A - IPC Crime,COMMUNAL / RELIGION (Sec. 295 to 297 IPC/298 TO 301 BNS),Linguistic Issue,0,0,0,0,2025-01,0,0.0
279,A - IPC Crime,COMMUNAL / RELIGION (Sec. 295 to 297 IPC/298 TO 301 BNS),Political Issue,0,0,0,0,2025-01,0,0.0
280,A - IPC Crime,COMMUNAL / RELIGION (Sec. 295 to 297 IPC/298 TO 301 BNS),Racial/Ethnic Issue,0,0,0,0,2025-01,0,0.0
281,A - IPC Crime,COMMUNAL / RELIGION (Sec. 295 to 297 IPC/298 TO 301 BNS),Regional Issue,2,5,2,2,2025-01,0,0.0
282,A - IPC Crime,COMMUNAL / RELIGION (Sec. 295 to 297 IPC/298 TO 301 BNS),Religious Issue,11,23,13,11,2025-01,-2,-15.384615384615385
283,A - IPC Crime,COMMUNAL / RELIGION (Sec. 295 to 297 IPC/298 TO 301 BNS),Sectarian Issue,0,0,0,0,2025-01,0,0.0
284,A - IPC Crime,COMMUNAL / RELIGION (Sec. 295 to 297 IPC/298 TO 301 BNS),Others,6,10,6,6,2025-01,0,0.0
285,A - IPC Crime,"CRIMINAL CONSPIRACY (Sec. 120(B), 121(A) IPC/61(2),148 BNS)",Conspiracy To Wage War,0,0,0,0,2025-01,0,0.0
286,A - IPC Crime,"CRIMINAL CONSPIRACY (Sec. 120(B), 121(A) IPC/61(2),148 BNS)",Related to Substantive Offence,0,0,0,0,2025-01,0,0.0
287,A - IPC Crime,"CRIMINAL CONSPIRACY (Sec. 120(B), 121(A) IPC/61(2),148 BNS)",Others,1,0,0,1,2025-01,1,100.0
288,A - IPC Crime,CRIMINAL INTIMIDATION (Sec. 504 to 508 IPC/352 TO 354 BNS),ALL / NOT SPECIFIED,226,211,224,226,2025-01,2,0.8928571428571428
289,A - IPC Crime,"CRIMINAL MISAPPROPRIATION (Sec. 403, 404 IPC/314,315 BNS)",Attempt to Commit,0,0,0,0,2025-01,0,0.0
290,A - IPC Crime,"CRIMINAL MISAPPROPRIATION (Sec. 403, 404 IPC/314,315 BNS)",Bank,0,0,0,0,2025-01,0,0.0
291,A - IPC Crime,"CRIMINAL MISAPPROPRIATION (Sec. 403, 404 IPC/314,315 BNS)",Business Establishment,1,0,0,1,2025-01,1,100.0
292,A - IPC Crime,"CRIMINAL MISAPPROPRIATION (Sec. 403, 404 IPC/314,315 BNS)",Charitable Organisation,0,0,0,0,2025-01,0,0.0
293,A - IPC Crime,"CRIMINAL MISAPPROPRIATION (Sec. 403, 404 IPC/314,315 BNS)",Chitfund Organisation,0,0,0,0,2025-01,0,0.0
294,A - IPC Crime,"CRIMINAL MISAPPROPRIATION (Sec. 403, 404 IPC/314,315 BNS)",Co-operative Organisation,0,0,0,0,2025-01,0,0.0
295,A - IPC Crime,"CRIMINAL MISAPPROPRIATION (Sec. 403, 404 IPC/314,315 BNS)",Commercial Establishment/Shop,0,0,0,0,2025-01,0,0.0
296,A - IPC Crime,"CRIMINAL MISAPPROPRIATION (Sec. 403, 404 IPC/314,315 BNS)",Customs Department,0,0,0,0,2025-01,0,0.0
297,A - IPC Crime,"CRIMINAL MISAPPROPRIATION (Sec. 403, 404 IPC/314,315 BNS)",Excise Department,0,0,0,0,2025-01,0,0.0
298,A - IPC Crime,"CRIMINAL MISAPPROPRIATION (Sec. 403, 404 IPC/314,315 BNS)",Financial Institution,0,0,0,0,2025-01,0,0.0
299,A - IPC Crime,"CRIMINAL MISAPPROPRIATION (Sec. 403, 404 IPC/314,315 BNS)",Income Tax Department,0,0,0,0,2025-01,0,0.0
300,A - IPC Crime,"CRIMINAL MISAPPROPRIATION (Sec. 403, 404 IPC/314,315 BNS)",Other Government Organisation,0,0,1,0,2025-01,-1,-100.0
301,A - IPC Crime,"CRIMINAL MISAPPROPRIATION (Sec. 403, 404 IPC/314,315 BNS)",Postal Department,0,0,0,0,2025-01,0,0.0
302,A - IPC Crime,"CRIMINAL MISAPPROPRIATION (Sec. 403, 404 IPC/314,315 BNS)",Public Sector Undertakings,0,0,0,0,2025-01,0,0.0
303,A - IPC Crime,"CRIMINAL MISAPPROPRIATION (Sec. 403, 404 IPC/314,315 BNS)",Railway Department,0,0,0,0,2025-01,0,0.0
304,A - IPC Crime,"CRIMINAL MISAPPROPRIATION (Sec. 403, 404 IPC/314,315 BNS)",Revenue Department,0,0,0,0,2025-01,0,0.0
305,A - IPC Crime,"CRIMINAL MISAPPROPRIATION (Sec. 403, 404 IPC/314,315 BNS)",Sales Tax Department,0,0,0,0,2025-01,0,0.0
306,A - IPC Crime,"CRIMINAL MISAPPROPRIATION (Sec. 403, 404 IPC/314,315 BNS)",Social Organisation (Aided) (N),0,0,0,0,2025-01,0,0.0
307,A - IPC Crime,"CRIMINAL MISAPPROPRIATION (Sec. 403, 404 IPC/314,315 BNS)",Transport Authority,0,0,0,0,2025-01,0,0.0
308,A - IPC Crime,"CRIMINAL MISAPPROPRIATION (Sec. 403, 404 IPC/314,315 BNS)",Trust - Other than religious,0,0,0,0,2025-01,0,0.0
309,A - IPC Crime,"CRIMINAL MISAPPROPRIATION (Sec. 403, 404 IPC/314,315 BNS)",Trust - Religious,0,0,0,0,2025-01,0,0.0
310,A - IPC Crime,"CRIMINAL MISAPPROPRIATION (Sec. 403, 404 IPC/314,315 BNS)",Others,1,1,2,1,2025-01,-1,-50.0
311,A - IPC Crime,CRIMINAL TRESPASS (Sec.447 to 452 IPC/329(3) TO 333 BNS),Attempt to Commit,1,1,0,1,2025-01,1,100.0
312,A - IPC Crime,CRIMINAL TRESPASS (Sec.447 to 452 IPC/329(3) TO 333 BNS),Club,0,0,0,0,2025-01,0,0.0
313,A - IPC Crime,CRIMINAL TRESPASS (Sec.447 to 452 IPC/329(3) TO 333 BNS),Hostel,1,0,1,1,2025-01,0,0.0
314,A - IPC Crime,CRIMINAL TRESPASS (Sec.447 to 452 IPC/329(3) TO 333 BNS),Hotel,1,1,0,1,2025-01,1,100.0
315,A - IPC Crime,CRIMINAL TRESPASS (Sec.447 to 452 IPC/329(3) TO 333 BNS),House,64,54,55,64,2025-01,9,16.363636363636363
316,A - IPC Crime,CRIMINAL TRESPASS (Sec.447 to 452 IPC/329(3) TO 333 BNS),Land,145,131,128,145,2025-01,17,13.28125
317,A - IPC Crime,CRIMINAL TRESPASS (Sec.447 to 452 IPC/329(3) TO 333 BNS),Office,4,3,7,4,2025-01,-3,-42.857142857142854
318,A - IPC Crime,CRIMINAL TRESPASS (Sec.447 to 452 IPC/329(3) TO 333 BNS),Prohibited Places,1,3,2,1,2025-01,-1,-50.0
319,A - IPC Crime,CRIMINAL TRESPASS (Sec.447 to 452 IPC/329(3) TO 333 BNS),Religious Place,1,2,2,1,2025-01,-1,-50.0
320,A - IPC Crime,CRIMINAL TRESPASS (Sec.447 to 452 IPC/329(3) TO 333 BNS),Restricted Area,0,2,1,0,2025-01,-1,-100.0
321,A - IPC Crime,CRIMINAL TRESPASS (Sec.447 to 452 IPC/329(3) TO 333 BNS),Others,19,23,18,19,2025-01,1,5.555555555555555
322,A - IPC Crime,CRIMINAL TRESPASS (Sec.447 to 452 IPC/329(3) TO 333 BNS),CRUELTY BY HUSBAND (Sec. 498(A) IPC/85 BNS),0,0,0,0,2025-01,0,0.0
323,A - IPC Crime,CRIMINAL TRESPASS (Sec.447 to 452 IPC/329(3) TO 333 BNS),Husband ,98,87,79,98,2025-01,19,24.050632911392405
324,A - IPC Crime,CRIMINAL TRESPASS (Sec.447 to 452 IPC/329(3) TO 333 BNS),Husband And Relative(S) in Law,90,109,103,90,2025-01,-13,-12.62135922330097
325,A - IPC Crime,CRIMINAL TRESPASS (Sec.447 to 452 IPC/329(3) TO 333 BNS),Relative(S) in Law,2,1,1,2,2025-01,1,100.0
326,A - IPC Crime,CRIMINAL TRESPASS (Sec.447 to 452 IPC/329(3) TO 333 BNS),Dowry Harassment,62,27,29,62,2025-01,33,113.79310344827587
327,A - IPC Crime,CRIMINAL TRESPASS (Sec.447 to 452 IPC/329(3) TO 333 BNS),Prevention of Gaming,0,0,0,0,2025-01,0,0.0
328,A - IPC Crime,DOWRY DEATHS (Sec.304(B) IPC/80 BNS),By Husband  ,0,0,1,0,2025-01,-1,-100.0
329,A - IPC Crime,DOWRY DEATHS (Sec.304(B) IPC/80 BNS),By Husband And Relatives In Law,5,2,3,5,2025-01,2,66.66666666666666
330,A - IPC Crime,DOWRY DEATHS (Sec.304(B) IPC/80 BNS),By Relatives in Law,0,0,0,0,2025-01,0,0.0
331,A - IPC Crime,DOWRY DEATHS (Sec.304(B) IPC/80 BNS),By Burning,0,0,0,0,2025-01,0,0.0
332,A - IPC Crime,DOWRY DEATHS (Sec.304(B) IPC/80 BNS),By Hanging,6,3,1,6,2025-01,5,500.0
333,A - IPC Crime,DOWRY DEATHS (Sec.304(B) IPC/80 BNS),By Other Means,0,0,1,0,2025-01,-1,-100.0
334,A - IPC Crime,DEATHS DUE TO RASHNESS/NEGLIGENCE (Sec.304(A) IPC/106 BNS),Electrocution,1,2,1,1,2025-01,0,0.0
335,A - IPC Crime,DEATHS DUE TO RASHNESS/NEGLIGENCE (Sec.304(A) IPC/106 BNS),Adulterated Food/Drug,0,0,0,0,2025-01,0,0.0
336,A - IPC Crime,DEATHS DUE TO RASHNESS/NEGLIGENCE (Sec.304(A) IPC/106 BNS),Accident by Air,0,0,0,0,2025-01,0,0.0
337,A - IPC Crime,DEATHS DUE TO RASHNESS/NEGLIGENCE (Sec.304(A) IPC/106 BNS),Boad Accident,0,0,0,0,2025-01,0,0.0
338,A - IPC Crime,DEATHS DUE TO RASHNESS/NEGLIGENCE (Sec.304(A) IPC/106 BNS),Bridge/Dam Collapse,0,0,0,0,2025-01,0,0.0
339,A - IPC Crime,DEATHS DUE TO RASHNESS/NEGLIGENCE (Sec.304(A) IPC/106 BNS),Building Collapse,0,1,0,0,2025-01,0,0.0
340,A - IPC Crime,DEATHS DUE TO RASHNESS/NEGLIGENCE (Sec.304(A) IPC/106 BNS),Caused By Animal,0,0,0,0,2025-01,0,0.0
341,A - IPC Crime,DEATHS DUE TO RASHNESS/NEGLIGENCE (Sec.304(A) IPC/106 BNS),Death Due to Other Cause,6,9,8,6,2025-01,-2,-25.0
342,A - IPC Crime,DEATHS DUE TO RASHNESS/NEGLIGENCE (Sec.304(A) IPC/106 BNS),Electrocution Accident,1,3,4,1,2025-01,-3,-75.0
343,A - IPC Crime,DEATHS DUE TO RASHNESS/NEGLIGENCE (Sec.304(A) IPC/106 BNS),Explosion Accident,0,0,0,0,2025-01,0,0.0
344,A - IPC Crime,DEATHS DUE TO RASHNESS/NEGLIGENCE (Sec.304(A) IPC/106 BNS),Fire accident,0,1,0,0,2025-01,0,0.0
345,A - IPC Crime,DEATHS DUE TO RASHNESS/NEGLIGENCE (Sec.304(A) IPC/106 BNS),Gas Leakage Accident,0,0,0,0,2025-01,0,0.0
346,A - IPC Crime,DEATHS DUE TO RASHNESS/NEGLIGENCE (Sec.304(A) IPC/106 BNS),Improper Infrastucture In Construction,7,7,14,7,2025-01,-7,-50.0
347,A - IPC Crime,DEATHS DUE TO RASHNESS/NEGLIGENCE (Sec.304(A) IPC/106 BNS),Improper Medical Treatment,0,1,0,0,2025-01,0,0.0
348,A - IPC Crime,DEATHS DUE TO RASHNESS/NEGLIGENCE (Sec.304(A) IPC/106 BNS),In Custody of Public Servant,0,0,0,0,2025-01,0,0.0
349,A - IPC Crime,DEATHS DUE TO RASHNESS/NEGLIGENCE (Sec.304(A) IPC/106 BNS),In Jail/Judicial Custody,0,0,0,0,2025-01,0,0.0
350,A - IPC Crime,DEATHS DUE TO RASHNESS/NEGLIGENCE (Sec.304(A) IPC/106 BNS),In Police Custody,0,0,0,0,2025-01,0,0.0
351,A - IPC Crime,DEATHS DUE TO RASHNESS/NEGLIGENCE (Sec.304(A) IPC/106 BNS),Industrial Accident (Factory),0,0,0,0,2025-01,0,0.0
352,A - IPC Crime,DEATHS DUE TO RASHNESS/NEGLIGENCE (Sec.304(A) IPC/106 BNS),Inflammable Substance,0,0,0,0,2025-01,0,0.0
353,A - IPC Crime,DEATHS DUE TO RASHNESS/NEGLIGENCE (Sec.304(A) IPC/106 BNS),Mine Accident,0,0,0,0,2025-01,0,0.0
354,A - IPC Crime,DEATHS DUE TO RASHNESS/NEGLIGENCE (Sec.304(A) IPC/106 BNS),Poisonous Substance,0,0,0,0,2025-01,0,0.0
355,A - IPC Crime,DEATHS DUE TO RASHNESS/NEGLIGENCE (Sec.304(A) IPC/106 BNS),Quarry Accident,0,0,0,0,2025-01,0,0.0
356,A - IPC Crime,DEATHS DUE TO RASHNESS/NEGLIGENCE (Sec.304(A) IPC/106 BNS),Spurious Liquor (Hooch) Accident,0,0,0,0,2025-01,0,0.0
357,A - IPC Crime,DEATHS DUE TO RASHNESS/NEGLIGENCE (Sec.304(A) IPC/106 BNS),Railway Accident,0,0,0,0,2025-01,0,0.0
358,A - IPC Crime,DEATHS DUE TO RASHNESS/NEGLIGENCE (Sec.304(A) IPC/106 BNS),Others,2,4,8,2,2025-01,-6,-75.0
359,A - IPC Crime,MOTOR VEHICLE ACCIDENTS FATAL (Sec.304(A) IPC/106 BNS),National Highways,305,324,341,305,2025-01,-36,-10.557184750733137
360,A - IPC Crime,MOTOR VEHICLE ACCIDENTS FATAL (Sec.304(A) IPC/106 BNS),State Highways,261,307,332,261,2025-01,-71,-21.385542168674696
361,A - IPC Crime,MOTOR VEHICLE ACCIDENTS FATAL (Sec.304(A) IPC/106 BNS),Other Roads,361,419,378,361,2025-01,-17,-4.497354497354497
362,A - IPC Crime,MOTOR VEHICLE ACCIDENTS FATAL (Sec.304(A) IPC/106 BNS),Other Places,8,21,15,8,2025-01,-7,-46.666666666666664
363,A - IPC Crime,"MOTOR VEHICLE ACCIDENTS NON-FATAL (Sec.279, 337, 338 IPC/281,125(a),125(b) BNS)",National Highways,985,819,899,985,2025-01,86,9.56618464961068
364,A - IPC Crime,"MOTOR VEHICLE ACCIDENTS NON-FATAL (Sec.279, 337, 338 IPC/281,125(a),125(b) BNS)",State Highways,695,627,636,695,2025-01,59,9.276729559748427
365,A - IPC Crime,"MOTOR VEHICLE ACCIDENTS NON-FATAL (Sec.279, 337, 338 IPC/281,125(a),125(b) BNS)",Other Roads,1195,1229,1211,1195,2025-01,-16,-1.3212221304706853
366,A - IPC Crime,"MOTOR VEHICLE ACCIDENTS NON-FATAL (Sec.279, 337, 338 IPC/281,125(a),125(b) BNS)",Other Places,51,39,36,51,2025-01,15,41.66666666666667
367,A - IPC Crime,"DEATHS-MISCARRIAGE (Sec.312, 313, 314 IPC/88,89,90 BNS)",Child,0,3,0,0,2025-01,0,0.0
368,A - IPC Crime,"DEATHS-MISCARRIAGE (Sec.312, 313, 314 IPC/88,89,90 BNS)",Woman,0,0,1,0,2025-01,-1,-100.0
369,A - IPC Crime,"DEATHS-MISCARRIAGE (Sec.312, 313, 314 IPC/88,89,90 BNS)",Women and Child,0,0,0,0,2025-01,0,0.0
370,A - IPC Crime,"DEFENCE FORCES OFFENCES RELATING (also relating to desertion) (Sec.131 to 140, except 136 IPC/159 TO 168 EXCEPT 164 BNS)",Air Force,0,1,0,0,2025-01,0,0.0
371,A - IPC Crime,"DEFENCE FORCES OFFENCES RELATING (also relating to desertion) (Sec.131 to 140, except 136 IPC/159 TO 168 EXCEPT 164 BNS)",Army,0,0,0,0,2025-01,0,0.0
372,A - IPC Crime,"DEFENCE FORCES OFFENCES RELATING (also relating to desertion) (Sec.131 to 140, except 136 IPC/159 TO 168 EXCEPT 164 BNS)",Navy,0,0,0,0,2025-01,0,0.0
373,A - IPC Crime,"ESCAPE FROM LAWFUL CUSTODY AND RESISTANCE (Sec.224, 225, 225(B) IPC/262,263,265 BNS)",From Jail Custody,1,0,0,1,2025-01,1,100.0
374,A - IPC Crime,"ESCAPE FROM LAWFUL CUSTODY AND RESISTANCE (Sec.224, 225, 225(B) IPC/262,263,265 BNS)",From Police Custody,1,3,1,1,2025-01,0,0.0
375,A - IPC Crime,"ESCAPE FROM LAWFUL CUSTODY AND RESISTANCE (Sec.224, 225, 225(B) IPC/262,263,265 BNS)",Others,1,0,0,1,2025-01,1,100.0
376,A - IPC Crime,"IMPERSONATION (Sec.170, 171 IPC/204,205 BNS)",Attempt to Commit,0,0,0,0,2025-01,0,0.0
377,A - IPC Crime,"IMPERSONATION (Sec.170, 171 IPC/204,205 BNS)",Non-Uniformed Authority,0,0,0,0,2025-01,0,0.0
378,A - IPC Crime,"IMPERSONATION (Sec.170, 171 IPC/204,205 BNS)",Uniformed Authority,0,0,0,0,2025-01,0,0.0
379,A - IPC Crime,"MISCHIEF (Sec.427 to 440 except 434, 435, 436, 438 IPC/324(4) TO 324(6) BNS)",ALL / NOT SPECIFIED,28,45,33,28,2025-01,-5,-15.151515151515152
380,A - IPC Crime,MOLESTATION (Sec.354 IPC/74 BNS),Attempt to Commit,6,7,8,6,2025-01,-2,-25.0
381,A - IPC Crime,MOLESTATION (Sec.354 IPC/74 BNS),Private Place,74,105,73,74,2025-01,1,1.36986301369863
382,A - IPC Crime,MOLESTATION (Sec.354 IPC/74 BNS),Public Conveyance,0,1,1,0,2025-01,-1,-100.0
383,A - IPC Crime,MOLESTATION (Sec.354 IPC/74 BNS),Public Place,167,183,143,167,2025-01,24,16.783216783216783
384,A - IPC Crime,MOLESTATION (Sec.354 IPC/74 BNS),Other Places,210,237,198,210,2025-01,12,6.0606060606060606
385,A - IPC Crime,POISONING-PROFESSIONAL (Sec. 328 IPC/123 BNS),Attempt to Commit,1,0,1,1,2025-01,0,0.0
386,A - IPC Crime,POISONING-PROFESSIONAL (Sec. 328 IPC/123 BNS),Fatal,0,0,0,0,2025-01,0,0.0
387,A - IPC Crime,POISONING-PROFESSIONAL (Sec. 328 IPC/123 BNS),Non Fatal,1,1,1,1,2025-01,0,0.0
388,A - IPC Crime,PORNOGRAPHY (Sec.292 to 294 IPC/294 TO 296 BNS),Advertisement,0,0,0,0,2025-01,0,0.0
389,A - IPC Crime,PORNOGRAPHY (Sec.292 to 294 IPC/294 TO 296 BNS),Audio Tape,0,0,0,0,2025-01,0,0.0
390,A - IPC Crime,PORNOGRAPHY (Sec.292 to 294 IPC/294 TO 296 BNS),Book,0,0,0,0,2025-01,0,0.0
391,A - IPC Crime,PORNOGRAPHY (Sec.292 to 294 IPC/294 TO 296 BNS),Computer Software,0,0,0,0,2025-01,0,0.0
392,A - IPC Crime,PORNOGRAPHY (Sec.292 to 294 IPC/294 TO 296 BNS),Figures,0,0,0,0,2025-01,0,0.0
393,A - IPC Crime,PORNOGRAPHY (Sec.292 to 294 IPC/294 TO 296 BNS),Film (Blue),0,0,0,0,2025-01,0,0.0
394,A - IPC Crime,PORNOGRAPHY (Sec.292 to 294 IPC/294 TO 296 BNS),Painting,0,0,0,0,2025-01,0,0.0
395,A - IPC Crime,PORNOGRAPHY (Sec.292 to 294 IPC/294 TO 296 BNS),Pamphlet,0,0,0,0,2025-01,0,0.0
396,A - IPC Crime,PORNOGRAPHY (Sec.292 to 294 IPC/294 TO 296 BNS),Paper,0,0,0,0,2025-01,0,0.0
397,A - IPC Crime,PORNOGRAPHY (Sec.292 to 294 IPC/294 TO 296 BNS),Photography,0,0,0,0,2025-01,0,0.0
398,A - IPC Crime,PORNOGRAPHY (Sec.292 to 294 IPC/294 TO 296 BNS),Poster,0,0,0,0,2025-01,0,0.0
399,A - IPC Crime,PORNOGRAPHY (Sec.292 to 294 IPC/294 TO 296 BNS),Video Film(Blue),0,0,0,0,2025-01,0,0.0
400,A - IPC Crime,PORNOGRAPHY (Sec.292 to 294 IPC/294 TO 296 BNS),Others,1,0,0,1,2025-01,1,100.0
401,A - IPC Crime,PUBLIC JUSTICE (Sec.213 to 215 IPC/250 TO 252 BNS),ALL / NOT SPECIFIED,1,1,0,1,2025-01,1,100.0
402,A - IPC Crime,"PUBLIC NUISANCE (Sec.291 and 510 IPC/293,355 BNS)",ALL / NOT SPECIFIED,7,9,13,7,2025-01,-6,-46.15384615384615
403,A - IPC Crime,"PUBLIC SAFETY (Sec.269 to 271, 277, 283, 289 IPC/271 to 273, 279,285,291 BNS)",ALL / NOT SPECIFIED,203,265,242,203,2025-01,-39,-16.115702479338843
404,A - IPC Crime,"OFFENCES AGAINST PUBLIC SERVANTS (Public servant is a victim) (Sec 182-188, 332, 333, 353 IPC/217-223,121(1),121(2), 132 BNS)",Attempt to Commit,4,1,0,4,2025-01,4,400.0
405,A - IPC Crime,"OFFENCES AGAINST PUBLIC SERVANTS (Public servant is a victim) (Sec 182-188, 332, 333, 353 IPC/217-223,121(1),121(2), 132 BNS)",Defence Personnel,0,0,1,0,2025-01,-1,-100.0
406,A - IPC Crime,"OFFENCES AGAINST PUBLIC SERVANTS (Public servant is a victim) (Sec 182-188, 332, 333, 353 IPC/217-223,121(1),121(2), 132 BNS)",Jail Personnel,2,1,0,2,2025-01,2,200.0
407,A - IPC Crime,"OFFENCES AGAINST PUBLIC SERVANTS (Public servant is a victim) (Sec 182-188, 332, 333, 353 IPC/217-223,121(1),121(2), 132 BNS)",Judicial Official,3,2,4,3,2025-01,-1,-25.0
408,A - IPC Crime,"OFFENCES AGAINST PUBLIC SERVANTS (Public servant is a victim) (Sec 182-188, 332, 333, 353 IPC/217-223,121(1),121(2), 132 BNS)",Minister,0,0,0,0,2025-01,0,0.0
409,A - IPC Crime,"OFFENCES AGAINST PUBLIC SERVANTS (Public servant is a victim) (Sec 182-188, 332, 333, 353 IPC/217-223,121(1),121(2), 132 BNS)",MLA,0,0,0,0,2025-01,0,0.0
410,A - IPC Crime,"OFFENCES AGAINST PUBLIC SERVANTS (Public servant is a victim) (Sec 182-188, 332, 333, 353 IPC/217-223,121(1),121(2), 132 BNS)",MP,0,0,0,0,2025-01,0,0.0
411,A - IPC Crime,"OFFENCES AGAINST PUBLIC SERVANTS (Public servant is a victim) (Sec 182-188, 332, 333, 353 IPC/217-223,121(1),121(2), 132 BNS)",Nationalised Bank Personnel,0,0,0,0,2025-01,0,0.0
412,A - IPC Crime,"OFFENCES AGAINST PUBLIC SERVANTS (Public servant is a victim) (Sec 182-188, 332, 333, 353 IPC/217-223,121(1),121(2), 132 BNS)",Other Elected Member,1,0,0,1,2025-01,1,100.0
413,A - IPC Crime,"OFFENCES AGAINST PUBLIC SERVANTS (Public servant is a victim) (Sec 182-188, 332, 333, 353 IPC/217-223,121(1),121(2), 132 BNS)",Other Enforcement Official,0,1,0,0,2025-01,0,0.0
414,A - IPC Crime,"OFFENCES AGAINST PUBLIC SERVANTS (Public servant is a victim) (Sec 182-188, 332, 333, 353 IPC/217-223,121(1),121(2), 132 BNS)",Other Govt. Official,42,33,39,42,2025-01,3,7.6923076923076925
415,A - IPC Crime,"OFFENCES AGAINST PUBLIC SERVANTS (Public servant is a victim) (Sec 182-188, 332, 333, 353 IPC/217-223,121(1),121(2), 132 BNS)",Para Military Personnel,0,0,0,0,2025-01,0,0.0
416,A - IPC Crime,"OFFENCES AGAINST PUBLIC SERVANTS (Public servant is a victim) (Sec 182-188, 332, 333, 353 IPC/217-223,121(1),121(2), 132 BNS)",Police Personnel,37,34,29,37,2025-01,8,27.586206896551722
417,A - IPC Crime,"OFFENCES AGAINST PUBLIC SERVANTS (Public servant is a victim) (Sec 182-188, 332, 333, 353 IPC/217-223,121(1),121(2), 132 BNS)",Public Sector Undertaking Official,12,12,16,12,2025-01,-4,-25.0
418,A - IPC Crime,"OFFENCES BY PUBLIC SERVANTS (EXCEPT CORRUPTION) (Public servant is accused) (Sec.128, 129, 167, 218, 221, 222 IPC/156,157,201,256,259,260 BNS)",Defence Personnel,0,0,0,0,2025-01,0,0.0
419,A - IPC Crime,"OFFENCES BY PUBLIC SERVANTS (EXCEPT CORRUPTION) (Public servant is accused) (Sec.128, 129, 167, 218, 221, 222 IPC/156,157,201,256,259,260 BNS)",Jail Personnel,0,0,0,0,2025-01,0,0.0
420,A - IPC Crime,"OFFENCES BY PUBLIC SERVANTS (EXCEPT CORRUPTION) (Public servant is accused) (Sec.128, 129, 167, 218, 221, 222 IPC/156,157,201,256,259,260 BNS)",Judicial Official,0,0,0,0,2025-01,0,0.0
421,A - IPC Crime,"OFFENCES BY PUBLIC SERVANTS (EXCEPT CORRUPTION) (Public servant is accused) (Sec.128, 129, 167, 218, 221, 222 IPC/156,157,201,256,259,260 BNS)",Minister,0,0,0,0,2025-01,0,0.0
422,A - IPC Crime,"OFFENCES BY PUBLIC SERVANTS (EXCEPT CORRUPTION) (Public servant is accused) (Sec.128, 129, 167, 218, 221, 222 IPC/156,157,201,256,259,260 BNS)",MLA,0,0,0,0,2025-01,0,0.0
423,A - IPC Crime,"OFFENCES BY PUBLIC SERVANTS (EXCEPT CORRUPTION) (Public servant is accused) (Sec.128, 129, 167, 218, 221, 222 IPC/156,157,201,256,259,260 BNS)",MP,0,0,0,0,2025-01,0,0.0
424,A - IPC Crime,"OFFENCES BY PUBLIC SERVANTS (EXCEPT CORRUPTION) (Public servant is accused) (Sec.128, 129, 167, 218, 221, 222 IPC/156,157,201,256,259,260 BNS)",Nationalised Bank Personnel,0,0,0,0,2025-01,0,0.0
425,A - IPC Crime,"OFFENCES BY PUBLIC SERVANTS (EXCEPT CORRUPTION) (Public servant is accused) (Sec.128, 129, 167, 218, 221, 222 IPC/156,157,201,256,259,260 BNS)",Other Elected Member,0,0,0,0,2025-01,0,0.0
426,A - IPC Crime,"OFFENCES BY PUBLIC SERVANTS (EXCEPT CORRUPTION) (Public servant is accused) (Sec.128, 129, 167, 218, 221, 222 IPC/156,157,201,256,259,260 BNS)",Other Enforcement Official,0,0,0,0,2025-01,0,0.0
427,A - IPC Crime,"OFFENCES BY PUBLIC SERVANTS (EXCEPT CORRUPTION) (Public servant is accused) (Sec.128, 129, 167, 218, 221, 222 IPC/156,157,201,256,259,260 BNS)",Other Govt. Official,0,0,0,0,2025-01,0,0.0
428,A - IPC Crime,"OFFENCES BY PUBLIC SERVANTS (EXCEPT CORRUPTION) (Public servant is accused) (Sec.128, 129, 167, 218, 221, 222 IPC/156,157,201,256,259,260 BNS)",Para Military Personnel,0,0,0,0,2025-01,0,0.0
429,A - IPC Crime,"OFFENCES BY PUBLIC SERVANTS (EXCEPT CORRUPTION) (Public servant is accused) (Sec.128, 129, 167, 218, 221, 222 IPC/156,157,201,256,259,260 BNS)",Police Personnel,0,1,0,0,2025-01,0,0.0
430,A - IPC Crime,"OFFENCES BY PUBLIC SERVANTS (EXCEPT CORRUPTION) (Public servant is accused) (Sec.128, 129, 167, 218, 221, 222 IPC/156,157,201,256,259,260 BNS)",Public Sector Undertaking Official,1,0,0,1,2025-01,1,100.0
431,A - IPC Crime,"OFFENCES BY PUBLIC SERVANTS (EXCEPT CORRUPTION) (Public servant is accused) (Sec.128, 129, 167, 218, 221, 222 IPC/156,157,201,256,259,260 BNS)",Others,0,0,0,0,2025-01,0,0.0
432,A - IPC Crime,"NEGLIGENT ACT (Sec.280 to 289, 336 to 338 except 283 IPC/282 to 291,125 to 125(b) except 285 BNS)",Death Causeed By Electric Shock,3,4,9,3,2025-01,-6,-66.66666666666666
433,A - IPC Crime,"NEGLIGENT ACT (Sec.280 to 289, 336 to 338 except 283 IPC/282 to 291,125 to 125(b) except 285 BNS)",Animal -Related,2,11,6,2,2025-01,-4,-66.66666666666666
434,A - IPC Crime,"NEGLIGENT ACT (Sec.280 to 289, 336 to 338 except 283 IPC/282 to 291,125 to 125(b) except 285 BNS)",Boat/Vessel - Related,0,1,0,0,2025-01,0,0.0
435,A - IPC Crime,"NEGLIGENT ACT (Sec.280 to 289, 336 to 338 except 283 IPC/282 to 291,125 to 125(b) except 285 BNS)",Explosive/Explosive Substances - Related,3,7,5,3,2025-01,-2,-40.0
436,A - IPC Crime,"NEGLIGENT ACT (Sec.280 to 289, 336 to 338 except 283 IPC/282 to 291,125 to 125(b) except 285 BNS)",Inflammable Substance- Related ,1,2,2,1,2025-01,-1,-50.0
437,A - IPC Crime,"NEGLIGENT ACT (Sec.280 to 289, 336 to 338 except 283 IPC/282 to 291,125 to 125(b) except 285 BNS)",Machinery - Related,15,6,14,15,2025-01,1,7.142857142857142
438,A - IPC Crime,"NEGLIGENT ACT (Sec.280 to 289, 336 to 338 except 283 IPC/282 to 291,125 to 125(b) except 285 BNS)",Poisonous Substance - Related,3,1,1,3,2025-01,2,200.0
439,A - IPC Crime,"NEGLIGENT ACT (Sec.280 to 289, 336 to 338 except 283 IPC/282 to 291,125 to 125(b) except 285 BNS)",Other - Related,101,77,158,101,2025-01,-57,-36.075949367088604
440,A - IPC Crime,"NEGLIGENT ACT (Sec.280 to 289, 336 to 338 except 283 IPC/282 to 291,125 to 125(b) except 285 BNS)",Human - Related,93,57,115,93,2025-01,-22,-19.130434782608695
441,A - IPC Crime,RECEIVING OF STOLEN PROPERTY (Sec.411 to 414 IPC/317(2) TO 317(5) BNS),ALL / NOT SPECIFIED,1,0,0,1,2025-01,1,100.0
442,A - IPC Crime,SEDITION (Sec. 124A IPC/IN BNS Deleted),Attempt to Commit,0,0,0,0,2025-01,0,0.0
443,A - IPC Crime,SEDITION (Sec. 124A IPC/IN BNS Deleted),By Foreigner,0,0,0,0,2025-01,0,0.0
444,A - IPC Crime,SEDITION (Sec. 124A IPC/IN BNS Deleted),By National,0,0,0,0,2025-01,0,0.0
445,A - IPC Crime,SEDITION (Sec. 124A IPC/IN BNS Deleted),By National And Foreigner,0,0,0,0,2025-01,0,0.0
446,A - IPC Crime,INSULTING MODESTY OF WOMEN (EVE TEASING) (Sec.509 IPC/79 BNS),Attempt to Commit,0,0,0,0,2025-01,0,0.0
447,A - IPC Crime,INSULTING MODESTY OF WOMEN (EVE TEASING) (Sec.509 IPC/79 BNS),Office,1,1,2,1,2025-01,-1,-50.0
448,A - IPC Crime,INSULTING MODESTY OF WOMEN (EVE TEASING) (Sec.509 IPC/79 BNS),Public Conveyance,0,0,0,0,2025-01,0,0.0
449,A - IPC Crime,INSULTING MODESTY OF WOMEN (EVE TEASING) (Sec.509 IPC/79 BNS),Public Place,9,0,9,9,2025-01,0,0.0
450,A - IPC Crime,INSULTING MODESTY OF WOMEN (EVE TEASING) (Sec.509 IPC/79 BNS),Other Places,23,5,9,23,2025-01,14,155.55555555555557
451,A - IPC Crime,"SUICIDE (Sec.305, 306, 309 IPC/107,108 BNS)",Dowry,0,1,0,0,2025-01,0,0.0
452,A - IPC Crime,"SUICIDE (Sec.305, 306, 309 IPC/107,108 BNS)",Abetment of Suicide,35,19,35,35,2025-01,0,0.0
453,A - IPC Crime,"SUICIDE (Sec.305, 306, 309 IPC/107,108 BNS)",Other Reasons,28,23,24,28,2025-01,4,16.666666666666664
454,A - IPC Crime,"SUICIDE (Sec.305, 306, 309 IPC/107,108 BNS)",Attempt to Commit suicide,9,12,6,9,2025-01,3,50.0
455,A - IPC Crime,UNNATURAL SEX (Sec.377 IPC/IN BNS Deleted),Abetment  ,0,0,0,0,2025-01,0,0.0
456,A - IPC Crime,UNNATURAL SEX (Sec.377 IPC/IN BNS Deleted),Animal  ,0,0,0,0,2025-01,0,0.0
457,A - IPC Crime,UNNATURAL SEX (Sec.377 IPC/IN BNS Deleted),Attempt,0,0,0,0,2025-01,0,0.0
458,A - IPC Crime,UNNATURAL SEX (Sec.377 IPC/IN BNS Deleted),Major - Man,0,0,1,0,2025-01,-1,-100.0
459,A - IPC Crime,UNNATURAL SEX (Sec.377 IPC/IN BNS Deleted),Major - Woman,0,0,0,0,2025-01,0,0.0
460,A - IPC Crime,UNNATURAL SEX (Sec.377 IPC/IN BNS Deleted),Minor - Boy,0,0,0,0,2025-01,0,0.0
461,A - IPC Crime,UNNATURAL SEX (Sec.377 IPC/IN BNS Deleted),Minor - Girl,0,0,0,0,2025-01,0,0.0
462,A - IPC Crime,"WRONGFUL RESTRAINT/CONFINEMENT (Sec.341 to 348 IPC/126(2),127(2)-127(8) BNS)",Attempt to Commit,2,1,1,2,2025-01,1,100.0
463,A - IPC Crime,"WRONGFUL RESTRAINT/CONFINEMENT (Sec.341 to 348 IPC/126(2),127(2)-127(8) BNS)",To Extort Confession,0,1,0,0,2025-01,0,0.0
464,A - IPC Crime,"WRONGFUL RESTRAINT/CONFINEMENT (Sec.341 to 348 IPC/126(2),127(2)-127(8) BNS)",To Extort Property,1,1,2,1,2025-01,-1,-50.0
465,A - IPC Crime,"WRONGFUL RESTRAINT/CONFINEMENT (Sec.341 to 348 IPC/126(2),127(2)-127(8) BNS)",To settle Dispute,1,0,0,1,2025-01,1,100.0
466,A - IPC Crime,"WRONGFUL RESTRAINT/CONFINEMENT (Sec.341 to 348 IPC/126(2),127(2)-127(8) BNS)",Others,36,23,38,36,2025-01,-2,-5.263157894736842
467,A - IPC Crime,"INFANTICIDE (Sec.315, 316 IPC/91,92 BNS)",Male,1,0,0,1,2025-01,1,100.0
468,A - IPC Crime,"INFANTICIDE (Sec.315, 316 IPC/91,92 BNS)",Female,0,0,0,0,2025-01,0,0.0
469,A - IPC Crime,"OFFENCES RELATED TO MARRIAGE (Sec.493 to 498 IPC/81,84 BNS)",ALL / NOT SPECIFIED,4,4,5,4,2025-01,-1,-20.0
470,A - IPC Crime,"BUYING & SELLING MINOR FOR PROSTITUTION (Sec.372, 373 IPC/98,99 BNS)",ALL / NOT SPECIFIED,0,0,0,0,2025-01,0,0.0
471,A - IPC Crime,DOCUMENTS & PROPERTY MARKS (Sec.483 to 489 IPC/346-350(2) BNS),Documents  ,0,0,0,0,2025-01,0,0.0
472,A - IPC Crime,DOCUMENTS & PROPERTY MARKS (Sec.483 to 489 IPC/346-350(2) BNS),Property  ,0,0,0,0,2025-01,0,0.0
473,A - IPC Crime,DEFAMATION (Sec.500 to 502 IPC/350(2)-356(4) BNS),Persons ,0,2,0,0,2025-01,0,0.0
474,A - IPC Crime,DEFAMATION (Sec.500 to 502 IPC/350(2)-356(4) BNS),Printed Matter,0,2,1,0,2025-01,-1,-100.0
475,A - IPC Crime,DEFAMATION (Sec.500 to 502 IPC/350(2)-356(4) BNS),Others,0,0,0,0,2025-01,0,0.0
476,A - IPC Crime,ELECTION(Sec.171(E) to 171(1) IPC/173-177 BNS),Assembly,0,0,0,0,2025-01,0,0.0
477,A - IPC Crime,ELECTION(Sec.171(E) to 171(1) IPC/173-177 BNS),Parliament,0,0,0,0,2025-01,0,0.0
478,A - IPC Crime,ELECTION(Sec.171(E) to 171(1) IPC/173-177 BNS),Other Elected Bodies,0,0,1,0,2025-01,-1,-100.0
479,A - IPC Crime,"SLAVERY (Sec.370, 371, 374 IPC/143,145,146 BNS)",Man,0,0,0,0,2025-01,0,0.0
480,A - IPC Crime,"SLAVERY (Sec.370, 371, 374 IPC/143,145,146 BNS)",Woman,0,0,0,0,2025-01,0,0.0
481,A - IPC Crime,"SLAVERY (Sec.370, 371, 374 IPC/143,145,146 BNS)",Boy,0,0,0,0,2025-01,0,0.0
482,A - IPC Crime,"SLAVERY (Sec.370, 371, 374 IPC/143,145,146 BNS)",Girl,0,0,0,0,2025-01,0,0.0
483,A - IPC Crime,Attempting to commit offences (Sec.511 IPC/62 BNS),Attempting to commit offences,14,18,18,14,2025-01,-4,-22.22222222222222
484,A - IPC Crime,ILLEGAL DETENTION (Sec.342 IPC/127(2) BNS),ALL / NOT SPECIFIED,0,0,0,0,2025-01,0,0.0
485,A - IPC Crime,FALSE EVIDENCE (Sec.191 to 205 IPC/227-242 BNS),ALL / NOT SPECIFIED,1,0,1,1,2025-01,0,0.0
486,A - IPC Crime,EXPOSURE AND ABANDONMENT OF CHILD (Sec.317 IPC/93 BNS),Boy ,2,4,1,2,2025-01,1,100.0
487,A - IPC Crime,EXPOSURE AND ABANDONMENT OF CHILD (Sec.317 IPC/93 BNS),Girl,3,1,8,3,2025-01,-5,-62.5
488,A - IPC Crime,OF ABETMENT (Sec.107 to 120 IPC/45-60 BNS),ALL / NOT SPECIFIED,2,0,0,2,2025-01,2,200.0
489,A - IPC Crime,"FAILURE TO APPEAR TO COURT (Sec.174A, 229A IPC/209,269 BNS)",IPC 174 A/BNS 209,16,9,19,16,2025-01,-3,-15.789473684210526
490,A - IPC Crime,"FAILURE TO APPEAR TO COURT (Sec.174A, 229A IPC/209,269 BNS)",IPC 229 A/BNS 269,83,30,175,83,2025-01,-92,-52.57142857142857
491,A - IPC Crime,Concealment of birth by secret disposal of Child,Girl,0,0,4,0,2025-01,-4,-100.0
492,A - IPC Crime,Concealment of birth by secret disposal of Child,Boy,3,3,4,3,2025-01,-1,-25.0
493,A - IPC Crime,ASSAULT OR USE OF CRIMINAL FORCE TO DISROBE WOMEN,ALL / NOT SPECIFIED,1,1,3,1,2025-01,-2,-66.66666666666666
494,A - IPC Crime,Disobedience to Order Promulgated by Public/Servant,By Others,0,0,0,0,2025-01,0,0.0
495,A - IPC Crime,Disobedience to Order Promulgated by Public/Servant,By Private Institution,1,0,1,1,2025-01,0,0.0
496,A - IPC Crime,Disobedience to Order Promulgated by Public/Servant,By Govt. Institution,2,0,0,2,2025-01,2,200.0
497,A - IPC Crime,Human Trafficking,Eunuch,0,1,1,0,2025-01,-1,-100.0
498,A - IPC Crime,Human Trafficking,Men,0,0,0,0,2025-01,0,0.0
499,A - IPC Crime,Human Trafficking,Boy,2,1,0,2,2025-01,2,200.0
500,A - IPC Crime,Human Trafficking,Women,1,0,0,1,2025-01,1,100.0
501,A - IPC Crime,Human Trafficking,Girl,0,0,0,0,2025-01,0,0.0
502,A - IPC Crime,Aadhaar Act,Impersonation,0,0,0,0,2025-01,0,0.0
503,A - IPC Crime,Aadhaar Act,Offence by Company,0,0,0,0,2025-01,0,0.0
504,A - IPC Crime,Aadhaar Act,Offence by individual,0,0,0,0,2025-01,0,0.0
505,A - IPC Crime,Giving false information respecting an offence committed,Giving false information respecting an offence committed,0,0,0,0,2025-01,0,0.0
506,B - SPECIAL & LOCAL LAWS,ANTIQUES (CULTURAL PROPERTY),Antiques & Art Treasures Act 1972,0,0,0,0,2025-01,0,0.0
507,B - SPECIAL & LOCAL LAWS,ANTIQUES (CULTURAL PROPERTY),Ancient Monument & Archaelogical Sites And Remains Act 1958,3,0,5,3,2025-01,-2,-40.0
508,B - SPECIAL & LOCAL LAWS,ARMS ACT 1959,Country Made - Non Prohibited Bore - In Disturbed Area,1,1,1,1,2025-01,0,0.0
509,B - SPECIAL & LOCAL LAWS,ARMS ACT 1960,Country Made - Non Prohibited Bore - In Other Area,14,7,8,14,2025-01,6,75.0
510,B - SPECIAL & LOCAL LAWS,ARMS ACT 1961,Country Made - Prohibited Bore - In Disturbed Area,0,0,0,0,2025-01,0,0.0
511,B - SPECIAL & LOCAL LAWS,ARMS ACT 1962,Country Made - Prohibited Bore - In Other Area,8,5,3,8,2025-01,5,166.66666666666669
512,B - SPECIAL & LOCAL LAWS,ARMS ACT 1963,Factory Made - Non Prohibited Bore - In Disturbed Area,1,0,0,1,2025-01,1,100.0
513,B - SPECIAL & LOCAL LAWS,ARMS ACT 1964,Factory Made - Non Prohibited Bore - In Other Area,3,7,1,3,2025-01,2,200.0
514,B - SPECIAL & LOCAL LAWS,ARMS ACT 1965,Factory Made - Prohibited Bore - In Disturbed Area,1,0,1,1,2025-01,0,0.0
515,B - SPECIAL & LOCAL LAWS,ARMS ACT 1966,Factory Made - Prohibited Bore - In Other Area,7,3,3,7,2025-01,4,133.33333333333331
516,B - SPECIAL & LOCAL LAWS,ANIMAL,The Karnataka Prevention of Slaughter and Preservation of Cattle Ordinance 2020,8,11,9,8,2025-01,-1,-11.11111111111111
517,B - SPECIAL & LOCAL LAWS,ANIMAL,Wild Life Preservation Act 1972,0,0,0,0,2025-01,0,0.0
518,B - SPECIAL & LOCAL LAWS,ANIMAL,Wild Life Protection Act 1972,2,1,0,2,2025-01,2,200.0
519,B - SPECIAL & LOCAL LAWS,ANIMAL,Prevention of Cruelty to Animals Act 1960,21,9,23,21,2025-01,-2,-8.695652173913043
520,B - SPECIAL & LOCAL LAWS,ANIMAL,Elephant (Preservation) Act 1879,0,0,0,0,2025-01,0,0.0
521,B - SPECIAL & LOCAL LAWS,ANIMAL,Cattle Tresspass Act 1871,0,0,1,0,2025-01,-1,-100.0
522,B - SPECIAL & LOCAL LAWS,CINEMATOGRAPHY ACT 1952,Films,0,0,0,0,2025-01,0,0.0
523,B - SPECIAL & LOCAL LAWS,CINEMATOGRAPHY ACT 1953,Video,0,0,0,0,2025-01,0,0.0
524,B - SPECIAL & LOCAL LAWS,CONSUMER,Liquified Petroleum Gas Supply & Control Order 2000 ,13,11,4,13,2025-01,9,225.0
525,B - SPECIAL & LOCAL LAWS,CONSUMER,Consumer (Protection) Act 1986,0,0,0,0,2025-01,0,0.0
526,B - SPECIAL & LOCAL LAWS,CONSUMER,Essential Commodities Act 1955,25,35,17,25,2025-01,8,47.05882352941176
527,B - SPECIAL & LOCAL LAWS,CONSUMER,Prevention of Food Adulternation Act 1954,1,0,0,1,2025-01,1,100.0
528,B - SPECIAL & LOCAL LAWS,CONSUMER,Packaged Commodities (Regulation) order 1975,0,0,0,0,2025-01,0,0.0
529,B - SPECIAL & LOCAL LAWS,COPY RIGHT ACT 1957,By Company,20,13,9,20,2025-01,11,122.22222222222223
530,B - SPECIAL & LOCAL LAWS,COPY RIGHT ACT 1958,By Individual,9,12,5,9,2025-01,4,80.0
531,B - SPECIAL & LOCAL LAWS,CIVIL RIGHTS,Protection of Civil Rights Act 1955,0,0,1,0,2025-01,-1,-100.0
532,B - SPECIAL & LOCAL LAWS,SCHEDULED CASTE AND THE SCHEDULED TRIBES,Scheduled Caste  ,109,121,107,109,2025-01,2,1.8691588785046727
533,B - SPECIAL & LOCAL LAWS,SCHEDULED CASTE AND THE SCHEDULED TRIBES,Scheduled Tribes,14,25,14,14,2025-01,0,0.0
534,B - SPECIAL & LOCAL LAWS,SCHEDULED CASTE AND THE SCHEDULED TRIBES,Scheduled Caste Women,42,43,40,42,2025-01,2,5.0
535,B - SPECIAL & LOCAL LAWS,SCHEDULED CASTE AND THE SCHEDULED TRIBES,Scheduled Tribes Women,7,11,11,7,2025-01,-4,-36.36363636363637
536,B - SPECIAL & LOCAL LAWS,CHILDREN ACT,Child Labour (Prohibition & Regulation) Act1986,10,13,3,10,2025-01,7,233.33333333333334
537,B - SPECIAL & LOCAL LAWS,CHILDREN ACT,Child Marriage (Restraint) Act - 1929,11,8,10,11,2025-01,1,10.0
538,B - SPECIAL & LOCAL LAWS,CHILDREN ACT,Juvenile Justice Act 1986,12,9,13,12,2025-01,-1,-7.6923076923076925
539,B - SPECIAL & LOCAL LAWS,CHILDREN ACT,Probation of offenders Act 1958,0,0,0,0,2025-01,0,0.0
540,B - SPECIAL & LOCAL LAWS,CHILDREN ACT,Protection of Children from Sexual Offences Act 2012 (POCSO),0,0,0,0,2025-01,0,0.0
541,B - SPECIAL & LOCAL LAWS,PREVENTION OF CORRUPTION ACT 1988,Public Servant - Elected,0,0,0,0,2025-01,0,0.0
542,B - SPECIAL & LOCAL LAWS,PREVENTION OF CORRUPTION ACT 1989,Public Servant - Gazetted - Central,0,0,0,0,2025-01,0,0.0
543,B - SPECIAL & LOCAL LAWS,PREVENTION OF CORRUPTION ACT 1990,Public Servant - Gazetted - Defence,0,0,0,0,2025-01,0,0.0
544,B - SPECIAL & LOCAL LAWS,PREVENTION OF CORRUPTION ACT 1991,Public Servant - Gazetted - Public Sector Undertaking,0,0,0,0,2025-01,0,0.0
545,B - SPECIAL & LOCAL LAWS,PREVENTION OF CORRUPTION ACT 1992,Public Servant - Gazetted - State,0,0,0,0,2025-01,0,0.0
546,B - SPECIAL & LOCAL LAWS,PREVENTION OF CORRUPTION ACT 1993,Public Servant - Non-Gazetted - Central,0,0,0,0,2025-01,0,0.0
547,B - SPECIAL & LOCAL LAWS,PREVENTION OF CORRUPTION ACT 1994,Public Servant - Non-Gazetted - Defence,0,0,0,0,2025-01,0,0.0
548,B - SPECIAL & LOCAL LAWS,PREVENTION OF CORRUPTION ACT 1995,Public Servant - Non-Gazetted - State,0,0,0,0,2025-01,0,0.0
549,B - SPECIAL & LOCAL LAWS,CUSTOMS,Customs Act 1962,0,0,0,0,2025-01,0,0.0
550,B - SPECIAL & LOCAL LAWS,CUSTOMS,Import/Export (Control) Act 1947,0,0,0,0,2025-01,0,0.0
551,B - SPECIAL & LOCAL LAWS,Explosives,Explosives Substances Act 1908,7,2,4,7,2025-01,3,75.0
552,B - SPECIAL & LOCAL LAWS,Explosives,Explosives Act 1884,4,8,2,4,2025-01,2,100.0
553,B - SPECIAL & LOCAL LAWS,Explosives,Inflammable Substance Act 1952,0,0,0,0,2025-01,0,0.0
554,B - SPECIAL & LOCAL LAWS,FOREIGN EXCHANGE,Smugglers and Foreign Exchange Manipulator Act 1976,0,0,0,0,2025-01,0,0.0
555,B - SPECIAL & LOCAL LAWS,FOREIGN EXCHANGE,Foreign Exchange Regulation Act 1973,0,0,0,0,2025-01,0,0.0
556,B - SPECIAL & LOCAL LAWS,FOREIGN EXCHANGE,Foreign Exchange Regulation Act 1952,0,0,0,0,2025-01,0,0.0
557,B - SPECIAL & LOCAL LAWS,FOREIGNER,Foreigners Act 1946,3,0,3,3,2025-01,0,0.0
558,B - SPECIAL & LOCAL LAWS,FOREIGNER,Registration of Foreigners Act 1939,0,0,0,0,2025-01,0,0.0
559,B - SPECIAL & LOCAL LAWS,FOREST,Indian Forest Act 1927,0,0,0,0,2025-01,0,0.0
560,B - SPECIAL & LOCAL LAWS,FOREST,Forest (Conservation) Act 1980,2,0,0,2,2025-01,2,200.0
561,B - SPECIAL & LOCAL LAWS,HIJACKING,Foreign Aircraft - In India,0,0,0,0,2025-01,0,0.0
562,B - SPECIAL & LOCAL LAWS,HIJACKING,Foreign Aircraft - Outside India,0,0,0,0,2025-01,0,0.0
563,B - SPECIAL & LOCAL LAWS,HIJACKING,Indian Aircraft - In India,0,0,0,0,2025-01,0,0.0
564,B - SPECIAL & LOCAL LAWS,HIJACKING,Indian Aircraft - Outside India,0,0,0,0,2025-01,0,0.0
565,B - SPECIAL & LOCAL LAWS,IMMORAL TRAFFIC,Organised,15,22,10,15,2025-01,5,50.0
566,B - SPECIAL & LOCAL LAWS,IMMORAL TRAFFIC,Un-Organised,15,10,9,15,2025-01,6,66.66666666666666
567,B - SPECIAL & LOCAL LAWS,BONDED LABOUR SYSTEM,ALL / NOT SPECIFIED,1,0,0,1,2025-01,1,100.0
568,B - SPECIAL & LOCAL LAWS,INDIAN MOTOR VEHICLE,ALL / NOT SPECIFIED,7,1,2,7,2025-01,5,250.0
569,B - SPECIAL & LOCAL LAWS,NARCOTIC DRUGS & PSYCHOTROPIC SUBSTANCES ACT,Cultivated/Processed,184,87,212,184,2025-01,-28,-13.20754716981132
570,B - SPECIAL & LOCAL LAWS,NARCOTIC DRUGS & PSYCHOTROPIC SUBSTANCES ACT,Synthetic,244,195,439,244,2025-01,-195,-44.41913439635535
571,B - SPECIAL & LOCAL LAWS,NARCOTIC DRUGS & PSYCHOTROPIC SUBSTANCES ACT,PASSPORT ACT,0,0,0,0,2025-01,0,0.0
572,B - SPECIAL & LOCAL LAWS,NARCOTIC DRUGS & PSYCHOTROPIC SUBSTANCES ACT,Foreigner,0,0,0,0,2025-01,0,0.0
573,B - SPECIAL & LOCAL LAWS,NARCOTIC DRUGS & PSYCHOTROPIC SUBSTANCES ACT,Indian,0,0,1,0,2025-01,-1,-100.0
574,B - SPECIAL & LOCAL LAWS,REPRESENTATIVE OF PEOPLE ACT 1951 & 1988,Assembly,0,0,0,0,2025-01,0,0.0
575,B - SPECIAL & LOCAL LAWS,REPRESENTATIVE OF PEOPLE ACT 1951 & 1989,Parliament,0,0,0,0,2025-01,0,0.0
576,B - SPECIAL & LOCAL LAWS,REPRESENTATIVE OF PEOPLE ACT 1951 & 1990,Other Elected Bodies,0,0,0,0,2025-01,0,0.0
577,B - SPECIAL & LOCAL LAWS,KARNATAKA POLICE ACT 1963,Gambling - Matka (78 Class C),494,466,1039,494,2025-01,-545,-52.45428296438883
578,B - SPECIAL & LOCAL LAWS,KARNATAKA POLICE ACT 1964,Street Gambling (87),481,481,486,481,2025-01,-5,-1.02880658436214
579,B - SPECIAL & LOCAL LAWS,KARNATAKA POLICE ACT 1965,House Gambling (79 & 80),21,13,20,21,2025-01,1,5.0
580,B - SPECIAL & LOCAL LAWS,KARNATAKA POLICE ACT 1966,Betting ,22,12,16,22,2025-01,6,37.5
581,B - SPECIAL & LOCAL LAWS,KARNATAKA POLICE ACT 1967,Others ,64,56,23,64,2025-01,41,178.26086956521738
582,B - SPECIAL & LOCAL LAWS,PREVENTION OF DAMAGE TO PUBLIC PROPERTY ACT 1984,ALL / NOT SPECIFIED,7,11,9,7,2025-01,-2,-22.22222222222222
583,B - SPECIAL & LOCAL LAWS,"POST & TELEGRAPH, TELEGRAPH WIRES (UNLAWFUL POSSESSION) ACT 1980",ALL / NOT SPECIFIED,0,0,0,0,2025-01,0,0.0
584,B - SPECIAL & LOCAL LAWS,OFFICIAL SECURITY RELATED ACTS,Official Secrets Act 1923,0,0,0,0,2025-01,0,0.0
585,B - SPECIAL & LOCAL LAWS,OFFICIAL SECURITY RELATED ACTS,Essential Services Maintenance Act 1981,0,0,0,0,2025-01,0,0.0
586,B - SPECIAL & LOCAL LAWS,PREVENTION OF TERRORISM ACT (POTA),ALL / NOT SPECIFIED,0,0,0,0,2025-01,0,0.0
587,B - SPECIAL & LOCAL LAWS,RAILWAYS ACT,Indian Railways Act 1989,0,0,0,0,2025-01,0,0.0
588,B - SPECIAL & LOCAL LAWS,RAILWAYS ACT,Railway Property (Unlawful Possession) Act 1966,0,0,0,0,2025-01,0,0.0
589,B - SPECIAL & LOCAL LAWS,UNLAWFUL ACTIVITIES (Prevention) Act 1967,ALL / NOT SPECIFIED,0,0,0,0,2025-01,0,0.0
590,B - SPECIAL & LOCAL LAWS,CRIMES RELATED TO WOMEN,Dowry Prohibition,119,223,151,119,2025-01,-32,-21.192052980132452
591,B - SPECIAL & LOCAL LAWS,CRIMES RELATED TO WOMEN,Commission of SATI (Prevention) Act 1987,0,0,0,0,2025-01,0,0.0
592,B - SPECIAL & LOCAL LAWS,CRIMES RELATED TO WOMEN,Indecent Representation of Women (Prohibition) Act 1986,0,0,0,0,2025-01,0,0.0
593,B - SPECIAL & LOCAL LAWS,INDIAN LUNACY ACT,ALL / NOT SPECIFIED,0,0,0,0,2025-01,0,0.0
594,B - SPECIAL & LOCAL LAWS,INDIAN ELECTRICITY ACT,ALL / NOT SPECIFIED,1,0,1,1,2025-01,0,0.0
595,B - SPECIAL & LOCAL LAWS,"COTPA, CIGARETTES AND OTHER TOBACCO PRODUCTS",ALL / NOT SPECIFIED,90,43,208,90,2025-01,-118,-56.730769230769226
596,B - SPECIAL & LOCAL LAWS,KARNATAKA STATE LOCAL ACTS,Prevention of Insult to National Hounours Act 1971,4,1,0,4,2025-01,4,400.0
597,B - SPECIAL & LOCAL LAWS,KARNATAKA STATE LOCAL ACTS,"Prevention of violence against Doctors, Medical professionals and Medical institutions",1,1,2,1,2025-01,-1,-50.0
598,B - SPECIAL & LOCAL LAWS,KARNATAKA STATE LOCAL ACTS,"The Karnataka Prevention of Dangerous Activities of Bootleggers, Drug-offenders, Gamblers, Goonda Act",0,0,0,0,2025-01,0,0.0
599,B - SPECIAL & LOCAL LAWS,KARNATAKA STATE LOCAL ACTS,Karnataka Cow Slaughters Act,14,17,12,14,2025-01,2,16.666666666666664
600,B - SPECIAL & LOCAL LAWS,KARNATAKA STATE LOCAL ACTS,Banning of Unregulated Deposit Schemes Act,1,8,2,1,2025-01,-1,-50.0
601,B - SPECIAL & LOCAL LAWS,KARNATAKA STATE LOCAL ACTS,"Motor Spirit and High Speed Diesel (Regulation of upply, Distribution and Prevention of Malpractice",0,0,0,0,2025-01,0,0.0
602,B - SPECIAL & LOCAL LAWS,KARNATAKA STATE LOCAL ACTS,Karnataka Epidemic Deseases Act 2020,0,0,0,0,2025-01,0,0.0
603,B - SPECIAL & LOCAL LAWS,KARNATAKA STATE LOCAL ACTS,Karnataka Prevention of Slaughter and Preservation of Cattle Act 2020,15,15,27,15,2025-01,-12,-44.44444444444444
604,B - SPECIAL & LOCAL LAWS,KARNATAKA STATE LOCAL ACTS,Disaster Management Act 2005,0,0,0,0,2025-01,0,0.0
605,B - SPECIAL & LOCAL LAWS,KARNATAKA STATE LOCAL ACTS,Karnataka Excise Act 1965,661,402,1499,661,2025-01,-838,-55.903935957304874
606,B - SPECIAL & LOCAL LAWS,KARNATAKA STATE LOCAL ACTS,Karnataka Forest Act 1963,2,12,8,2,2025-01,-6,-75.0
607,B - SPECIAL & LOCAL LAWS,KARNATAKA STATE LOCAL ACTS,Karnataka Education Act 1983 As Amended Upto Date,0,2,0,0,2025-01,0,0.0
608,B - SPECIAL & LOCAL LAWS,KARNATAKA STATE LOCAL ACTS,Karnataka Kerosene Restriction Unuse Act 1956,0,0,0,0,2025-01,0,0.0
609,B - SPECIAL & LOCAL LAWS,KARNATAKA STATE LOCAL ACTS,Karnataka University Act,0,0,0,0,2025-01,0,0.0
610,B - SPECIAL & LOCAL LAWS,KARNATAKA STATE LOCAL ACTS,Karnataka Corruption Act,0,0,0,0,2025-01,0,0.0
611,B - SPECIAL & LOCAL LAWS,KARNATAKA STATE LOCAL ACTS,Karnataka Medical Registration Act 1965,1,0,0,1,2025-01,1,100.0
612,B - SPECIAL & LOCAL LAWS,KARNATAKA STATE LOCAL ACTS,Karnataka Land & Revenue Act 1964 & 2007,2,3,3,2,2025-01,-1,-33.33333333333333
613,B - SPECIAL & LOCAL LAWS,KARNATAKA STATE LOCAL ACTS,Karnataka Kerosene Dealers License Order 1969,0,0,0,0,2025-01,0,0.0
614,B - SPECIAL & LOCAL LAWS,KARNATAKA STATE LOCAL ACTS,Karnataka Society Registration Act,0,0,0,0,2025-01,0,0.0
615,B - SPECIAL & LOCAL LAWS,KARNATAKA STATE LOCAL ACTS,Karnataka Minor Mineral Consistent Rule 1994,0,6,2,0,2025-01,-2,-100.0
616,B - SPECIAL & LOCAL LAWS,KARNATAKA STATE LOCAL ACTS,Bangalore Development Authority Act,0,0,0,0,2025-01,0,0.0
617,B - SPECIAL & LOCAL LAWS,KARNATAKA STATE LOCAL ACTS,Karnataka Prohibition of Beggery Act 1975,0,0,0,0,2025-01,0,0.0
618,B - SPECIAL & LOCAL LAWS,KARNATAKA STATE LOCAL ACTS,Karnataka Municipalities Act 1964,1,0,0,1,2025-01,1,100.0
619,B - SPECIAL & LOCAL LAWS,KARNATAKA STATE LOCAL ACTS,Karnataka Irrigation Act 1963,0,0,0,0,2025-01,0,0.0
620,B - SPECIAL & LOCAL LAWS,KARNATAKA STATE LOCAL ACTS,Karnataka Fire Force act 1964,1,0,0,1,2025-01,1,100.0
621,B - SPECIAL & LOCAL LAWS,KARNATAKA STATE LOCAL ACTS,Karnataka Consumer Protection Act 1986,0,0,0,0,2025-01,0,0.0
622,B - SPECIAL & LOCAL LAWS,KARNATAKA STATE LOCAL ACTS,Karnataka Lottery Act,7,7,1,7,2025-01,6,600.0
623,B - SPECIAL & LOCAL LAWS,KARNATAKA STATE LOCAL ACTS,Karnataka Weight & Measurement Act,0,0,0,0,2025-01,0,0.0
624,B - SPECIAL & LOCAL LAWS,KARNATAKA STATE LOCAL ACTS,Karnataka Agriculture Marketing Regulation Act,0,0,0,0,2025-01,0,0.0
625,B - SPECIAL & LOCAL LAWS,KARNATAKA STATE LOCAL ACTS,Karnataka Revenue Act,0,0,0,0,2025-01,0,0.0
626,B - SPECIAL & LOCAL LAWS,KARNATAKA STATE LOCAL ACTS,Karnataka Mining Act,0,0,0,0,2025-01,0,0.0
627,B - SPECIAL & LOCAL LAWS,KARNATAKA STATE LOCAL ACTS,Karnataka Betting Tax Act,0,0,0,0,2025-01,0,0.0
628,B - SPECIAL & LOCAL LAWS,KARNATAKA STATE LOCAL ACTS,Karnataka Panchayat Raj Act,0,0,0,0,2025-01,0,0.0
629,B - SPECIAL & LOCAL LAWS,KARNATAKA STATE LOCAL ACTS,Karnataka Open Place Disfigurement Act 1951,11,7,8,11,2025-01,3,37.5
630,B - SPECIAL & LOCAL LAWS,KARNATAKA STATE LOCAL ACTS,Karnataka Right To Information Act 2000 & 2008,0,0,0,0,2025-01,0,0.0
631,B - SPECIAL & LOCAL LAWS,KARNATAKA STATE LOCAL ACTS,Karnataka Urban Development Act 1987,0,0,0,0,2025-01,0,0.0
632,B - SPECIAL & LOCAL LAWS,KARNATAKA STATE LOCAL ACTS,Karnataka Town & City Planning Act 1961,0,0,0,0,2025-01,0,0.0
633,B - SPECIAL & LOCAL LAWS,KARNATAKA STATE LOCAL ACTS,Karnataka Race Betting Act,0,0,0,0,2025-01,0,0.0
634,B - SPECIAL & LOCAL LAWS,KARNATAKA STATE LOCAL ACTS,Karnataka Devadasi's (Prohibition Of Dedication) Act 1982,0,0,0,0,2025-01,0,0.0
635,B - SPECIAL & LOCAL LAWS,KARNATAKA STATE LOCAL ACTS,Cooperative Society Act,0,0,0,0,2025-01,0,0.0
636,B - SPECIAL & LOCAL LAWS,KARNATAKA STATE LOCAL ACTS,Karnataka Entertainment Tax Act 1958,0,0,0,0,2025-01,0,0.0
637,B - SPECIAL & LOCAL LAWS,KARNATAKA STATE LOCAL ACTS,Karnataka Land Acquisition (Prohibition) Act 2007,0,0,0,0,2025-01,0,0.0
638,B - SPECIAL & LOCAL LAWS,KARNATAKA STATE LOCAL ACTS,Karnataka Money Lender Act 1961,1,2,2,1,2025-01,-1,-50.0
639,B - SPECIAL & LOCAL LAWS,KARNATAKA STATE LOCAL ACTS,Karnataka Stamp Act 1957,0,0,0,0,2025-01,0,0.0
640,B - SPECIAL & LOCAL LAWS,KARNATAKA STATE LOCAL ACTS,Karnataka Prisoners Act 1963 & 1974,8,2,10,8,2025-01,-2,-20.0
641,B - SPECIAL & LOCAL LAWS,KARNATAKA STATE LOCAL ACTS,Karnataka Private Medical Institution Act 2007,1,0,2,1,2025-01,-1,-50.0
642,B - SPECIAL & LOCAL LAWS,KARNATAKA STATE LOCAL ACTS,MMRD (Mines & Minerals Regulation Development ) Act 1957,5,15,5,5,2025-01,0,0.0
643,B - SPECIAL & LOCAL LAWS,KARNATAKA STATE LOCAL ACTS,Karnataka Treasure Trove Act 1962,0,0,0,0,2025-01,0,0.0
644,B - SPECIAL & LOCAL LAWS,KARNATAKA STATE LOCAL ACTS,Karnataka Prohibition of Charging Exorbitant Interest Act 2004,2,0,1,2,2025-01,1,100.0
645,B - SPECIAL & LOCAL LAWS,KARNATAKA STATE LOCAL ACTS,Karnataka Ayurvedic And Unani Pract. Regis. & Medical Prac. Misc. Prov. Act,0,0,0,0,2025-01,0,0.0
646,B - SPECIAL & LOCAL LAWS,KARNATAKA STATE LOCAL ACTS,Other Local Acts,7,6,13,7,2025-01,-6,-46.15384615384615
647,B - SPECIAL & LOCAL LAWS,CYBER CRIME (INFORMATION TECHNOLOGY ACT),"Information Technology Act 2000, 2009",12,1821,24,12,2025-01,-12,-50.0
648,B - SPECIAL & LOCAL LAWS,CYBER CRIME (INFORMATION TECHNOLOGY ACT),CSAM (Child Pornography). Cyber Tip Line,0,0,0,0,2025-01,0,0.0
649,B - SPECIAL & LOCAL LAWS,CYBER CRIME (INFORMATION TECHNOLOGY ACT),Online Money Transfer,105,6,90,105,2025-01,15,16.666666666666664
650,B - SPECIAL & LOCAL LAWS,CYBER CRIME (INFORMATION TECHNOLOGY ACT),Credit Card Fraud,86,7,89,86,2025-01,-3,-3.3707865168539324
651,B - SPECIAL & LOCAL LAWS,CYBER CRIME (INFORMATION TECHNOLOGY ACT),Loan App,22,6,19,22,2025-01,3,15.789473684210526
652,B - SPECIAL & LOCAL LAWS,CYBER CRIME (INFORMATION TECHNOLOGY ACT),"Ransomeware Attack, Installing Spyware & Troman, Using Other Malware & Viruses to infect degital serv",0,0,0,0,2025-01,0,0.0
653,B - SPECIAL & LOCAL LAWS,CYBER CRIME (INFORMATION TECHNOLOGY ACT),"Gifts, iPhone & Lottery Fraud",7,1,23,7,2025-01,-16,-69.56521739130434
654,B - SPECIAL & LOCAL LAWS,CYBER CRIME (INFORMATION TECHNOLOGY ACT),Deep Fake/Deep Nudes,3,0,1,3,2025-01,2,200.0
655,B - SPECIAL & LOCAL LAWS,CYBER CRIME (INFORMATION TECHNOLOGY ACT),"Investment Fraud (Part Time Job, Task, Review)",273,16,306,273,2025-01,-33,-10.784313725490197
656,B - SPECIAL & LOCAL LAWS,CYBER CRIME (INFORMATION TECHNOLOGY ACT),Card Skimming,0,0,0,0,2025-01,0,0.0
657,B - SPECIAL & LOCAL LAWS,CYBER CRIME (INFORMATION TECHNOLOGY ACT),Job Fraud,31,12,67,31,2025-01,-36,-53.73134328358209
658,B - SPECIAL & LOCAL LAWS,CYBER CRIME (INFORMATION TECHNOLOGY ACT),Business Fraud,18,0,17,18,2025-01,1,5.88235294117647
659,B - SPECIAL & LOCAL LAWS,CYBER CRIME (INFORMATION TECHNOLOGY ACT),Hacking of Accounts & Ids,13,11,15,13,2025-01,-2,-13.333333333333334
660,B - SPECIAL & LOCAL LAWS,CYBER CRIME (INFORMATION TECHNOLOGY ACT),Phishing (Taking Password & Information),6,0,6,6,2025-01,0,0.0
661,B - SPECIAL & LOCAL LAWS,CYBER CRIME (INFORMATION TECHNOLOGY ACT),Email Spoofing / Fraud,3,0,2,3,2025-01,1,50.0
662,B - SPECIAL & LOCAL LAWS,CYBER CRIME (INFORMATION TECHNOLOGY ACT),SIM card Swapping / SIM Jacking / SIM Cloning,0,0,2,0,2025-01,-2,-100.0
663,B - SPECIAL & LOCAL LAWS,CYBER CRIME (INFORMATION TECHNOLOGY ACT),Social Media Cases (Instagram/Facebook/Whatsapp/X /Telegram etc),29,5,28,29,2025-01,1,3.571428571428571
664,B - SPECIAL & LOCAL LAWS,CYBER CRIME (INFORMATION TECHNOLOGY ACT),"Crypto Currency, Bitcoin, etc.",8,0,11,8,2025-01,-3,-27.27272727272727
665,B - SPECIAL & LOCAL LAWS,CYBER CRIME (INFORMATION TECHNOLOGY ACT),Remote Access Fraud  (Any Desk/ Team Viewer),0,0,1,0,2025-01,-1,-100.0
666,B - SPECIAL & LOCAL LAWS,CYBER CRIME (INFORMATION TECHNOLOGY ACT),OLX Fraud,17,3,18,17,2025-01,-1,-5.555555555555555
667,B - SPECIAL & LOCAL LAWS,CYBER CRIME (INFORMATION TECHNOLOGY ACT),Data Theft,8,0,7,8,2025-01,1,14.285714285714285
668,B - SPECIAL & LOCAL LAWS,CYBER CRIME (INFORMATION TECHNOLOGY ACT),Fedex,11,1,34,11,2025-01,-23,-67.64705882352942
669,B - SPECIAL & LOCAL LAWS,CYBER CRIME (INFORMATION TECHNOLOGY ACT),Matrimony Fraud,11,0,6,11,2025-01,5,83.33333333333334
670,B - SPECIAL & LOCAL LAWS,CYBER CRIME (INFORMATION TECHNOLOGY ACT),"OTP Frauds (KYC Update, Apk Link)",73,5,99,73,2025-01,-26,-26.262626262626267
671,B - SPECIAL & LOCAL LAWS,CYBER CRIME (INFORMATION TECHNOLOGY ACT),Sextortion and Revenge Porn,8,0,8,8,2025-01,0,0.0
672,B - SPECIAL & LOCAL LAWS,CYBER CRIME (INFORMATION TECHNOLOGY ACT),Advertising Frauds,6,0,8,6,2025-01,-2,-25.0
673,B - SPECIAL & LOCAL LAWS,CYBER CRIME (INFORMATION TECHNOLOGY ACT),Investment Fraud (Trading & Share Trading),380,4,274,380,2025-01,106,38.68613138686132
674,B - SPECIAL & LOCAL LAWS,CYBER CRIME (INFORMATION TECHNOLOGY ACT),Fake Customer Care,36,0,37,36,2025-01,-1,-2.7027027027027026
675,B - SPECIAL & LOCAL LAWS,CYBER CRIME (INFORMATION TECHNOLOGY ACT),ATM Fraud,5,0,0,5,2025-01,5,500.0
676,B - SPECIAL & LOCAL LAWS,CYBER CRIME (INFORMATION TECHNOLOGY ACT),Digital Arrest,64,0,133,64,2025-01,-69,-51.8796992481203
677,B - SPECIAL & LOCAL LAWS,CYBER CRIME (INFORMATION TECHNOLOGY ACT),AEPS (Aadhaar),0,1,1,0,2025-01,-1,-100.0
678,B - SPECIAL & LOCAL LAWS,CYBER CRIME (INFORMATION TECHNOLOGY ACT),Others ,166,49,194,166,2025-01,-28,-14.432989690721648
679,B - SPECIAL & LOCAL LAWS,NATIONAL SECURITY ACT,ALL / NOT SPECIFIED,0,0,0,0,2025-01,0,0.0
680,B - SPECIAL & LOCAL LAWS,POCSO,Custodial Rape,1,0,0,1,2025-01,1,100.0
681,B - SPECIAL & LOCAL LAWS,POCSO,Gang Rape,0,0,0,0,2025-01,0,0.0
682,B - SPECIAL & LOCAL LAWS,POCSO,Rape with Murder,0,1,0,0,2025-01,0,0.0
683,B - SPECIAL & LOCAL LAWS,POCSO,Rape,216,277,226,216,2025-01,-10,-4.424778761061947
684,B - SPECIAL & LOCAL LAWS,POCSO,Others ,87,70,93,87,2025-01,-6,-6.451612903225806
685,C. CRIMES AGAINST WOMEN,Rape (Sec. 376 IPC),1.1  Custodial Rape,0,1,0,0,2025-01,0,0.0
686,C. CRIMES AGAINST WOMEN,Rape (Sec. 376 IPC),1.2  Gang Rape,2,2,1,2,2025-01,1,100.0
687,C. CRIMES AGAINST WOMEN,Rape (Sec. 376 IPC),1.3  other Cases of Rape,63,50,57,63,2025-01,6,10.526315789473683
688,C. CRIMES AGAINST WOMEN,Outraging modesty (Molestation) (sec.354 IPC),ALL / NOT SPECIFIED,457,533,423,457,2025-01,34,8.037825059101655
689,C. CRIMES AGAINST WOMEN,Kidnapping & Abduction of Women: (Sec.366 IPC),ALL / NOT SPECIFIED,7,9,7,7,2025-01,0,0.0
690,C. CRIMES AGAINST WOMEN,Insulting modesty (Eve-Teasing) (Sec.294 & 509 IPC if victim is a woman),ALL / NOT SPECIFIED,33,6,20,33,2025-01,13,65.0
691,C. CRIMES AGAINST WOMEN,Murder for Dowry - by burning (Sec.302 IPC),ALL / NOT SPECIFIED,0,0,0,0,2025-01,0,0.0
692,C. CRIMES AGAINST WOMEN,"Murder for Dowry - by other means
(Sec.302 IPC)",ALL / NOT SPECIFIED,0,0,1,0,2025-01,-1,-100.0
693,C. CRIMES AGAINST WOMEN,Murder for other reasons,ALL / NOT SPECIFIED,34,28,32,34,2025-01,2,6.25
694,C. CRIMES AGAINST WOMEN,Attempt to Commit Murder for dowry by burning (Sec.307 IPC),ALL / NOT SPECIFIED,0,0,0,0,2025-01,0,0.0
695,C. CRIMES AGAINST WOMEN,Attempt to Commit Murder for dowry by other means (Sec.307 IPC),ALL / NOT SPECIFIED,1,7,1,1,2025-01,0,0.0
696,C. CRIMES AGAINST WOMEN,Attempt to Commit murder for other reasons,ALL / NOT SPECIFIED,101,51,61,101,2025-01,40,65.57377049180327
697,C. CRIMES AGAINST WOMEN,"Dowry Death-by burning
(Sec.304-B IPC)",ALL / NOT SPECIFIED,0,0,0,0,2025-01,0,0.0
698,C. CRIMES AGAINST WOMEN,Dowry Death-by other Means (Sec.304(B) IPC),ALL / NOT SPECIFIED,11,5,6,11,2025-01,5,83.33333333333334
699,C. CRIMES AGAINST WOMEN,Cruelty by Husband or Relatives of Husband (Sec.498-A IPC),ALL / NOT SPECIFIED,252,224,212,252,2025-01,40,18.867924528301888
700,C. CRIMES AGAINST WOMEN,Abetment of Suicide (Sec.306 IPC),ALL / NOT SPECIFIED,15,12,10,15,2025-01,5,50.0
701,C. CRIMES AGAINST WOMEN,Immoral Traffic (prevention) Act.,ALL / NOT SPECIFIED,30,32,19,30,2025-01,11,57.89473684210527
702,C. CRIMES AGAINST WOMEN,Indecent Representation of Women(Prohibition) Act-1986,ALL / NOT SPECIFIED,0,0,0,0,2025-01,0,0.0
703,C. CRIMES AGAINST WOMEN,Pornography,ALL / NOT SPECIFIED,0,0,0,0,2025-01,0,0.0
704,C. CRIMES AGAINST WOMEN,Offences against Public Servants (Sec.182-188-333-353 IPC),ALL / NOT SPECIFIED,6,8,8,6,2025-01,-2,-25.0
705,C. CRIMES AGAINST WOMEN,Offences related to Marriage,ALL / NOT SPECIFIED,4,4,4,4,2025-01,0,0.0
706,C. CRIMES AGAINST WOMEN,Cyber Crimes,ALL / NOT SPECIFIED,397,619,530,397,2025-01,-133,-25.09433962264151
707,D.CRIME AGAINST CHILDREN,"Infanticide/ Foeticide 
(Sec. 315 & 316 IPC)",ALL / NOT SPECIFIED,1,0,0,1,2025-01,1,100.0
708,D.CRIME AGAINST CHILDREN,Rape on Minor,ALL / NOT SPECIFIED,0,0,0,0,2025-01,0,0.0
709,D.CRIME AGAINST CHILDREN,Exposure & abandonment (Sec. 317 IPC),ALL / NOT SPECIFIED,5,5,9,5,2025-01,-4,-44.44444444444444
710,D.CRIME AGAINST CHILDREN,Kidnapping & Abduction of Children,ALL / NOT SPECIFIED,351,324,308,351,2025-01,43,13.96103896103896
711,D.CRIME AGAINST CHILDREN,For Ransom - of Children,ALL / NOT SPECIFIED,3,0,1,3,2025-01,2,200.0
712,D.CRIME AGAINST CHILDREN,of Children - for begging,ALL / NOT SPECIFIED,0,0,0,0,2025-01,0,0.0
713,D.CRIME AGAINST CHILDREN,of Girls - Immoral Purpose,ALL / NOT SPECIFIED,0,0,0,0,2025-01,0,0.0
714,D.CRIME AGAINST CHILDREN,With intent to Steal from Child,ALL / NOT SPECIFIED,0,0,0,0,2025-01,0,0.0
715,D.CRIME AGAINST CHILDREN,Lawful Guardianship,ALL / NOT SPECIFIED,0,0,0,0,2025-01,0,0.0
716,D.CRIME AGAINST CHILDREN,Procuration of Minor Girls - For Prostitution,ALL / NOT SPECIFIED,0,0,0,0,2025-01,0,0.0
717,D.CRIME AGAINST CHILDREN,Procuration of Minor Girls - Importing of Girl,ALL / NOT SPECIFIED,0,0,0,0,2025-01,0,0.0
718,D.CRIME AGAINST CHILDREN,Procuration of Minor Girls - For Other Purposes,ALL / NOT SPECIFIED,3,1,2,3,2025-01,1,50.0
719,D.CRIME AGAINST CHILDREN,Selling of girls for Prostitution (Sec.372 IPC),ALL / NOT SPECIFIED,0,0,0,0,2025-01,0,0.0
720,D.CRIME AGAINST CHILDREN,The Prohibition of Child Marriage Act - 2006,ALL / NOT SPECIFIED,11,8,10,11,2025-01,1,10.0
721,D.CRIME AGAINST CHILDREN,POCSO Act,ALL / NOT SPECIFIED,304,348,319,304,2025-01,-15,-4.702194357366771
722,D.CRIME AGAINST CHILDREN,Death of Children due to miscarriage,ALL / NOT SPECIFIED,0,3,1,0,2025-01,-1,-100.0
723,D.CRIME AGAINST CHILDREN,Juvenile Justice Act,ALL / NOT SPECIFIED,12,9,13,12,2025-01,-1,-7.6923076923076925
724,D.CRIME AGAINST CHILDREN,Child Labour (Pro.& Reg.) Act,ALL / NOT SPECIFIED,10,13,3,10,2025-01,7,233.33333333333334
725,D.CRIME AGAINST CHILDREN,Probation of Offenders Act,ALL / NOT SPECIFIED,0,0,0,0,2025-01,0,0.0
726,"    E. CRIME AGAINST SCHEDULED CASTES /TRIBES BY NON SCs/STs 
",Murder,ALL / NOT SPECIFIED,6,11,11,6,2025-01,-5,-45.45454545454545
727,"    E. CRIME AGAINST SCHEDULED CASTES /TRIBES BY NON SCs/STs 
",Rape,ALL / NOT SPECIFIED,8,6,10,8,2025-01,-2,-20.0
728,"    E. CRIME AGAINST SCHEDULED CASTES /TRIBES BY NON SCs/STs 
",Kidnapping,ALL / NOT SPECIFIED,4,4,1,4,2025-01,3,300.0
729,"    E. CRIME AGAINST SCHEDULED CASTES /TRIBES BY NON SCs/STs 
",Offences under the Protection of Civil Rights Act.,ALL / NOT SPECIFIED,0,0,2,0,2025-01,-2,-100.0
1,A - IPC Crime,"Murder (Sec.302/303 IPC/103,104 BNS)",For gain,7,2,4,3,2025-02,-1,-25.0
2,A - IPC Crime,"Murder (Sec.302/303 IPC/103,104 BNS)",Over Property Dispute,6,6,2,4,2025-02,2,100.0
3,A - IPC Crime,"Murder (Sec.302/303 IPC/103,104 BNS)",Due to Personal Vendetta or enemity,7,1,2,5,2025-02,3,150.0
4,A - IPC Crime,"Murder (Sec.302/303 IPC/103,104 BNS)",Due to Sexual jealousy,6,1,2,4,2025-02,2,100.0
5,A - IPC Crime,"Murder (Sec.302/303 IPC/103,104 BNS)",For dowry by burning,1,0,1,0,2025-02,-1,-100.0
6,A - IPC Crime,"Murder (Sec.302/303 IPC/103,104 BNS)",For dowry by other means,0,0,0,0,2025-02,0,0.0
7,A - IPC Crime,"Murder (Sec.302/303 IPC/103,104 BNS)",Due to Communalism,0,0,0,0,2025-02,0,0.0
8,A - IPC Crime,"Murder (Sec.302/303 IPC/103,104 BNS)",Due to Casteism,0,0,0,0,2025-02,0,0.0
9,A - IPC Crime,"Murder (Sec.302/303 IPC/103,104 BNS)",Witch Craft (Sorcery),0,0,0,0,2025-02,0,0.0
10,A - IPC Crime,"Murder (Sec.302/303 IPC/103,104 BNS)",For Human Sacrifice,0,0,0,0,2025-02,0,0.0
11,A - IPC Crime,"Murder (Sec.302/303 IPC/103,104 BNS)",Due to Terrorism/Naxalism / Extremism,0,0,0,0,2025-02,0,0.0
12,A - IPC Crime,"Murder (Sec.302/303 IPC/103,104 BNS)",For Political Reasons,0,0,0,0,2025-02,0,0.0
13,A - IPC Crime,"Murder (Sec.302/303 IPC/103,104 BNS)",Due to Adultery,2,4,0,2,2025-02,2,200.0
14,A - IPC Crime,"Murder (Sec.302/303 IPC/103,104 BNS)",Civil Disputes,11,6,6,5,2025-02,-1,-16.666666666666664
15,A - IPC Crime,"Murder (Sec.302/303 IPC/103,104 BNS)",Electoral Gain,0,0,0,0,2025-02,0,0.0
16,A - IPC Crime,"Murder (Sec.302/303 IPC/103,104 BNS)",Gang Rivalry,0,1,0,0,2025-02,0,0.0
17,A - IPC Crime,"Murder (Sec.302/303 IPC/103,104 BNS)",Love Intrigue,3,1,2,1,2025-02,-1,-50.0
18,A - IPC Crime,"Murder (Sec.302/303 IPC/103,104 BNS)",Professional ,0,0,0,0,2025-02,0,0.0
19,A - IPC Crime,"Murder (Sec.302/303 IPC/103,104 BNS)",Psychopathic/Serial Killer/Lunacy,0,0,0,0,2025-02,0,0.0
20,A - IPC Crime,"Murder (Sec.302/303 IPC/103,104 BNS)",Rape with Murder,3,1,2,1,2025-02,-1,-50.0
21,A - IPC Crime,"Murder (Sec.302/303 IPC/103,104 BNS)",Revenge/Enemity,5,7,5,0,2025-02,-5,-100.0
22,A - IPC Crime,"Murder (Sec.302/303 IPC/103,104 BNS)",Sudden Quarrel,18,7,7,11,2025-02,4,57.14285714285714
23,A - IPC Crime,"Murder (Sec.302/303 IPC/103,104 BNS)",Village Dispute,0,0,0,0,2025-02,0,0.0
24,A - IPC Crime,"Murder (Sec.302/303 IPC/103,104 BNS)",Custodial,0,0,0,0,2025-02,0,0.0
25,A - IPC Crime,"Murder (Sec.302/303 IPC/103,104 BNS)",Due to Other Causes,133,82,68,65,2025-02,-3,-4.411764705882353
26,A - IPC Crime,ATTEMPT TO MURDER (Sec. 307 IPC/109BNS),For Gain ,3,2,1,2,2025-02,1,100.0
27,A - IPC Crime,ATTEMPT TO MURDER (Sec. 307 IPC/109BNS),Over Property Dispute,7,3,3,4,2025-02,1,33.33333333333333
28,A - IPC Crime,ATTEMPT TO MURDER (Sec. 307 IPC/109BNS),Due to Personal Vendetta or enemity,18,4,15,3,2025-02,-12,-80.0
29,A - IPC Crime,ATTEMPT TO MURDER (Sec. 307 IPC/109BNS),Due to Sexual jealousy,0,3,0,0,2025-02,0,0.0
30,A - IPC Crime,ATTEMPT TO MURDER (Sec. 307 IPC/109BNS),For Dowry other Means,5,2,0,5,2025-02,5,500.0
31,A - IPC Crime,ATTEMPT TO MURDER (Sec. 307 IPC/109BNS),Dowry By Burning,0,0,0,0,2025-02,0,0.0
32,A - IPC Crime,ATTEMPT TO MURDER (Sec. 307 IPC/109BNS),Due to Communalism,0,0,0,0,2025-02,0,0.0
33,A - IPC Crime,ATTEMPT TO MURDER (Sec. 307 IPC/109BNS),Due to Casteism,0,0,0,0,2025-02,0,0.0
34,A - IPC Crime,ATTEMPT TO MURDER (Sec. 307 IPC/109BNS),Witch Craft (Sorcery),0,0,0,0,2025-02,0,0.0
35,A - IPC Crime,ATTEMPT TO MURDER (Sec. 307 IPC/109BNS),For Human Sacrifice,0,0,0,0,2025-02,0,0.0
36,A - IPC Crime,ATTEMPT TO MURDER (Sec. 307 IPC/109BNS),Terrorism /Naxalism / Extremism,0,0,0,0,2025-02,0,0.0
37,A - IPC Crime,ATTEMPT TO MURDER (Sec. 307 IPC/109BNS),For Political Reasons,1,0,0,1,2025-02,1,100.0
38,A - IPC Crime,ATTEMPT TO MURDER (Sec. 307 IPC/109BNS),Adultery,1,1,0,1,2025-02,1,100.0
39,A - IPC Crime,ATTEMPT TO MURDER (Sec. 307 IPC/109BNS),Electoral Gain,0,0,0,0,2025-02,0,0.0
40,A - IPC Crime,ATTEMPT TO MURDER (Sec. 307 IPC/109BNS),Gang Rivalry,1,0,1,0,2025-02,-1,-100.0
41,A - IPC Crime,ATTEMPT TO MURDER (Sec. 307 IPC/109BNS),Love Intrigue,4,1,2,2,2025-02,0,0.0
42,A - IPC Crime,ATTEMPT TO MURDER (Sec. 307 IPC/109BNS),Professional ,0,0,0,0,2025-02,0,0.0
43,A - IPC Crime,ATTEMPT TO MURDER (Sec. 307 IPC/109BNS),Rape,0,0,0,0,2025-02,0,0.0
44,A - IPC Crime,ATTEMPT TO MURDER (Sec. 307 IPC/109BNS),Revenge/Enemity,49,26,31,18,2025-02,-13,-41.935483870967744
45,A - IPC Crime,ATTEMPT TO MURDER (Sec. 307 IPC/109BNS),Sudden Quarrel,48,22,23,25,2025-02,2,8.695652173913043
46,A - IPC Crime,ATTEMPT TO MURDER (Sec. 307 IPC/109BNS),Village Dispute,2,1,1,1,2025-02,0,0.0
47,A - IPC Crime,ATTEMPT TO MURDER (Sec. 307 IPC/109BNS),Due to Other Causes,347,135,183,164,2025-02,-19,-10.382513661202186
48,A - IPC Crime,ATTEMPT TO MURDER (Sec. 307 IPC/109BNS),Civil Disputes,62,24,29,33,2025-02,4,13.793103448275861
49,A - IPC Crime,CULPABLE HOMICIDE NOT AMOUNTING TO MUDER (Sec.304 IPC/105 BNS),For Gain,0,0,0,0,2025-02,0,0.0
50,A - IPC Crime,CULPABLE HOMICIDE NOT AMOUNTING TO MUDER (Sec.304 IPC/105 BNS),Over Civil Dispute,0,0,0,0,2025-02,0,0.0
51,A - IPC Crime,CULPABLE HOMICIDE NOT AMOUNTING TO MUDER (Sec.304 IPC/105 BNS),Due to Personal Vendetta or enemity,0,0,0,0,2025-02,0,0.0
52,A - IPC Crime,CULPABLE HOMICIDE NOT AMOUNTING TO MUDER (Sec.304 IPC/105 BNS),Due to Sexual jealousy,0,0,0,0,2025-02,0,0.0
53,A - IPC Crime,CULPABLE HOMICIDE NOT AMOUNTING TO MUDER (Sec.304 IPC/105 BNS),For Dowry,0,0,0,0,2025-02,0,0.0
54,A - IPC Crime,CULPABLE HOMICIDE NOT AMOUNTING TO MUDER (Sec.304 IPC/105 BNS),Due to Communalism,0,0,0,0,2025-02,0,0.0
55,A - IPC Crime,CULPABLE HOMICIDE NOT AMOUNTING TO MUDER (Sec.304 IPC/105 BNS),Due to Casteism,0,0,0,0,2025-02,0,0.0
56,A - IPC Crime,CULPABLE HOMICIDE NOT AMOUNTING TO MUDER (Sec.304 IPC/105 BNS),Witch Craft (Sorcery),0,0,0,0,2025-02,0,0.0
57,A - IPC Crime,CULPABLE HOMICIDE NOT AMOUNTING TO MUDER (Sec.304 IPC/105 BNS),For Human Sacrifice,0,0,0,0,2025-02,0,0.0
58,A - IPC Crime,CULPABLE HOMICIDE NOT AMOUNTING TO MUDER (Sec.304 IPC/105 BNS),Terrorism /Naxalism / Extremism,0,0,0,0,2025-02,0,0.0
59,A - IPC Crime,CULPABLE HOMICIDE NOT AMOUNTING TO MUDER (Sec.304 IPC/105 BNS),For Political Reasons,0,0,0,0,2025-02,0,0.0
60,A - IPC Crime,CULPABLE HOMICIDE NOT AMOUNTING TO MUDER (Sec.304 IPC/105 BNS),Adultery,0,0,0,0,2025-02,0,0.0
61,A - IPC Crime,CULPABLE HOMICIDE NOT AMOUNTING TO MUDER (Sec.304 IPC/105 BNS),Property Disputes,0,0,0,0,2025-02,0,0.0
62,A - IPC Crime,CULPABLE HOMICIDE NOT AMOUNTING TO MUDER (Sec.304 IPC/105 BNS),Electoral Gain,0,0,0,0,2025-02,0,0.0
63,A - IPC Crime,CULPABLE HOMICIDE NOT AMOUNTING TO MUDER (Sec.304 IPC/105 BNS),Gang Rivalry,0,0,0,0,2025-02,0,0.0
64,A - IPC Crime,CULPABLE HOMICIDE NOT AMOUNTING TO MUDER (Sec.304 IPC/105 BNS),Love Intrigue,0,0,0,0,2025-02,0,0.0
65,A - IPC Crime,CULPABLE HOMICIDE NOT AMOUNTING TO MUDER (Sec.304 IPC/105 BNS),Professional ,0,0,0,0,2025-02,0,0.0
66,A - IPC Crime,CULPABLE HOMICIDE NOT AMOUNTING TO MUDER (Sec.304 IPC/105 BNS),Sudden Quarrel,3,1,1,2,2025-02,1,100.0
67,A - IPC Crime,CULPABLE HOMICIDE NOT AMOUNTING TO MUDER (Sec.304 IPC/105 BNS),Due to Other Causes,16,14,7,9,2025-02,2,28.57142857142857
68,A - IPC Crime,ATTEMPT TO CULPABLE HOMICIDE NOT AMOUNTING TO MURDER (Sec. 308 IPC/110 BNS),For Gain,0,0,0,0,2025-02,0,0.0
69,A - IPC Crime,ATTEMPT TO CULPABLE HOMICIDE NOT AMOUNTING TO MURDER (Sec. 308 IPC/110 BNS),Over Civil Dispute,0,1,0,0,2025-02,0,0.0
70,A - IPC Crime,ATTEMPT TO CULPABLE HOMICIDE NOT AMOUNTING TO MURDER (Sec. 308 IPC/110 BNS),Due to Personal Vendetta or enemity,0,0,0,0,2025-02,0,0.0
71,A - IPC Crime,ATTEMPT TO CULPABLE HOMICIDE NOT AMOUNTING TO MURDER (Sec. 308 IPC/110 BNS),Due to Sexual jealousy,0,0,0,0,2025-02,0,0.0
72,A - IPC Crime,ATTEMPT TO CULPABLE HOMICIDE NOT AMOUNTING TO MURDER (Sec. 308 IPC/110 BNS),For Dowry,0,0,0,0,2025-02,0,0.0
73,A - IPC Crime,ATTEMPT TO CULPABLE HOMICIDE NOT AMOUNTING TO MURDER (Sec. 308 IPC/110 BNS),Due to Communalism,0,0,0,0,2025-02,0,0.0
74,A - IPC Crime,ATTEMPT TO CULPABLE HOMICIDE NOT AMOUNTING TO MURDER (Sec. 308 IPC/110 BNS),Due to Casteism,0,0,0,0,2025-02,0,0.0
75,A - IPC Crime,ATTEMPT TO CULPABLE HOMICIDE NOT AMOUNTING TO MURDER (Sec. 308 IPC/110 BNS),Witch Craft (Sorcery),0,0,0,0,2025-02,0,0.0
76,A - IPC Crime,ATTEMPT TO CULPABLE HOMICIDE NOT AMOUNTING TO MURDER (Sec. 308 IPC/110 BNS),For Human Sacrifice,0,0,0,0,2025-02,0,0.0
77,A - IPC Crime,ATTEMPT TO CULPABLE HOMICIDE NOT AMOUNTING TO MURDER (Sec. 308 IPC/110 BNS),Terrorism /Naxalism / Extremism,0,0,0,0,2025-02,0,0.0
78,A - IPC Crime,ATTEMPT TO CULPABLE HOMICIDE NOT AMOUNTING TO MURDER (Sec. 308 IPC/110 BNS),For Political Reasons,0,0,0,0,2025-02,0,0.0
79,A - IPC Crime,ATTEMPT TO CULPABLE HOMICIDE NOT AMOUNTING TO MURDER (Sec. 308 IPC/110 BNS),Due to Other Causes,6,3,3,3,2025-02,0,0.0
80,A - IPC Crime,ATTEMPT TO CULPABLE HOMICIDE NOT AMOUNTING TO MURDER (Sec. 308 IPC/110 BNS),Adultery,1,0,1,0,2025-02,-1,-100.0
81,A - IPC Crime,ATTEMPT TO CULPABLE HOMICIDE NOT AMOUNTING TO MURDER (Sec. 308 IPC/110 BNS),Property Disputes,0,0,0,0,2025-02,0,0.0
82,A - IPC Crime,ATTEMPT TO CULPABLE HOMICIDE NOT AMOUNTING TO MURDER (Sec. 308 IPC/110 BNS),Electoral Gain,0,0,0,0,2025-02,0,0.0
83,A - IPC Crime,ATTEMPT TO CULPABLE HOMICIDE NOT AMOUNTING TO MURDER (Sec. 308 IPC/110 BNS),Gang Rivalry,0,0,0,0,2025-02,0,0.0
84,A - IPC Crime,ATTEMPT TO CULPABLE HOMICIDE NOT AMOUNTING TO MURDER (Sec. 308 IPC/110 BNS),Love Intrigue,0,0,0,0,2025-02,0,0.0
85,A - IPC Crime,ATTEMPT TO CULPABLE HOMICIDE NOT AMOUNTING TO MURDER (Sec. 308 IPC/110 BNS),Professional ,0,0,0,0,2025-02,0,0.0
86,A - IPC Crime,ATTEMPT TO CULPABLE HOMICIDE NOT AMOUNTING TO MURDER (Sec. 308 IPC/110 BNS),Sudden Quarrel,1,1,1,0,2025-02,-1,-100.0
87,A - IPC Crime,"RAPE (Sec.376, 376(A) to 376 (D) IPC/64 TO 71 BNS)",Custodial Rape,0,0,0,0,2025-02,0,0.0
88,A - IPC Crime,"RAPE (Sec.376, 376(A) to 376 (D) IPC/64 TO 71 BNS)",Attempt to Commit,5,1,2,3,2025-02,1,50.0
89,A - IPC Crime,"RAPE (Sec.376, 376(A) to 376 (D) IPC/64 TO 71 BNS)",By a Gang,2,1,1,1,2025-02,0,0.0
90,A - IPC Crime,"RAPE (Sec.376, 376(A) to 376 (D) IPC/64 TO 71 BNS)",By Parents,0,0,0,0,2025-02,0,0.0
91,A - IPC Crime,"RAPE (Sec.376, 376(A) to 376 (D) IPC/64 TO 71 BNS)",By Hospital Staff,0,0,0,0,2025-02,0,0.0
92,A - IPC Crime,"RAPE (Sec.376, 376(A) to 376 (D) IPC/64 TO 71 BNS)",By Husband During Sepearation,0,0,0,0,2025-02,0,0.0
93,A - IPC Crime,"RAPE (Sec.376, 376(A) to 376 (D) IPC/64 TO 71 BNS)",By Neighbours,8,5,6,2,2025-02,-4,-66.66666666666666
94,A - IPC Crime,"RAPE (Sec.376, 376(A) to 376 (D) IPC/64 TO 71 BNS)",By Relatives,4,3,3,1,2025-02,-2,-66.66666666666666
95,A - IPC Crime,"RAPE (Sec.376, 376(A) to 376 (D) IPC/64 TO 71 BNS)",In Jail Custody,0,0,0,0,2025-02,0,0.0
96,A - IPC Crime,"RAPE (Sec.376, 376(A) to 376 (D) IPC/64 TO 71 BNS)",In Remand Home,0,0,0,0,2025-02,0,0.0
97,A - IPC Crime,"RAPE (Sec.376, 376(A) to 376 (D) IPC/64 TO 71 BNS)",InCest,0,0,0,0,2025-02,0,0.0
98,A - IPC Crime,"RAPE (Sec.376, 376(A) to 376 (D) IPC/64 TO 71 BNS)",Known Person,80,21,37,43,2025-02,6,16.216216216216218
99,A - IPC Crime,"RAPE (Sec.376, 376(A) to 376 (D) IPC/64 TO 71 BNS)",Unknown Person,1,0,1,0,2025-02,-1,-100.0
100,A - IPC Crime,"RAPE (Sec.376, 376(A) to 376 (D) IPC/64 TO 71 BNS)",Due to Other Causes,42,27,15,27,2025-02,12,80.0
101,A - IPC Crime,"RAPE (Sec.376, 376(A) to 376 (D) IPC/64 TO 71 BNS)",On Minor,0,0,0,0,2025-02,0,0.0
102,A - IPC Crime,"KIDNAPPING AND ABDUCTION (Sec.360, 361, 363 to 369 IPC/137(1)(A),137(1)(B),137(2),140 TO 142,97 BNS)",Missing - Boy,470,200,209,261,2025-02,52,24.880382775119617
103,A - IPC Crime,"KIDNAPPING AND ABDUCTION (Sec.360, 361, 363 to 369 IPC/137(1)(A),137(1)(B),137(2),140 TO 142,97 BNS)",Missing - Girl,142,93,75,67,2025-02,-8,-10.666666666666668
104,A - IPC Crime,"KIDNAPPING AND ABDUCTION (Sec.360, 361, 363 to 369 IPC/137(1)(A),137(1)(B),137(2),140 TO 142,97 BNS)",For Ransom - of Children,4,1,3,1,2025-02,-2,-66.66666666666666
105,A - IPC Crime,"KIDNAPPING AND ABDUCTION (Sec.360, 361, 363 to 369 IPC/137(1)(A),137(1)(B),137(2),140 TO 142,97 BNS)",For Ransom - of Cildren for Begging,0,0,0,0,2025-02,0,0.0
106,A - IPC Crime,"KIDNAPPING AND ABDUCTION (Sec.360, 361, 363 to 369 IPC/137(1)(A),137(1)(B),137(2),140 TO 142,97 BNS)",For Ransom - of Women,2,1,1,1,2025-02,0,0.0
107,A - IPC Crime,"KIDNAPPING AND ABDUCTION (Sec.360, 361, 363 to 369 IPC/137(1)(A),137(1)(B),137(2),140 TO 142,97 BNS)",For Ransom - of Girls for Immoral Purpose,0,0,0,0,2025-02,0,0.0
108,A - IPC Crime,"KIDNAPPING AND ABDUCTION (Sec.360, 361, 363 to 369 IPC/137(1)(A),137(1)(B),137(2),140 TO 142,97 BNS)",For Ransom - of  Others,10,5,3,7,2025-02,4,133.33333333333331
109,A - IPC Crime,"KIDNAPPING AND ABDUCTION (Sec.360, 361, 363 to 369 IPC/137(1)(A),137(1)(B),137(2),140 TO 142,97 BNS)",Procuration of Minor Girls - For Prostitution,0,0,0,0,2025-02,0,0.0
110,A - IPC Crime,"KIDNAPPING AND ABDUCTION (Sec.360, 361, 363 to 369 IPC/137(1)(A),137(1)(B),137(2),140 TO 142,97 BNS)",Procuration of Minor Girls - Importring of Girl,0,0,0,0,2025-02,0,0.0
111,A - IPC Crime,"KIDNAPPING AND ABDUCTION (Sec.360, 361, 363 to 369 IPC/137(1)(A),137(1)(B),137(2),140 TO 142,97 BNS)",Procuration of Minor Girls - For other Purpose,4,3,1,3,2025-02,2,200.0
112,A - IPC Crime,"KIDNAPPING AND ABDUCTION (Sec.360, 361, 363 to 369 IPC/137(1)(A),137(1)(B),137(2),140 TO 142,97 BNS)",Espionage,0,0,0,0,2025-02,0,0.0
113,A - IPC Crime,"KIDNAPPING AND ABDUCTION (Sec.360, 361, 363 to 369 IPC/137(1)(A),137(1)(B),137(2),140 TO 142,97 BNS)",Intent to Steal From Child,0,0,0,0,2025-02,0,0.0
114,A - IPC Crime,"KIDNAPPING AND ABDUCTION (Sec.360, 361, 363 to 369 IPC/137(1)(A),137(1)(B),137(2),140 TO 142,97 BNS)",Murder (Homicide),0,0,0,0,2025-02,0,0.0
115,A - IPC Crime,"KIDNAPPING AND ABDUCTION (Sec.360, 361, 363 to 369 IPC/137(1)(A),137(1)(B),137(2),140 TO 142,97 BNS)",Obtain Signature Forcibly,0,0,0,0,2025-02,0,0.0
116,A - IPC Crime,"KIDNAPPING AND ABDUCTION (Sec.360, 361, 363 to 369 IPC/137(1)(A),137(1)(B),137(2),140 TO 142,97 BNS)",Recovering Loan,0,0,0,0,2025-02,0,0.0
117,A - IPC Crime,"KIDNAPPING AND ABDUCTION (Sec.360, 361, 363 to 369 IPC/137(1)(A),137(1)(B),137(2),140 TO 142,97 BNS)",Settling any Disputes,1,1,0,1,2025-02,1,100.0
118,A - IPC Crime,"KIDNAPPING AND ABDUCTION (Sec.360, 361, 363 to 369 IPC/137(1)(A),137(1)(B),137(2),140 TO 142,97 BNS)",Unnatural Lust / Illicit Intercourse,0,0,0,0,2025-02,0,0.0
119,A - IPC Crime,"KIDNAPPING AND ABDUCTION (Sec.360, 361, 363 to 369 IPC/137(1)(A),137(1)(B),137(2),140 TO 142,97 BNS)",Wrongful Confinement,1,1,0,1,2025-02,1,100.0
120,A - IPC Crime,"KIDNAPPING AND ABDUCTION (Sec.360, 361, 363 to 369 IPC/137(1)(A),137(1)(B),137(2),140 TO 142,97 BNS)",For Exporting,0,0,0,0,2025-02,0,0.0
121,A - IPC Crime,"KIDNAPPING AND ABDUCTION (Sec.360, 361, 363 to 369 IPC/137(1)(A),137(1)(B),137(2),140 TO 142,97 BNS)",From Lawful Guardianship,0,0,0,0,2025-02,0,0.0
122,A - IPC Crime,"KIDNAPPING AND ABDUCTION (Sec.360, 361, 363 to 369 IPC/137(1)(A),137(1)(B),137(2),140 TO 142,97 BNS)",For Camel Racing Etc.,0,0,0,0,2025-02,0,0.0
123,A - IPC Crime,"KIDNAPPING AND ABDUCTION (Sec.360, 361, 363 to 369 IPC/137(1)(A),137(1)(B),137(2),140 TO 142,97 BNS)",To Compel For Marriage,0,1,0,0,2025-02,0,0.0
124,A - IPC Crime,"KIDNAPPING AND ABDUCTION (Sec.360, 361, 363 to 369 IPC/137(1)(A),137(1)(B),137(2),140 TO 142,97 BNS)",For Slavery,0,0,0,0,2025-02,0,0.0
125,A - IPC Crime,"KIDNAPPING AND ABDUCTION (Sec.360, 361, 363 to 369 IPC/137(1)(A),137(1)(B),137(2),140 TO 142,97 BNS)",For Stealing From its Person,0,0,0,0,2025-02,0,0.0
126,A - IPC Crime,"KIDNAPPING AND ABDUCTION (Sec.360, 361, 363 to 369 IPC/137(1)(A),137(1)(B),137(2),140 TO 142,97 BNS)",Others,85,36,39,46,2025-02,7,17.94871794871795
127,A - IPC Crime,"DACOITY (Sec. 395 to 398 IPC/310(2),310(4),311,312 BNS)",At ATM,0,0,0,0,2025-02,0,0.0
128,A - IPC Crime,"DACOITY (Sec. 395 to 398 IPC/310(2),310(4),311,312 BNS)",At Residential Premises,5,9,3,2,2025-02,-1,-33.33333333333333
129,A - IPC Crime,"DACOITY (Sec. 395 to 398 IPC/310(2),310(4),311,312 BNS)",On Highways,4,0,3,1,2025-02,-2,-66.66666666666666
130,A - IPC Crime,"DACOITY (Sec. 395 to 398 IPC/310(2),310(4),311,312 BNS)",In Trains,1,0,0,1,2025-02,1,100.0
131,A - IPC Crime,"DACOITY (Sec. 395 to 398 IPC/310(2),310(4),311,312 BNS)",At Banks,1,0,1,0,2025-02,-1,-100.0
132,A - IPC Crime,"DACOITY (Sec. 395 to 398 IPC/310(2),310(4),311,312 BNS)",At Commercial Places / Establishments,1,2,1,0,2025-02,-1,-100.0
133,A - IPC Crime,"DACOITY (Sec. 395 to 398 IPC/310(2),310(4),311,312 BNS)",On Other Roads,8,2,4,4,2025-02,0,0.0
134,A - IPC Crime,"DACOITY (Sec. 395 to 398 IPC/310(2),310(4),311,312 BNS)",In Other Places,4,3,1,3,2025-02,2,200.0
135,A - IPC Crime,"DACOITY (Sec. 395 to 398 IPC/310(2),310(4),311,312 BNS)",River & Sea,0,1,0,0,2025-02,0,0.0
136,A - IPC Crime,"DACOITY (Sec. 395 to 398 IPC/310(2),310(4),311,312 BNS)",Preparation And Assembly for Dacoity,14,10,7,7,2025-02,0,0.0
137,A - IPC Crime,"Robbery (Sec.392 to 394 IPC/309(4),309(5),309(6) BNS)",At ATM,0,0,0,0,2025-02,0,0.0
138,A - IPC Crime,"Robbery (Sec.392 to 394 IPC/309(4),309(5),309(6) BNS)",At Residential Premises,24,12,14,10,2025-02,-4,-28.57142857142857
139,A - IPC Crime,"Robbery (Sec.392 to 394 IPC/309(4),309(5),309(6) BNS)",On Highways,11,10,6,5,2025-02,-1,-16.666666666666664
140,A - IPC Crime,"Robbery (Sec.392 to 394 IPC/309(4),309(5),309(6) BNS)",In Trains,1,1,0,1,2025-02,1,100.0
141,A - IPC Crime,"Robbery (Sec.392 to 394 IPC/309(4),309(5),309(6) BNS)",At Banks,0,0,0,0,2025-02,0,0.0
142,A - IPC Crime,"Robbery (Sec.392 to 394 IPC/309(4),309(5),309(6) BNS)",At Commercial Places / Establishments,4,5,3,1,2025-02,-2,-66.66666666666666
143,A - IPC Crime,"Robbery (Sec.392 to 394 IPC/309(4),309(5),309(6) BNS)",In Other Places,52,72,27,25,2025-02,-2,-7.4074074074074066
144,A - IPC Crime,"Robbery (Sec.392 to 394 IPC/309(4),309(5),309(6) BNS)",Chain Snatching,76,68,43,33,2025-02,-10,-23.25581395348837
145,A - IPC Crime,"Robbery (Sec.392 to 394 IPC/309(4),309(5),309(6) BNS)",Attempt to Commit,8,3,4,4,2025-02,0,0.0
146,A - IPC Crime,"BURGLARY - NIGHT (Sec. 380 IPC R/W 453 TO 460, 462 IPC/305,R/W 331(1) TO 331(8),334(2) BNS)",At Residential Premises,403,216,203,200,2025-02,-3,-1.477832512315271
147,A - IPC Crime,"BURGLARY - NIGHT (Sec. 380 IPC R/W 453 TO 460, 462 IPC/305,R/W 331(1) TO 331(8),334(2) BNS)",On Highways,1,0,0,1,2025-02,1,100.0
148,A - IPC Crime,"BURGLARY - NIGHT (Sec. 380 IPC R/W 453 TO 460, 462 IPC/305,R/W 331(1) TO 331(8),334(2) BNS)",In Trains,0,0,0,0,2025-02,0,0.0
149,A - IPC Crime,"BURGLARY - NIGHT (Sec. 380 IPC R/W 453 TO 460, 462 IPC/305,R/W 331(1) TO 331(8),334(2) BNS)",At Banks,4,6,2,2,2025-02,0,0.0
150,A - IPC Crime,"BURGLARY - NIGHT (Sec. 380 IPC R/W 453 TO 460, 462 IPC/305,R/W 331(1) TO 331(8),334(2) BNS)",At Commercial Places / Establishments,105,60,61,44,2025-02,-17,-27.86885245901639
151,A - IPC Crime,"BURGLARY - NIGHT (Sec. 380 IPC R/W 453 TO 460, 462 IPC/305,R/W 331(1) TO 331(8),334(2) BNS)",In Other Places,75,42,35,40,2025-02,5,14.285714285714285
152,A - IPC Crime,"BURGLARY - NIGHT (Sec. 380 IPC R/W 453 TO 460, 462 IPC/305,R/W 331(1) TO 331(8),334(2) BNS)",Temple Theft,39,30,14,25,2025-02,11,78.57142857142857
153,A - IPC Crime,"BURGLARY - DAY (Sec. 380 IPC R/W 453 TO 460, 462 IPC/305,R/W 331(1) TO 331(8), 334(2) BNS)",At Residential Premises,156,92,89,67,2025-02,-22,-24.719101123595504
154,A - IPC Crime,"BURGLARY - DAY (Sec. 380 IPC R/W 453 TO 460, 462 IPC/305,R/W 331(1) TO 331(8), 334(2) BNS)",On Highways,0,0,0,0,2025-02,0,0.0
155,A - IPC Crime,"BURGLARY - DAY (Sec. 380 IPC R/W 453 TO 460, 462 IPC/305,R/W 331(1) TO 331(8), 334(2) BNS)",In Trains,0,0,0,0,2025-02,0,0.0
156,A - IPC Crime,"BURGLARY - DAY (Sec. 380 IPC R/W 453 TO 460, 462 IPC/305,R/W 331(1) TO 331(8), 334(2) BNS)",At Banks,0,0,0,0,2025-02,0,0.0
157,A - IPC Crime,"BURGLARY - DAY (Sec. 380 IPC R/W 453 TO 460, 462 IPC/305,R/W 331(1) TO 331(8), 334(2) BNS)",At Commercial Places / Establishments,4,3,2,2,2025-02,0,0.0
158,A - IPC Crime,"BURGLARY - DAY (Sec. 380 IPC R/W 453 TO 460, 462 IPC/305,R/W 331(1) TO 331(8), 334(2) BNS)",In Other Places,5,3,3,2,2025-02,-1,-33.33333333333333
159,A - IPC Crime,"BURGLARY - DAY (Sec. 380 IPC R/W 453 TO 460, 462 IPC/305,R/W 331(1) TO 331(8), 334(2) BNS)",Temple Theft,2,1,0,2,2025-02,2,200.0
160,A - IPC Crime,THEFT (Sec.379 to 389 IPC/303(2) TO 308(7) BNS),Attempt to commit,10,2,6,4,2025-02,-2,-33.33333333333333
161,A - IPC Crime,THEFT (Sec.379 to 389 IPC/303(2) TO 308(7) BNS),Of Automobiles - Of Tractors,18,10,11,7,2025-02,-4,-36.36363636363637
162,A - IPC Crime,THEFT (Sec.379 to 389 IPC/303(2) TO 308(7) BNS),In Running Bus,20,0,8,12,2025-02,4,50.0
163,A - IPC Crime,THEFT (Sec.379 to 389 IPC/303(2) TO 308(7) BNS),Of Snatching,77,0,47,30,2025-02,-17,-36.17021276595745
164,A - IPC Crime,THEFT (Sec.379 to 389 IPC/303(2) TO 308(7) BNS),At ATM,5,1,4,1,2025-02,-3,-75.0
165,A - IPC Crime,THEFT (Sec.379 to 389 IPC/303(2) TO 308(7) BNS),Of Sand,235,123,117,118,2025-02,1,0.8547008547008548
166,A - IPC Crime,THEFT (Sec.379 to 389 IPC/303(2) TO 308(7) BNS),Government Office,4,0,0,4,2025-02,4,400.0
167,A - IPC Crime,THEFT (Sec.379 to 389 IPC/303(2) TO 308(7) BNS),Of Mines,12,0,5,7,2025-02,2,40.0
168,A - IPC Crime,THEFT (Sec.379 to 389 IPC/303(2) TO 308(7) BNS),Communication And Elec. Wire,48,19,24,24,2025-02,0,0.0
169,A - IPC Crime,THEFT (Sec.379 to 389 IPC/303(2) TO 308(7) BNS),Of Cattle,90,44,52,38,2025-02,-14,-26.923076923076923
170,A - IPC Crime,THEFT (Sec.379 to 389 IPC/303(2) TO 308(7) BNS),Of Cycle,11,6,3,8,2025-02,5,166.66666666666669
171,A - IPC Crime,THEFT (Sec.379 to 389 IPC/303(2) TO 308(7) BNS),Of Automobiles - Of Lorries/Trucks,18,6,11,7,2025-02,-4,-36.36363636363637
172,A - IPC Crime,THEFT (Sec.379 to 389 IPC/303(2) TO 308(7) BNS),Of Automobiles - Of Buses,1,2,1,0,2025-02,-1,-100.0
173,A - IPC Crime,THEFT (Sec.379 to 389 IPC/303(2) TO 308(7) BNS),Of Automobiles - Of Cars / Jeeps,40,45,18,22,2025-02,4,22.22222222222222
174,A - IPC Crime,THEFT (Sec.379 to 389 IPC/303(2) TO 308(7) BNS),Of Automobiles - Of Two Wheelers ,1513,946,833,680,2025-02,-153,-18.367346938775512
175,A - IPC Crime,THEFT (Sec.379 to 389 IPC/303(2) TO 308(7) BNS),Of Automobies - of Three Wheelers,50,19,28,22,2025-02,-6,-21.428571428571427
176,A - IPC Crime,THEFT (Sec.379 to 389 IPC/303(2) TO 308(7) BNS),Of Accessories of Motor Vehicle,54,31,27,27,2025-02,0,0.0
177,A - IPC Crime,THEFT (Sec.379 to 389 IPC/303(2) TO 308(7) BNS),Govt. Vehicle,0,0,0,0,2025-02,0,0.0
178,A - IPC Crime,THEFT (Sec.379 to 389 IPC/303(2) TO 308(7) BNS),"Electronic Goods (Radio, TV, VCR, Acs, Office Automation Equipments)",158,127,93,65,2025-02,-28,-30.107526881720432
179,A - IPC Crime,THEFT (Sec.379 to 389 IPC/303(2) TO 308(7) BNS),Of Fire Arms,1,1,1,0,2025-02,-1,-100.0
180,A - IPC Crime,THEFT (Sec.379 to 389 IPC/303(2) TO 308(7) BNS),Of Explosives,0,0,0,0,2025-02,0,0.0
181,A - IPC Crime,THEFT (Sec.379 to 389 IPC/303(2) TO 308(7) BNS),Of Cultural - Idols,0,2,0,0,2025-02,0,0.0
182,A - IPC Crime,THEFT (Sec.379 to 389 IPC/303(2) TO 308(7) BNS),Of Cultural - Painting,0,0,0,0,2025-02,0,0.0
183,A - IPC Crime,THEFT (Sec.379 to 389 IPC/303(2) TO 308(7) BNS),Of Cultrual - Others,42,22,25,17,2025-02,-8,-32.0
184,A - IPC Crime,THEFT (Sec.379 to 389 IPC/303(2) TO 308(7) BNS),Cash,82,62,32,50,2025-02,18,56.25
185,A - IPC Crime,THEFT (Sec.379 to 389 IPC/303(2) TO 308(7) BNS),Jewellery,289,155,112,177,2025-02,65,58.03571428571429
186,A - IPC Crime,THEFT (Sec.379 to 389 IPC/303(2) TO 308(7) BNS),Other Items Not Included Above,300,169,158,142,2025-02,-16,-10.126582278481013
187,A - IPC Crime,THEFT (Sec.379 to 389 IPC/303(2) TO 308(7) BNS),In Running Train,8,4,2,6,2025-02,4,200.0
188,A - IPC Crime,THEFT (Sec.379 to 389 IPC/303(2) TO 308(7) BNS),Extortion,56,23,29,27,2025-02,-2,-6.896551724137931
189,A - IPC Crime,THEFT (Sec.379 to 389 IPC/303(2) TO 308(7) BNS),House Theft,273,132,144,129,2025-02,-15,-10.416666666666668
190,A - IPC Crime,THEFT (Sec.379 to 389 IPC/303(2) TO 308(7) BNS),Servant Theft,66,55,46,20,2025-02,-26,-56.52173913043478
191,A - IPC Crime,"RIOTS (Sec.141 to 153 IPC/189(1) TO 189(6),191(1)TO 191(3), 190,192,195 BNS))",Land Dispute,152,82,87,65,2025-02,-22,-25.287356321839084
192,A - IPC Crime,"RIOTS (Sec.141 to 153 IPC/189(1) TO 189(6),191(1)TO 191(3), 190,192,195 BNS))",Employee - Govt.,0,0,0,0,2025-02,0,0.0
193,A - IPC Crime,"RIOTS (Sec.141 to 153 IPC/189(1) TO 189(6),191(1)TO 191(3), 190,192,195 BNS))",Labour - Private Sector,0,1,0,0,2025-02,0,0.0
194,A - IPC Crime,"RIOTS (Sec.141 to 153 IPC/189(1) TO 189(6),191(1)TO 191(3), 190,192,195 BNS))",Labour - Public Sector,0,0,0,0,2025-02,0,0.0
195,A - IPC Crime,"RIOTS (Sec.141 to 153 IPC/189(1) TO 189(6),191(1)TO 191(3), 190,192,195 BNS))",Linguistic,0,0,0,0,2025-02,0,0.0
196,A - IPC Crime,"RIOTS (Sec.141 to 153 IPC/189(1) TO 189(6),191(1)TO 191(3), 190,192,195 BNS))",Political ,0,1,0,0,2025-02,0,0.0
197,A - IPC Crime,"RIOTS (Sec.141 to 153 IPC/189(1) TO 189(6),191(1)TO 191(3), 190,192,195 BNS))",Regional,0,2,0,0,2025-02,0,0.0
198,A - IPC Crime,"RIOTS (Sec.141 to 153 IPC/189(1) TO 189(6),191(1)TO 191(3), 190,192,195 BNS))",Sectarian,0,0,0,0,2025-02,0,0.0
199,A - IPC Crime,"RIOTS (Sec.141 to 153 IPC/189(1) TO 189(6),191(1)TO 191(3), 190,192,195 BNS))",Students,0,1,0,0,2025-02,0,0.0
200,A - IPC Crime,"RIOTS (Sec.141 to 153 IPC/189(1) TO 189(6),191(1)TO 191(3), 190,192,195 BNS))",Tribal,0,0,0,0,2025-02,0,0.0
201,A - IPC Crime,"RIOTS (Sec.141 to 153 IPC/189(1) TO 189(6),191(1)TO 191(3), 190,192,195 BNS))",Due to Village Disputes,1,4,1,0,2025-02,-1,-100.0
202,A - IPC Crime,"RIOTS (Sec.141 to 153 IPC/189(1) TO 189(6),191(1)TO 191(3), 190,192,195 BNS))",Communal,1,0,1,0,2025-02,-1,-100.0
203,A - IPC Crime,"RIOTS (Sec.141 to 153 IPC/189(1) TO 189(6),191(1)TO 191(3), 190,192,195 BNS))",Industrial,0,1,0,0,2025-02,0,0.0
204,A - IPC Crime,"RIOTS (Sec.141 to 153 IPC/189(1) TO 189(6),191(1)TO 191(3), 190,192,195 BNS))",Caste,1,0,0,1,2025-02,1,100.0
205,A - IPC Crime,"RIOTS (Sec.141 to 153 IPC/189(1) TO 189(6),191(1)TO 191(3), 190,192,195 BNS))",Agrarian,0,0,0,0,2025-02,0,0.0
206,A - IPC Crime,"RIOTS (Sec.141 to 153 IPC/189(1) TO 189(6),191(1)TO 191(3), 190,192,195 BNS))",Others,379,197,174,205,2025-02,31,17.81609195402299
207,A - IPC Crime,"OFFENCES AGAINST STATE (Sec. 121 to 130, except 124(A) IPC/147 TO 158 BNS)",ALL / NOT SPECIFIED,0,0,0,0,2025-02,0,0.0
208,A - IPC Crime,"OFFENCES PROMOTING ENEMITY (Sec. 153(A), 154(B) & 505 IPC/196, 197 & 353 BNS",ALL / NOT SPECIFIED,9,8,3,6,2025-02,3,100.0
209,A - IPC Crime,CRIMINAL BREACH OF TRUST (Sec. 406 to 409 IPC/316(2) to 316(5) BNS),ALL / NOT SPECIFIED,112,55,52,60,2025-02,8,15.384615384615385
210,A - IPC Crime,"CHEATING (Sec.417 to 420 IPC/318(2)to 318(4), 319(2) BNS)",ALL / NOT SPECIFIED,972,606,515,457,2025-02,-58,-11.262135922330096
211,A - IPC Crime,"COUNTERFEITING (Sec. 231 to 263 (A), 489(A) to 489 (E) IPC/178 TO 185 BNS)","Stock Share, Debentrue Certificate",0,0,0,0,2025-02,0,0.0
212,A - IPC Crime,"COUNTERFEITING (Sec. 231 to 263 (A), 489(A) to 489 (E) IPC/178 TO 185 BNS)",Usage of Counterfeit Stamp,0,0,0,0,2025-02,0,0.0
213,A - IPC Crime,"COUNTERFEITING (Sec. 231 to 263 (A), 489(A) to 489 (E) IPC/178 TO 185 BNS)",Of Coins (Sec 231 to 254 IPC),0,0,0,0,2025-02,0,0.0
214,A - IPC Crime,"COUNTERFEITING (Sec. 231 to 263 (A), 489(A) to 489 (E) IPC/178 TO 185 BNS)",Of Stamps (Sec.255 to 263(A) IPC),0,0,0,0,2025-02,0,0.0
215,A - IPC Crime,"COUNTERFEITING (Sec. 231 to 263 (A), 489(A) to 489 (E) IPC/178 TO 185 BNS)",Of Currency Notes And Bank Notes (Sec. 489 (A) to 489 (E) IPC),4,4,4,0,2025-02,-4,-100.0
216,A - IPC Crime,"COUNTERFEITING (Sec. 231 to 263 (A), 489(A) to 489 (E) IPC/178 TO 185 BNS)",Of Others,0,0,0,0,2025-02,0,0.0
217,A - IPC Crime,"FORGERY (Sec. 465, 468, 471, 473, 476, 477 & 477(A) IPC/336(2),336(3),340(2),341(2),342(2),343,
344 BNS)",Forgery  ,73,31,40,33,2025-02,-7,-17.5
218,A - IPC Crime,"FORGERY (Sec. 465, 468, 471, 473, 476, 477 & 477(A) IPC/336(2),336(3),340(2),341(2),342(2),343,
344 BNS)",Organised (Racket),0,0,0,0,2025-02,0,0.0
219,A - IPC Crime,"FORGERY (Sec. 465, 468, 471, 473, 476, 477 & 477(A) IPC/336(2),336(3),340(2),341(2),342(2),343,
344 BNS)",Forgery of Passport,0,0,0,0,2025-02,0,0.0
220,A - IPC Crime,"FORGERY (Sec. 465, 468, 471, 473, 476, 477 & 477(A) IPC/336(2),336(3),340(2),341(2),342(2),343,
344 BNS)",Other Forgery,35,17,19,16,2025-02,-3,-15.789473684210526
221,A - IPC Crime,"CASES OF HURT (Sec. 323 to 335 IPC except 328, 332, 333/115(2) TO 122(2) EXCEPT 121(1),121(2) BNS)",Acid Attack (326(a)),2,0,0,2,2025-02,2,200.0
222,A - IPC Crime,"CASES OF HURT (Sec. 323 to 335 IPC except 328, 332, 333/115(2) TO 122(2) EXCEPT 121(1),121(2) BNS)",Attempt to Acid Attack (326(b)),0,0,0,0,2025-02,0,0.0
223,A - IPC Crime,"CASES OF HURT (Sec. 323 to 335 IPC except 328, 332, 333/115(2) TO 122(2) EXCEPT 121(1),121(2) BNS)",Grievous Hurt,165,112,83,82,2025-02,-1,-1.2048192771084338
224,A - IPC Crime,"CASES OF HURT (Sec. 323 to 335 IPC except 328, 332, 333/115(2) TO 122(2) EXCEPT 121(1),121(2) BNS)",Simple Hurt,2341,1366,1223,1118,2025-02,-105,-8.585445625511039
225,A - IPC Crime,"CASES OF HURT (Sec. 323 to 335 IPC except 328, 332, 333/115(2) TO 122(2) EXCEPT 121(1),121(2) BNS)",Custodial,0,0,0,0,2025-02,0,0.0
226,A - IPC Crime,"ADULTERATION (Sec. 272, 273 to 276 IPC/274,275 TO 278 BNS)",Attempt to Commit,0,0,0,0,2025-02,0,0.0
227,A - IPC Crime,"ADULTERATION (Sec. 272, 273 to 276 IPC/274,275 TO 278 BNS)",Alcoholic Drink (Liquor),2,0,1,1,2025-02,0,0.0
228,A - IPC Crime,"ADULTERATION (Sec. 272, 273 to 276 IPC/274,275 TO 278 BNS)",Cement & Chemical/Fertiliser,0,0,0,0,2025-02,0,0.0
229,A - IPC Crime,"ADULTERATION (Sec. 272, 273 to 276 IPC/274,275 TO 278 BNS)",Cosmetics,0,0,0,0,2025-02,0,0.0
230,A - IPC Crime,"ADULTERATION (Sec. 272, 273 to 276 IPC/274,275 TO 278 BNS)",Diesel,0,0,0,0,2025-02,0,0.0
231,A - IPC Crime,"ADULTERATION (Sec. 272, 273 to 276 IPC/274,275 TO 278 BNS)",Drug/Medicine,0,0,0,0,2025-02,0,0.0
232,A - IPC Crime,"ADULTERATION (Sec. 272, 273 to 276 IPC/274,275 TO 278 BNS)",Edible Oil,0,0,0,0,2025-02,0,0.0
233,A - IPC Crime,"ADULTERATION (Sec. 272, 273 to 276 IPC/274,275 TO 278 BNS)",Food Grain,1,0,0,0,2025-02,0,0.0
234,A - IPC Crime,"ADULTERATION (Sec. 272, 273 to 276 IPC/274,275 TO 278 BNS)",Kerosene,0,0,1,0,2025-02,-1,-100.0
235,A - IPC Crime,"ADULTERATION (Sec. 272, 273 to 276 IPC/274,275 TO 278 BNS)",Life Saving Drug,0,0,0,0,2025-02,0,0.0
236,A - IPC Crime,"ADULTERATION (Sec. 272, 273 to 276 IPC/274,275 TO 278 BNS)",Mobile Oil,0,0,0,0,2025-02,0,0.0
237,A - IPC Crime,"ADULTERATION (Sec. 272, 273 to 276 IPC/274,275 TO 278 BNS)",Petrol,0,0,0,0,2025-02,0,0.0
238,A - IPC Crime,"ADULTERATION (Sec. 272, 273 to 276 IPC/274,275 TO 278 BNS)",Petroleum Product,0,0,0,0,2025-02,0,0.0
239,A - IPC Crime,"ADULTERATION (Sec. 272, 273 to 276 IPC/274,275 TO 278 BNS)",Soft Drinks,0,0,0,0,2025-02,0,0.0
240,A - IPC Crime,"ADULTERATION (Sec. 272, 273 to 276 IPC/274,275 TO 278 BNS)",Spices,0,0,0,0,2025-02,0,0.0
241,A - IPC Crime,"ADULTERATION (Sec. 272, 273 to 276 IPC/274,275 TO 278 BNS)",Others,2,0,0,2,2025-02,2,200.0
242,A - IPC Crime,AFFRAY (Sec. 160 IPC/194(2) BNS),ALL / NOT SPECIFIED,0,0,0,0,2025-02,0,0.0
243,A - IPC Crime,"ARSON (Sec. 435, 436, 438 IPC/326(f),326(g),327(g) BNS)",Agricultural Produce,17,11,5,12,2025-02,7,140.0
244,A - IPC Crime,"ARSON (Sec. 435, 436, 438 IPC/326(f),326(g),327(g) BNS)",Attemp to Commit,0,0,0,0,2025-02,0,0.0
245,A - IPC Crime,"ARSON (Sec. 435, 436, 438 IPC/326(f),326(g),327(g) BNS)",Boat / Ship,0,0,0,0,2025-02,0,0.0
246,A - IPC Crime,"ARSON (Sec. 435, 436, 438 IPC/326(f),326(g),327(g) BNS)",Dwelling House,2,1,0,2,2025-02,2,200.0
247,A - IPC Crime,"ARSON (Sec. 435, 436, 438 IPC/326(f),326(g),327(g) BNS)",Educational Institution,0,0,0,0,2025-02,0,0.0
248,A - IPC Crime,"ARSON (Sec. 435, 436, 438 IPC/326(f),326(g),327(g) BNS)",Govt. Property,1,2,0,1,2025-02,1,100.0
249,A - IPC Crime,"ARSON (Sec. 435, 436, 438 IPC/326(f),326(g),327(g) BNS)",Industrial Establishment,0,0,0,0,2025-02,0,0.0
250,A - IPC Crime,"ARSON (Sec. 435, 436, 438 IPC/326(f),326(g),327(g) BNS)",Place of worship,0,0,0,0,2025-02,0,0.0
251,A - IPC Crime,"ARSON (Sec. 435, 436, 438 IPC/326(f),326(g),327(g) BNS)",Public Place,2,1,1,1,2025-02,0,0.0
252,A - IPC Crime,"ARSON (Sec. 435, 436, 438 IPC/326(f),326(g),327(g) BNS)",Railway Property,0,0,0,0,2025-02,0,0.0
253,A - IPC Crime,"ARSON (Sec. 435, 436, 438 IPC/326(f),326(g),327(g) BNS)",Vital Installation,0,0,0,0,2025-02,0,0.0
254,A - IPC Crime,"ARSON (Sec. 435, 436, 438 IPC/326(f),326(g),327(g) BNS)",Warehouse (Godown),1,0,0,1,2025-02,1,100.0
255,A - IPC Crime,"ARSON (Sec. 435, 436, 438 IPC/326(f),326(g),327(g) BNS)",Others,25,19,11,14,2025-02,3,27.27272727272727
256,A - IPC Crime,"ASSAULT (Sec 356, 357 IPC/134,135 BNS)",Attempt To Commit,2,0,1,1,2025-02,0,0.0
257,A - IPC Crime,"ASSAULT (Sec 356, 357 IPC/134,135 BNS)",On Contractor,0,1,0,0,2025-02,0,0.0
258,A - IPC Crime,"ASSAULT (Sec 356, 357 IPC/134,135 BNS)",On Domestic Servant,0,0,0,0,2025-02,0,0.0
259,A - IPC Crime,"ASSAULT (Sec 356, 357 IPC/134,135 BNS)",On Labourer,0,0,0,0,2025-02,0,0.0
260,A - IPC Crime,"ASSAULT (Sec 356, 357 IPC/134,135 BNS)",On Man (General),3,4,2,1,2025-02,-1,-50.0
261,A - IPC Crime,"ASSAULT (Sec 356, 357 IPC/134,135 BNS)",On Man (SC),0,0,0,0,2025-02,0,0.0
262,A - IPC Crime,"ASSAULT (Sec 356, 357 IPC/134,135 BNS)",On Man (ST),0,0,0,0,2025-02,0,0.0
263,A - IPC Crime,"ASSAULT (Sec 356, 357 IPC/134,135 BNS)",On Manager/Executive (Other Than Public Servant),0,0,0,0,2025-02,0,0.0
264,A - IPC Crime,"ASSAULT (Sec 356, 357 IPC/134,135 BNS)","On Member of Clergy (Christian, Budhist, Jain, Sikh)",0,0,0,0,2025-02,0,0.0
265,A - IPC Crime,"ASSAULT (Sec 356, 357 IPC/134,135 BNS)",Member of Legislative Assembly / Council (MLA/MLC),0,0,0,0,2025-02,0,0.0
266,A - IPC Crime,"ASSAULT (Sec 356, 357 IPC/134,135 BNS)",On Member of Parliament (MP),0,0,0,0,2025-02,0,0.0
267,A - IPC Crime,"ASSAULT (Sec 356, 357 IPC/134,135 BNS)",On other Dignitaries /Public Figures,0,0,0,0,2025-02,0,0.0
268,A - IPC Crime,"ASSAULT (Sec 356, 357 IPC/134,135 BNS)",On Press,0,0,0,0,2025-02,0,0.0
269,A - IPC Crime,"ASSAULT (Sec 356, 357 IPC/134,135 BNS)",On Professional ,0,0,0,0,2025-02,0,0.0
270,A - IPC Crime,"ASSAULT (Sec 356, 357 IPC/134,135 BNS)",On Public Servant,0,0,0,0,2025-02,0,0.0
271,A - IPC Crime,"ASSAULT (Sec 356, 357 IPC/134,135 BNS)",On Student,0,0,0,0,2025-02,0,0.0
272,A - IPC Crime,"ASSAULT (Sec 356, 357 IPC/134,135 BNS)",On Teacher,0,0,0,0,2025-02,0,0.0
273,A - IPC Crime,"ASSAULT (Sec 356, 357 IPC/134,135 BNS)",On Women (General),0,1,0,0,2025-02,0,0.0
274,A - IPC Crime,"ASSAULT (Sec 356, 357 IPC/134,135 BNS)",On Woman (SC),0,0,0,0,2025-02,0,0.0
275,A - IPC Crime,"ASSAULT (Sec 356, 357 IPC/134,135 BNS)",On Woman (ST),0,0,0,0,2025-02,0,0.0
276,A - IPC Crime,COMMUNAL / RELIGION (Sec. 295 to 297 IPC/298 TO 301 BNS),Attempt to Commit,0,0,0,0,2025-02,0,0.0
277,A - IPC Crime,COMMUNAL / RELIGION (Sec. 295 to 297 IPC/298 TO 301 BNS),Caste Issue,2,3,1,1,2025-02,0,0.0
278,A - IPC Crime,COMMUNAL / RELIGION (Sec. 295 to 297 IPC/298 TO 301 BNS),Communal Issue,5,7,1,4,2025-02,3,300.0
279,A - IPC Crime,COMMUNAL / RELIGION (Sec. 295 to 297 IPC/298 TO 301 BNS),Linguistic Issue,0,0,0,0,2025-02,0,0.0
280,A - IPC Crime,COMMUNAL / RELIGION (Sec. 295 to 297 IPC/298 TO 301 BNS),Political Issue,0,1,0,0,2025-02,0,0.0
281,A - IPC Crime,COMMUNAL / RELIGION (Sec. 295 to 297 IPC/298 TO 301 BNS),Racial/Ethnic Issue,0,0,0,0,2025-02,0,0.0
282,A - IPC Crime,COMMUNAL / RELIGION (Sec. 295 to 297 IPC/298 TO 301 BNS),Regional Issue,5,3,2,3,2025-02,1,50.0
283,A - IPC Crime,COMMUNAL / RELIGION (Sec. 295 to 297 IPC/298 TO 301 BNS),Religious Issue,17,9,11,6,2025-02,-5,-45.45454545454545
284,A - IPC Crime,COMMUNAL / RELIGION (Sec. 295 to 297 IPC/298 TO 301 BNS),Sectarian Issue,0,0,0,0,2025-02,0,0.0
285,A - IPC Crime,COMMUNAL / RELIGION (Sec. 295 to 297 IPC/298 TO 301 BNS),Others,13,9,7,6,2025-02,-1,-14.285714285714285
286,A - IPC Crime,"CRIMINAL CONSPIRACY (Sec. 120(B), 121(A) IPC/61(2),148 BNS)",Conspiracy To Wage War,0,0,0,0,2025-02,0,0.0
287,A - IPC Crime,"CRIMINAL CONSPIRACY (Sec. 120(B), 121(A) IPC/61(2),148 BNS)",Related to Substantive Offence,0,0,0,0,2025-02,0,0.0
288,A - IPC Crime,"CRIMINAL CONSPIRACY (Sec. 120(B), 121(A) IPC/61(2),148 BNS)",Others,4,0,1,3,2025-02,2,200.0
289,A - IPC Crime,CRIMINAL INTIMIDATION (Sec. 504 to 508 IPC/352 TO 354 BNS),ALL / NOT SPECIFIED,475,197,231,244,2025-02,13,5.627705627705628
290,A - IPC Crime,"CRIMINAL MISAPPROPRIATION (Sec. 403, 404 IPC/314,315 BNS)",Attempt to Commit,0,0,0,0,2025-02,0,0.0
291,A - IPC Crime,"CRIMINAL MISAPPROPRIATION (Sec. 403, 404 IPC/314,315 BNS)",Bank,0,0,0,0,2025-02,0,0.0
292,A - IPC Crime,"CRIMINAL MISAPPROPRIATION (Sec. 403, 404 IPC/314,315 BNS)",Business Establishment,1,0,1,0,2025-02,-1,-100.0
293,A - IPC Crime,"CRIMINAL MISAPPROPRIATION (Sec. 403, 404 IPC/314,315 BNS)",Charitable Organisation,0,0,0,0,2025-02,0,0.0
294,A - IPC Crime,"CRIMINAL MISAPPROPRIATION (Sec. 403, 404 IPC/314,315 BNS)",Chitfund Organisation,0,0,0,0,2025-02,0,0.0
295,A - IPC Crime,"CRIMINAL MISAPPROPRIATION (Sec. 403, 404 IPC/314,315 BNS)",Co-operative Organisation,0,0,0,0,2025-02,0,0.0
296,A - IPC Crime,"CRIMINAL MISAPPROPRIATION (Sec. 403, 404 IPC/314,315 BNS)",Commercial Establishment/Shop,0,0,0,0,2025-02,0,0.0
297,A - IPC Crime,"CRIMINAL MISAPPROPRIATION (Sec. 403, 404 IPC/314,315 BNS)",Customs Department,0,0,0,0,2025-02,0,0.0
298,A - IPC Crime,"CRIMINAL MISAPPROPRIATION (Sec. 403, 404 IPC/314,315 BNS)",Excise Department,0,0,0,0,2025-02,0,0.0
299,A - IPC Crime,"CRIMINAL MISAPPROPRIATION (Sec. 403, 404 IPC/314,315 BNS)",Financial Institution,0,0,0,0,2025-02,0,0.0
300,A - IPC Crime,"CRIMINAL MISAPPROPRIATION (Sec. 403, 404 IPC/314,315 BNS)",Income Tax Department,0,0,0,0,2025-02,0,0.0
301,A - IPC Crime,"CRIMINAL MISAPPROPRIATION (Sec. 403, 404 IPC/314,315 BNS)",Other Government Organisation,0,0,0,0,2025-02,0,0.0
302,A - IPC Crime,"CRIMINAL MISAPPROPRIATION (Sec. 403, 404 IPC/314,315 BNS)",Postal Department,0,0,0,0,2025-02,0,0.0
303,A - IPC Crime,"CRIMINAL MISAPPROPRIATION (Sec. 403, 404 IPC/314,315 BNS)",Public Sector Undertakings,0,0,0,0,2025-02,0,0.0
304,A - IPC Crime,"CRIMINAL MISAPPROPRIATION (Sec. 403, 404 IPC/314,315 BNS)",Railway Department,0,0,0,0,2025-02,0,0.0
305,A - IPC Crime,"CRIMINAL MISAPPROPRIATION (Sec. 403, 404 IPC/314,315 BNS)",Revenue Department,0,0,0,0,2025-02,0,0.0
306,A - IPC Crime,"CRIMINAL MISAPPROPRIATION (Sec. 403, 404 IPC/314,315 BNS)",Sales Tax Department,0,0,0,0,2025-02,0,0.0
307,A - IPC Crime,"CRIMINAL MISAPPROPRIATION (Sec. 403, 404 IPC/314,315 BNS)",Social Organisation (Aided) (N),0,0,0,0,2025-02,0,0.0
308,A - IPC Crime,"CRIMINAL MISAPPROPRIATION (Sec. 403, 404 IPC/314,315 BNS)",Transport Authority,0,0,0,0,2025-02,0,0.0
309,A - IPC Crime,"CRIMINAL MISAPPROPRIATION (Sec. 403, 404 IPC/314,315 BNS)",Trust - Other than religious,0,0,0,0,2025-02,0,0.0
310,A - IPC Crime,"CRIMINAL MISAPPROPRIATION (Sec. 403, 404 IPC/314,315 BNS)",Trust - Religious,0,0,0,0,2025-02,0,0.0
311,A - IPC Crime,"CRIMINAL MISAPPROPRIATION (Sec. 403, 404 IPC/314,315 BNS)",Others,1,2,1,0,2025-02,-1,-100.0
312,A - IPC Crime,CRIMINAL TRESPASS (Sec.447 to 452 IPC/329(3) TO 333 BNS),Attempt to Commit,2,1,1,1,2025-02,0,0.0
313,A - IPC Crime,CRIMINAL TRESPASS (Sec.447 to 452 IPC/329(3) TO 333 BNS),Club,0,0,0,0,2025-02,0,0.0
314,A - IPC Crime,CRIMINAL TRESPASS (Sec.447 to 452 IPC/329(3) TO 333 BNS),Hostel,1,0,1,0,2025-02,-1,-100.0
315,A - IPC Crime,CRIMINAL TRESPASS (Sec.447 to 452 IPC/329(3) TO 333 BNS),Hotel,1,1,1,0,2025-02,-1,-100.0
316,A - IPC Crime,CRIMINAL TRESPASS (Sec.447 to 452 IPC/329(3) TO 333 BNS),House,137,57,65,72,2025-02,7,10.76923076923077
317,A - IPC Crime,CRIMINAL TRESPASS (Sec.447 to 452 IPC/329(3) TO 333 BNS),Land,269,129,146,123,2025-02,-23,-15.753424657534246
318,A - IPC Crime,CRIMINAL TRESPASS (Sec.447 to 452 IPC/329(3) TO 333 BNS),Office,9,3,4,5,2025-02,1,25.0
319,A - IPC Crime,CRIMINAL TRESPASS (Sec.447 to 452 IPC/329(3) TO 333 BNS),Prohibited Places,2,2,1,1,2025-02,0,0.0
320,A - IPC Crime,CRIMINAL TRESPASS (Sec.447 to 452 IPC/329(3) TO 333 BNS),Religious Place,1,1,1,0,2025-02,-1,-100.0
321,A - IPC Crime,CRIMINAL TRESPASS (Sec.447 to 452 IPC/329(3) TO 333 BNS),Restricted Area,1,0,0,1,2025-02,1,100.0
322,A - IPC Crime,CRIMINAL TRESPASS (Sec.447 to 452 IPC/329(3) TO 333 BNS),Others,39,25,19,20,2025-02,1,5.263157894736842
323,A - IPC Crime,CRUELTY BY HUSBAND (Sec. 498(A) IPC/85 BNS),Husband ,168,95,99,69,2025-02,-30,-30.303030303030305
324,A - IPC Crime,CRUELTY BY HUSBAND (Sec. 498(A) IPC/85 BNS),Husband And Relative(S) in Law,189,136,89,100,2025-02,11,12.359550561797752
325,A - IPC Crime,CRUELTY BY HUSBAND (Sec. 498(A) IPC/85 BNS),Relative(S) in Law,4,5,2,2,2025-02,0,0.0
326,A - IPC Crime,CRUELTY BY HUSBAND (Sec. 498(A) IPC/85 BNS),Dowry Harassment,94,49,48,46,2025-02,-2,-4.166666666666666
327,A - IPC Crime,CRUELTY BY HUSBAND (Sec. 498(A) IPC/85 BNS),Prevention of Gaming,0,1,0,0,2025-02,0,0.0
328,A - IPC Crime,DOWRY DEATHS (Sec.304(B) IPC/80 BNS),By Husband  ,0,1,0,0,2025-02,0,0.0
329,A - IPC Crime,DOWRY DEATHS (Sec.304(B) IPC/80 BNS),By Husband And Relatives In Law,7,6,4,3,2025-02,-1,-25.0
330,A - IPC Crime,DOWRY DEATHS (Sec.304(B) IPC/80 BNS),By Relatives in Law,0,0,0,0,2025-02,0,0.0
331,A - IPC Crime,DOWRY DEATHS (Sec.304(B) IPC/80 BNS),By Burning,0,0,0,0,2025-02,0,0.0
332,A - IPC Crime,DOWRY DEATHS (Sec.304(B) IPC/80 BNS),By Hanging,11,6,7,4,2025-02,-3,-42.857142857142854
333,A - IPC Crime,DOWRY DEATHS (Sec.304(B) IPC/80 BNS),By Other Means,2,1,0,2,2025-02,2,200.0
334,A - IPC Crime,DEATHS DUE TO RASHNESS/NEGLIGENCE (Sec.304(A) IPC/106 BNS),Electrocution,2,1,1,1,2025-02,0,0.0
335,A - IPC Crime,DEATHS DUE TO RASHNESS/NEGLIGENCE (Sec.304(A) IPC/106 BNS),Adulterated Food/Drug,0,0,0,0,2025-02,0,0.0
336,A - IPC Crime,DEATHS DUE TO RASHNESS/NEGLIGENCE (Sec.304(A) IPC/106 BNS),Accident by Air,0,0,0,0,2025-02,0,0.0
337,A - IPC Crime,DEATHS DUE TO RASHNESS/NEGLIGENCE (Sec.304(A) IPC/106 BNS),Boad Accident,0,0,0,0,2025-02,0,0.0
338,A - IPC Crime,DEATHS DUE TO RASHNESS/NEGLIGENCE (Sec.304(A) IPC/106 BNS),Bridge/Dam Collapse,0,0,0,0,2025-02,0,0.0
339,A - IPC Crime,DEATHS DUE TO RASHNESS/NEGLIGENCE (Sec.304(A) IPC/106 BNS),Building Collapse,1,0,0,1,2025-02,1,100.0
340,A - IPC Crime,DEATHS DUE TO RASHNESS/NEGLIGENCE (Sec.304(A) IPC/106 BNS),Caused By Animal,0,0,0,0,2025-02,0,0.0
341,A - IPC Crime,DEATHS DUE TO RASHNESS/NEGLIGENCE (Sec.304(A) IPC/106 BNS),Death Due to Other Cause,10,9,6,4,2025-02,-2,-33.33333333333333
342,A - IPC Crime,DEATHS DUE TO RASHNESS/NEGLIGENCE (Sec.304(A) IPC/106 BNS),Electrocution Accident,2,1,1,1,2025-02,0,0.0
343,A - IPC Crime,DEATHS DUE TO RASHNESS/NEGLIGENCE (Sec.304(A) IPC/106 BNS),Explosion Accident,0,0,0,0,2025-02,0,0.0
344,A - IPC Crime,DEATHS DUE TO RASHNESS/NEGLIGENCE (Sec.304(A) IPC/106 BNS),Fire accident,0,0,0,0,2025-02,0,0.0
345,A - IPC Crime,DEATHS DUE TO RASHNESS/NEGLIGENCE (Sec.304(A) IPC/106 BNS),Gas Leakage Accident,0,0,0,0,2025-02,0,0.0
346,A - IPC Crime,DEATHS DUE TO RASHNESS/NEGLIGENCE (Sec.304(A) IPC/106 BNS),Improper Infrastucture In Construction,11,7,7,4,2025-02,-3,-42.857142857142854
347,A - IPC Crime,DEATHS DUE TO RASHNESS/NEGLIGENCE (Sec.304(A) IPC/106 BNS),Improper Medical Treatment,0,1,0,0,2025-02,0,0.0
348,A - IPC Crime,DEATHS DUE TO RASHNESS/NEGLIGENCE (Sec.304(A) IPC/106 BNS),In Custody of Public Servant,0,0,0,0,2025-02,0,0.0
349,A - IPC Crime,DEATHS DUE TO RASHNESS/NEGLIGENCE (Sec.304(A) IPC/106 BNS),In Jail/Judicial Custody,0,0,0,0,2025-02,0,0.0
350,A - IPC Crime,DEATHS DUE TO RASHNESS/NEGLIGENCE (Sec.304(A) IPC/106 BNS),In Police Custody,0,0,0,0,2025-02,0,0.0
351,A - IPC Crime,DEATHS DUE TO RASHNESS/NEGLIGENCE (Sec.304(A) IPC/106 BNS),Industrial Accident (Factory),0,1,0,0,2025-02,0,0.0
352,A - IPC Crime,DEATHS DUE TO RASHNESS/NEGLIGENCE (Sec.304(A) IPC/106 BNS),Inflammable Substance,0,0,0,0,2025-02,0,0.0
353,A - IPC Crime,DEATHS DUE TO RASHNESS/NEGLIGENCE (Sec.304(A) IPC/106 BNS),Mine Accident,2,0,0,2,2025-02,2,200.0
354,A - IPC Crime,DEATHS DUE TO RASHNESS/NEGLIGENCE (Sec.304(A) IPC/106 BNS),Poisonous Substance,0,0,0,0,2025-02,0,0.0
355,A - IPC Crime,DEATHS DUE TO RASHNESS/NEGLIGENCE (Sec.304(A) IPC/106 BNS),Quarry Accident,0,0,0,0,2025-02,0,0.0
356,A - IPC Crime,DEATHS DUE TO RASHNESS/NEGLIGENCE (Sec.304(A) IPC/106 BNS),Spurious Liquor (Hooch) Accident,0,0,0,0,2025-02,0,0.0
357,A - IPC Crime,DEATHS DUE TO RASHNESS/NEGLIGENCE (Sec.304(A) IPC/106 BNS),Railway Accident,0,0,0,0,2025-02,0,0.0
358,A - IPC Crime,DEATHS DUE TO RASHNESS/NEGLIGENCE (Sec.304(A) IPC/106 BNS),Others,9,7,2,7,2025-02,5,250.0
359,A - IPC Crime,MOTOR VEHICLE ACCIDENTS FATAL (Sec.304(A) IPC/106 BNS),National Highways,627,342,330,297,2025-02,-33,-10.0
360,A - IPC Crime,MOTOR VEHICLE ACCIDENTS FATAL (Sec.304(A) IPC/106 BNS),State Highways,545,304,281,264,2025-02,-17,-6.049822064056939
361,A - IPC Crime,MOTOR VEHICLE ACCIDENTS FATAL (Sec.304(A) IPC/106 BNS),Other Roads,742,372,393,349,2025-02,-44,-11.195928753180661
362,A - IPC Crime,MOTOR VEHICLE ACCIDENTS FATAL (Sec.304(A) IPC/106 BNS),Other Places,29,24,9,20,2025-02,11,122.22222222222223
363,A - IPC Crime,"MOTOR VEHICLE ACCIDENTS NON-FATAL (Sec.279, 337, 338 IPC/281,125(a),125(b) BNS)",National Highways,1765,837,962,803,2025-02,-159,-16.528066528066528
364,A - IPC Crime,"MOTOR VEHICLE ACCIDENTS NON-FATAL (Sec.279, 337, 338 IPC/281,125(a),125(b) BNS)",State Highways,1307,641,679,628,2025-02,-51,-7.511045655375552
365,A - IPC Crime,"MOTOR VEHICLE ACCIDENTS NON-FATAL (Sec.279, 337, 338 IPC/281,125(a),125(b) BNS)",Other Roads,2330,1242,1162,1168,2025-02,6,0.5163511187607573
366,A - IPC Crime,"MOTOR VEHICLE ACCIDENTS NON-FATAL (Sec.279, 337, 338 IPC/281,125(a),125(b) BNS)",Other Places,79,27,50,29,2025-02,-21,-42.0
367,A - IPC Crime,"DEATHS-MISCARRIAGE (Sec.312, 313, 314 IPC/88,89,90 BNS)",Child,0,3,0,0,2025-02,0,0.0
368,A - IPC Crime,"DEATHS-MISCARRIAGE (Sec.312, 313, 314 IPC/88,89,90 BNS)",Woman,0,0,0,0,2025-02,0,0.0
369,A - IPC Crime,"DEATHS-MISCARRIAGE (Sec.312, 313, 314 IPC/88,89,90 BNS)",Women and Child,0,1,0,0,2025-02,0,0.0
370,A - IPC Crime,"DEFENCE FORCES OFFENCES RELATING (also relating to desertion) (Sec.131 to 140, except 136 IPC/159 TO 168 EXCEPT 164 BNS)",Air Force,0,0,0,0,2025-02,0,0.0
371,A - IPC Crime,"DEFENCE FORCES OFFENCES RELATING (also relating to desertion) (Sec.131 to 140, except 136 IPC/159 TO 168 EXCEPT 164 BNS)",Army,0,0,0,0,2025-02,0,0.0
372,A - IPC Crime,"DEFENCE FORCES OFFENCES RELATING (also relating to desertion) (Sec.131 to 140, except 136 IPC/159 TO 168 EXCEPT 164 BNS)",Navy,0,0,0,0,2025-02,0,0.0
373,A - IPC Crime,"ESCAPE FROM LAWFUL CUSTODY AND RESISTANCE (Sec.224, 225, 225(B) IPC/262,263,265 BNS)",From Jail Custody,1,0,1,0,2025-02,-1,-100.0
374,A - IPC Crime,"ESCAPE FROM LAWFUL CUSTODY AND RESISTANCE (Sec.224, 225, 225(B) IPC/262,263,265 BNS)",From Police Custody,1,3,1,0,2025-02,-1,-100.0
375,A - IPC Crime,"ESCAPE FROM LAWFUL CUSTODY AND RESISTANCE (Sec.224, 225, 225(B) IPC/262,263,265 BNS)",Others,2,4,1,1,2025-02,0,0.0
376,A - IPC Crime,"IMPERSONATION (Sec.170, 171 IPC/204,205 BNS)",Attempt to Commit,2,0,0,2,2025-02,2,200.0
377,A - IPC Crime,"IMPERSONATION (Sec.170, 171 IPC/204,205 BNS)",Non-Uniformed Authority,0,2,0,0,2025-02,0,0.0
378,A - IPC Crime,"IMPERSONATION (Sec.170, 171 IPC/204,205 BNS)",Uniformed Authority,0,0,0,0,2025-02,0,0.0
379,A - IPC Crime,"MISCHIEF (Sec.427 to 440 except 434, 435, 436, 438 IPC/324(4) TO 324(6) BNS)",ALL / NOT SPECIFIED,76,36,29,47,2025-02,18,62.06896551724138
380,A - IPC Crime,MOLESTATION (Sec.354 IPC/74 BNS),Attempt to Commit,8,5,6,2,2025-02,-4,-66.66666666666666
381,A - IPC Crime,MOLESTATION (Sec.354 IPC/74 BNS),Private Place,138,113,71,67,2025-02,-4,-5.633802816901409
382,A - IPC Crime,MOLESTATION (Sec.354 IPC/74 BNS),Public Conveyance,0,1,0,0,2025-02,0,0.0
383,A - IPC Crime,MOLESTATION (Sec.354 IPC/74 BNS),Public Place,348,187,165,183,2025-02,18,10.909090909090908
384,A - IPC Crime,MOLESTATION (Sec.354 IPC/74 BNS),Other Places,406,240,212,194,2025-02,-18,-8.49056603773585
385,A - IPC Crime,POISONING-PROFESSIONAL (Sec. 328 IPC/123 BNS),Attempt to Commit,3,0,1,2,2025-02,1,100.0
386,A - IPC Crime,POISONING-PROFESSIONAL (Sec. 328 IPC/123 BNS),Fatal,0,1,0,0,2025-02,0,0.0
387,A - IPC Crime,POISONING-PROFESSIONAL (Sec. 328 IPC/123 BNS),Non Fatal,1,0,1,0,2025-02,-1,-100.0
388,A - IPC Crime,PORNOGRAPHY (Sec.292 to 294 IPC/294 TO 296 BNS),Advertisement,0,0,0,0,2025-02,0,0.0
389,A - IPC Crime,PORNOGRAPHY (Sec.292 to 294 IPC/294 TO 296 BNS),Audio Tape,0,0,0,0,2025-02,0,0.0
390,A - IPC Crime,PORNOGRAPHY (Sec.292 to 294 IPC/294 TO 296 BNS),Book,0,0,0,0,2025-02,0,0.0
391,A - IPC Crime,PORNOGRAPHY (Sec.292 to 294 IPC/294 TO 296 BNS),Computer Software,0,0,0,0,2025-02,0,0.0
392,A - IPC Crime,PORNOGRAPHY (Sec.292 to 294 IPC/294 TO 296 BNS),Figures,0,0,0,0,2025-02,0,0.0
393,A - IPC Crime,PORNOGRAPHY (Sec.292 to 294 IPC/294 TO 296 BNS),Film (Blue),0,0,0,0,2025-02,0,0.0
394,A - IPC Crime,PORNOGRAPHY (Sec.292 to 294 IPC/294 TO 296 BNS),Painting,0,0,0,0,2025-02,0,0.0
395,A - IPC Crime,PORNOGRAPHY (Sec.292 to 294 IPC/294 TO 296 BNS),Pamphlet,0,0,0,0,2025-02,0,0.0
396,A - IPC Crime,PORNOGRAPHY (Sec.292 to 294 IPC/294 TO 296 BNS),Paper,0,0,0,0,2025-02,0,0.0
397,A - IPC Crime,PORNOGRAPHY (Sec.292 to 294 IPC/294 TO 296 BNS),Photography,0,0,0,0,2025-02,0,0.0
398,A - IPC Crime,PORNOGRAPHY (Sec.292 to 294 IPC/294 TO 296 BNS),Poster,0,0,0,0,2025-02,0,0.0
399,A - IPC Crime,PORNOGRAPHY (Sec.292 to 294 IPC/294 TO 296 BNS),Video Film(Blue),0,0,0,0,2025-02,0,0.0
400,A - IPC Crime,PORNOGRAPHY (Sec.292 to 294 IPC/294 TO 296 BNS),Others,2,1,1,1,2025-02,0,0.0
401,A - IPC Crime,PUBLIC JUSTICE (Sec.213 to 215 IPC/250 TO 252 BNS),ALL / NOT SPECIFIED,1,1,1,0,2025-02,-1,-100.0
402,A - IPC Crime,"PUBLIC NUISANCE (Sec.291 and 510 IPC/293,355 BNS)",ALL / NOT SPECIFIED,17,10,7,10,2025-02,3,42.857142857142854
403,A - IPC Crime,"PUBLIC SAFETY (Sec.269 to 271, 277, 283, 289 IPC/271 to 273, 279,285,291 BNS)",ALL / NOT SPECIFIED,514,429,203,311,2025-02,108,53.20197044334976
404,A - IPC Crime,"OFFENCES AGAINST PUBLIC SERVANTS (Public servant is a victim) (Sec 182-188, 332, 333, 353 IPC/217-223,121(1),121(2), 132 BNS)",Attempt to Commit,9,1,4,5,2025-02,1,25.0
405,A - IPC Crime,"OFFENCES AGAINST PUBLIC SERVANTS (Public servant is a victim) (Sec 182-188, 332, 333, 353 IPC/217-223,121(1),121(2), 132 BNS)",Defence Personnel,1,1,0,1,2025-02,1,100.0
406,A - IPC Crime,"OFFENCES AGAINST PUBLIC SERVANTS (Public servant is a victim) (Sec 182-188, 332, 333, 353 IPC/217-223,121(1),121(2), 132 BNS)",Jail Personnel,2,1,2,0,2025-02,-2,-100.0
407,A - IPC Crime,"OFFENCES AGAINST PUBLIC SERVANTS (Public servant is a victim) (Sec 182-188, 332, 333, 353 IPC/217-223,121(1),121(2), 132 BNS)",Judicial Official,7,3,3,4,2025-02,1,33.33333333333333
408,A - IPC Crime,"OFFENCES AGAINST PUBLIC SERVANTS (Public servant is a victim) (Sec 182-188, 332, 333, 353 IPC/217-223,121(1),121(2), 132 BNS)",Minister,0,0,0,0,2025-02,0,0.0
409,A - IPC Crime,"OFFENCES AGAINST PUBLIC SERVANTS (Public servant is a victim) (Sec 182-188, 332, 333, 353 IPC/217-223,121(1),121(2), 132 BNS)",MLA,0,0,0,0,2025-02,0,0.0
410,A - IPC Crime,"OFFENCES AGAINST PUBLIC SERVANTS (Public servant is a victim) (Sec 182-188, 332, 333, 353 IPC/217-223,121(1),121(2), 132 BNS)",MP,0,0,0,0,2025-02,0,0.0
411,A - IPC Crime,"OFFENCES AGAINST PUBLIC SERVANTS (Public servant is a victim) (Sec 182-188, 332, 333, 353 IPC/217-223,121(1),121(2), 132 BNS)",Nationalised Bank Personnel,1,0,0,1,2025-02,1,100.0
412,A - IPC Crime,"OFFENCES AGAINST PUBLIC SERVANTS (Public servant is a victim) (Sec 182-188, 332, 333, 353 IPC/217-223,121(1),121(2), 132 BNS)",Other Elected Member,2,0,1,1,2025-02,0,0.0
413,A - IPC Crime,"OFFENCES AGAINST PUBLIC SERVANTS (Public servant is a victim) (Sec 182-188, 332, 333, 353 IPC/217-223,121(1),121(2), 132 BNS)",Other Enforcement Official,0,0,0,0,2025-02,0,0.0
414,A - IPC Crime,"OFFENCES AGAINST PUBLIC SERVANTS (Public servant is a victim) (Sec 182-188, 332, 333, 353 IPC/217-223,121(1),121(2), 132 BNS)",Other Govt. Official,75,38,42,33,2025-02,-9,-21.428571428571427
415,A - IPC Crime,"OFFENCES AGAINST PUBLIC SERVANTS (Public servant is a victim) (Sec 182-188, 332, 333, 353 IPC/217-223,121(1),121(2), 132 BNS)",Para Military Personnel,1,0,0,1,2025-02,1,100.0
416,A - IPC Crime,"OFFENCES AGAINST PUBLIC SERVANTS (Public servant is a victim) (Sec 182-188, 332, 333, 353 IPC/217-223,121(1),121(2), 132 BNS)",Police Personnel,81,34,38,43,2025-02,5,13.157894736842104
417,A - IPC Crime,"OFFENCES AGAINST PUBLIC SERVANTS (Public servant is a victim) (Sec 182-188, 332, 333, 353 IPC/217-223,121(1),121(2), 132 BNS)",Public Sector Undertaking Official,27,11,12,15,2025-02,3,25.0
418,A - IPC Crime,"OFFENCES BY PUBLIC SERVANTS (EXCEPT CORRUPTION) (Public servant is accused) (Sec.128, 129, 167, 218, 221, 222 IPC/156,157,201,256,259,260 BNS)",Defence Personnel,0,0,0,0,2025-02,0,0.0
419,A - IPC Crime,"OFFENCES BY PUBLIC SERVANTS (EXCEPT CORRUPTION) (Public servant is accused) (Sec.128, 129, 167, 218, 221, 222 IPC/156,157,201,256,259,260 BNS)",Jail Personnel,0,1,0,0,2025-02,0,0.0
420,A - IPC Crime,"OFFENCES BY PUBLIC SERVANTS (EXCEPT CORRUPTION) (Public servant is accused) (Sec.128, 129, 167, 218, 221, 222 IPC/156,157,201,256,259,260 BNS)",Judicial Official,0,0,0,0,2025-02,0,0.0
421,A - IPC Crime,"OFFENCES BY PUBLIC SERVANTS (EXCEPT CORRUPTION) (Public servant is accused) (Sec.128, 129, 167, 218, 221, 222 IPC/156,157,201,256,259,260 BNS)",Minister,0,0,0,0,2025-02,0,0.0
422,A - IPC Crime,"OFFENCES BY PUBLIC SERVANTS (EXCEPT CORRUPTION) (Public servant is accused) (Sec.128, 129, 167, 218, 221, 222 IPC/156,157,201,256,259,260 BNS)",MLA,0,0,0,0,2025-02,0,0.0
423,A - IPC Crime,"OFFENCES BY PUBLIC SERVANTS (EXCEPT CORRUPTION) (Public servant is accused) (Sec.128, 129, 167, 218, 221, 222 IPC/156,157,201,256,259,260 BNS)",MP,0,0,0,0,2025-02,0,0.0
424,A - IPC Crime,"OFFENCES BY PUBLIC SERVANTS (EXCEPT CORRUPTION) (Public servant is accused) (Sec.128, 129, 167, 218, 221, 222 IPC/156,157,201,256,259,260 BNS)",Nationalised Bank Personnel,0,0,0,0,2025-02,0,0.0
425,A - IPC Crime,"OFFENCES BY PUBLIC SERVANTS (EXCEPT CORRUPTION) (Public servant is accused) (Sec.128, 129, 167, 218, 221, 222 IPC/156,157,201,256,259,260 BNS)",Other Elected Member,0,0,0,0,2025-02,0,0.0
426,A - IPC Crime,"OFFENCES BY PUBLIC SERVANTS (EXCEPT CORRUPTION) (Public servant is accused) (Sec.128, 129, 167, 218, 221, 222 IPC/156,157,201,256,259,260 BNS)",Other Enforcement Official,0,0,0,0,2025-02,0,0.0
427,A - IPC Crime,"OFFENCES BY PUBLIC SERVANTS (EXCEPT CORRUPTION) (Public servant is accused) (Sec.128, 129, 167, 218, 221, 222 IPC/156,157,201,256,259,260 BNS)",Other Govt. Official,0,1,0,0,2025-02,0,0.0
428,A - IPC Crime,"OFFENCES BY PUBLIC SERVANTS (EXCEPT CORRUPTION) (Public servant is accused) (Sec.128, 129, 167, 218, 221, 222 IPC/156,157,201,256,259,260 BNS)",Para Military Personnel,0,0,0,0,2025-02,0,0.0
429,A - IPC Crime,"OFFENCES BY PUBLIC SERVANTS (EXCEPT CORRUPTION) (Public servant is accused) (Sec.128, 129, 167, 218, 221, 222 IPC/156,157,201,256,259,260 BNS)",Police Personnel,0,0,0,0,2025-02,0,0.0
430,A - IPC Crime,"OFFENCES BY PUBLIC SERVANTS (EXCEPT CORRUPTION) (Public servant is accused) (Sec.128, 129, 167, 218, 221, 222 IPC/156,157,201,256,259,260 BNS)",Public Sector Undertaking Official,1,0,1,0,2025-02,-1,-100.0
431,A - IPC Crime,"OFFENCES BY PUBLIC SERVANTS (EXCEPT CORRUPTION) (Public servant is accused) (Sec.128, 129, 167, 218, 221, 222 IPC/156,157,201,256,259,260 BNS)",Others,0,0,0,0,2025-02,0,0.0
432,A - IPC Crime,"NEGLIGENT ACT (Sec.280 to 289, 336 to 338 except 283 IPC/282 to 291,125 to 125(b) except 285 BNS)",Death Causeed By Electric Shock,7,3,3,4,2025-02,1,33.33333333333333
433,A - IPC Crime,"NEGLIGENT ACT (Sec.280 to 289, 336 to 338 except 283 IPC/282 to 291,125 to 125(b) except 285 BNS)",Animal -Related,6,6,2,4,2025-02,2,100.0
434,A - IPC Crime,"NEGLIGENT ACT (Sec.280 to 289, 336 to 338 except 283 IPC/282 to 291,125 to 125(b) except 285 BNS)",Boat/Vessel - Related,0,1,0,0,2025-02,0,0.0
435,A - IPC Crime,"NEGLIGENT ACT (Sec.280 to 289, 336 to 338 except 283 IPC/282 to 291,125 to 125(b) except 285 BNS)",Explosive/Explosive Substances - Related,5,2,3,2,2025-02,-1,-33.33333333333333
436,A - IPC Crime,"NEGLIGENT ACT (Sec.280 to 289, 336 to 338 except 283 IPC/282 to 291,125 to 125(b) except 285 BNS)",Inflammable Substance- Related ,4,0,1,3,2025-02,2,200.0
437,A - IPC Crime,"NEGLIGENT ACT (Sec.280 to 289, 336 to 338 except 283 IPC/282 to 291,125 to 125(b) except 285 BNS)",Machinery - Related,25,8,15,10,2025-02,-5,-33.33333333333333
438,A - IPC Crime,"NEGLIGENT ACT (Sec.280 to 289, 336 to 338 except 283 IPC/282 to 291,125 to 125(b) except 285 BNS)",Poisonous Substance - Related,3,1,3,0,2025-02,-3,-100.0
439,A - IPC Crime,"NEGLIGENT ACT (Sec.280 to 289, 336 to 338 except 283 IPC/282 to 291,125 to 125(b) except 285 BNS)",Other - Related,221,163,103,118,2025-02,15,14.563106796116504
440,A - IPC Crime,"NEGLIGENT ACT (Sec.280 to 289, 336 to 338 except 283 IPC/282 to 291,125 to 125(b) except 285 BNS)",Human - Related,173,126,93,80,2025-02,-13,-13.978494623655912
441,A - IPC Crime,RECEIVING OF STOLEN PROPERTY (Sec.411 to 414 IPC/317(2) TO 317(5) BNS),ALL / NOT SPECIFIED,1,0,1,0,2025-02,-1,-100.0
442,A - IPC Crime,SEDITION (Sec. 124A IPC/IN BNS Deleted),Attempt to Commit,0,0,0,0,2025-02,0,0.0
443,A - IPC Crime,SEDITION (Sec. 124A IPC/IN BNS Deleted),By Foreigner,0,0,0,0,2025-02,0,0.0
444,A - IPC Crime,SEDITION (Sec. 124A IPC/IN BNS Deleted),By National,0,0,0,0,2025-02,0,0.0
445,A - IPC Crime,SEDITION (Sec. 124A IPC/IN BNS Deleted),By National And Foreigner,0,0,0,0,2025-02,0,0.0
446,A - IPC Crime,INSULTING MODESTY OF WOMEN (EVE TEASING) (Sec.509 IPC/79 BNS),Attempt to Commit,3,0,0,3,2025-02,3,300.0
447,A - IPC Crime,INSULTING MODESTY OF WOMEN (EVE TEASING) (Sec.509 IPC/79 BNS),Office,2,0,1,1,2025-02,0,0.0
448,A - IPC Crime,INSULTING MODESTY OF WOMEN (EVE TEASING) (Sec.509 IPC/79 BNS),Public Conveyance,0,0,0,0,2025-02,0,0.0
449,A - IPC Crime,INSULTING MODESTY OF WOMEN (EVE TEASING) (Sec.509 IPC/79 BNS),Public Place,24,4,9,15,2025-02,6,66.66666666666666
450,A - IPC Crime,INSULTING MODESTY OF WOMEN (EVE TEASING) (Sec.509 IPC/79 BNS),Other Places,49,5,22,27,2025-02,5,22.727272727272727
451,A - IPC Crime,"SUICIDE (Sec.305, 306, 309 IPC/107,108 BNS)",Dowry,1,0,0,1,2025-02,1,100.0
452,A - IPC Crime,"SUICIDE (Sec.305, 306, 309 IPC/107,108 BNS)",Abetment of Suicide,59,24,33,26,2025-02,-7,-21.21212121212121
453,A - IPC Crime,"SUICIDE (Sec.305, 306, 309 IPC/107,108 BNS)",Other Reasons,60,28,29,31,2025-02,2,6.896551724137931
454,A - IPC Crime,"SUICIDE (Sec.305, 306, 309 IPC/107,108 BNS)",Attempt to Commit suicide,16,7,10,6,2025-02,-4,-40.0
455,A - IPC Crime,UNNATURAL SEX (Sec.377 IPC/IN BNS Deleted),Abetment  ,0,0,0,0,2025-02,0,0.0
456,A - IPC Crime,UNNATURAL SEX (Sec.377 IPC/IN BNS Deleted),Animal  ,0,0,0,0,2025-02,0,0.0
457,A - IPC Crime,UNNATURAL SEX (Sec.377 IPC/IN BNS Deleted),Attempt,0,0,0,0,2025-02,0,0.0
458,A - IPC Crime,UNNATURAL SEX (Sec.377 IPC/IN BNS Deleted),Major - Man,0,0,0,0,2025-02,0,0.0
459,A - IPC Crime,UNNATURAL SEX (Sec.377 IPC/IN BNS Deleted),Major - Woman,0,0,0,0,2025-02,0,0.0
460,A - IPC Crime,UNNATURAL SEX (Sec.377 IPC/IN BNS Deleted),Minor - Boy,0,0,0,0,2025-02,0,0.0
461,A - IPC Crime,UNNATURAL SEX (Sec.377 IPC/IN BNS Deleted),Minor - Girl,0,0,0,0,2025-02,0,0.0
462,A - IPC Crime,"WRONGFUL RESTRAINT/CONFINEMENT (Sec.341 to 348 IPC/126(2),127(2)-127(8) BNS)",Attempt to Commit,4,0,2,2,2025-02,0,0.0
463,A - IPC Crime,"WRONGFUL RESTRAINT/CONFINEMENT (Sec.341 to 348 IPC/126(2),127(2)-127(8) BNS)",To Extort Confession,0,1,0,0,2025-02,0,0.0
464,A - IPC Crime,"WRONGFUL RESTRAINT/CONFINEMENT (Sec.341 to 348 IPC/126(2),127(2)-127(8) BNS)",To Extort Property,4,2,1,3,2025-02,2,200.0
465,A - IPC Crime,"WRONGFUL RESTRAINT/CONFINEMENT (Sec.341 to 348 IPC/126(2),127(2)-127(8) BNS)",To settle Dispute,4,2,1,3,2025-02,2,200.0
466,A - IPC Crime,"WRONGFUL RESTRAINT/CONFINEMENT (Sec.341 to 348 IPC/126(2),127(2)-127(8) BNS)",Others,69,30,37,32,2025-02,-5,-13.513513513513514
467,A - IPC Crime,"INFANTICIDE (Sec.315, 316 IPC/91,92 BNS)",Male,2,0,1,1,2025-02,0,0.0
468,A - IPC Crime,"INFANTICIDE (Sec.315, 316 IPC/91,92 BNS)",Female,0,0,0,0,2025-02,0,0.0
469,A - IPC Crime,"OFFENCES RELATED TO MARRIAGE (Sec.493 to 498 IPC/81,84 BNS)",ALL / NOT SPECIFIED,7,6,4,3,2025-02,-1,-25.0
470,A - IPC Crime,"BUYING & SELLING MINOR FOR PROSTITUTION (Sec.372, 373 IPC/98,99 BNS)",ALL / NOT SPECIFIED,0,0,0,0,2025-02,0,0.0
471,A - IPC Crime,DOCUMENTS & PROPERTY MARKS (Sec.483 to 489 IPC/346-350(2) BNS),Documents  ,0,0,0,0,2025-02,0,0.0
472,A - IPC Crime,DOCUMENTS & PROPERTY MARKS (Sec.483 to 489 IPC/346-350(2) BNS),Property  ,0,0,0,0,2025-02,0,0.0
473,A - IPC Crime,DEFAMATION (Sec.500 to 502 IPC/350(2)-356(4) BNS),Persons ,0,0,0,0,2025-02,0,0.0
474,A - IPC Crime,DEFAMATION (Sec.500 to 502 IPC/350(2)-356(4) BNS),Printed Matter,0,0,0,0,2025-02,0,0.0
475,A - IPC Crime,DEFAMATION (Sec.500 to 502 IPC/350(2)-356(4) BNS),Others,0,1,0,0,2025-02,0,0.0
476,A - IPC Crime,ELECTION(Sec.171(E) to 171(1) IPC/173-177 BNS),Assembly,0,0,0,0,2025-02,0,0.0
477,A - IPC Crime,ELECTION(Sec.171(E) to 171(1) IPC/173-177 BNS),Parliament,0,1,0,0,2025-02,0,0.0
478,A - IPC Crime,ELECTION(Sec.171(E) to 171(1) IPC/173-177 BNS),Other Elected Bodies,0,3,0,0,2025-02,0,0.0
479,A - IPC Crime,"SLAVERY (Sec.370, 371, 374 IPC/143,145,146 BNS)",Man,0,0,0,0,2025-02,0,0.0
480,A - IPC Crime,"SLAVERY (Sec.370, 371, 374 IPC/143,145,146 BNS)",Woman,0,0,0,0,2025-02,0,0.0
481,A - IPC Crime,"SLAVERY (Sec.370, 371, 374 IPC/143,145,146 BNS)",Boy,0,0,0,0,2025-02,0,0.0
482,A - IPC Crime,"SLAVERY (Sec.370, 371, 374 IPC/143,145,146 BNS)",Girl,0,0,0,0,2025-02,0,0.0
483,A - IPC Crime,Attempting to commit offences (Sec.511 IPC/62 BNS),Attempting to commit offences,34,20,13,21,2025-02,8,61.53846153846154
484,A - IPC Crime,ILLEGAL DETENTION (Sec.342 IPC/127(2) BNS),ALL / NOT SPECIFIED,1,0,0,1,2025-02,1,100.0
485,A - IPC Crime,FALSE EVIDENCE (Sec.191 to 205 IPC/227-242 BNS),ALL / NOT SPECIFIED,0,0,0,0,2025-02,0,0.0
486,A - IPC Crime,EXPOSURE AND ABANDONMENT OF CHILD (Sec.317 IPC/93 BNS),Boy ,2,4,2,0,2025-02,-2,-100.0
487,A - IPC Crime,EXPOSURE AND ABANDONMENT OF CHILD (Sec.317 IPC/93 BNS),Girl,4,1,3,1,2025-02,-2,-66.66666666666666
488,A - IPC Crime,EXPOSURE AND ABANDONMENT OF CHILD (Sec.317 IPC/93 BNS),OF ABETMENT (Sec.107 to 120 IPC/45-60 BNS),4,1,2,2,2025-02,0,0.0
489,A - IPC Crime,EXPOSURE AND ABANDONMENT OF CHILD (Sec.317 IPC/93 BNS),"FAILURE TO APPEAR TO COURT (Sec.174A, 229A IPC/209,269 BNS)",0,0,0,0,2025-02,0,0.0
490,A - IPC Crime,EXPOSURE AND ABANDONMENT OF CHILD (Sec.317 IPC/93 BNS),IPC 174 A/BNS 209,35,8,16,19,2025-02,3,18.75
491,A - IPC Crime,EXPOSURE AND ABANDONMENT OF CHILD (Sec.317 IPC/93 BNS),IPC 229 A/BNS 269,154,34,83,71,2025-02,-12,-14.457831325301203
492,A - IPC Crime,Concealment of birth by secret disposal of Child,Girl,2,2,0,2,2025-02,2,200.0
493,A - IPC Crime,Concealment of birth by secret disposal of Child,Boy,3,1,3,0,2025-02,-3,-100.0
494,A - IPC Crime,ASSAULT OR USE OF CRIMINAL FORCE TO DISROBE WOMEN,ALL / NOT SPECIFIED,1,1,1,0,2025-02,-1,-100.0
495,A - IPC Crime,Disobedience to Order Promulgated by Public/Servant,By Others,4,4,2,2,2025-02,0,0.0
496,A - IPC Crime,Disobedience to Order Promulgated by Public/Servant,By Private Institution,2,0,1,1,2025-02,0,0.0
497,A - IPC Crime,Disobedience to Order Promulgated by Public/Servant,By Govt. Institution,0,0,0,0,2025-02,0,0.0
498,A - IPC Crime,Disobedience to Order Promulgated by Public/Servant,Sub Total,6,4,3,3,2025-02,0,0.0
499,A - IPC Crime,Disobedience to Order Promulgated by Public/Servant,Human Trafficking,0,0,0,0,2025-02,0,0.0
500,A - IPC Crime,Disobedience to Order Promulgated by Public/Servant,Eunuch,0,0,0,0,2025-02,0,0.0
501,A - IPC Crime,Disobedience to Order Promulgated by Public/Servant,Men,1,0,1,0,2025-02,-1,-100.0
502,A - IPC Crime,Disobedience to Order Promulgated by Public/Servant,Boy,0,0,0,0,2025-02,0,0.0
503,A - IPC Crime,Disobedience to Order Promulgated by Public/Servant,Women,0,0,0,0,2025-02,0,0.0
504,A - IPC Crime,Disobedience to Order Promulgated by Public/Servant,Girl,1,1,1,0,2025-02,-1,-100.0
505,A - IPC Crime,Giving false information respecting an offence committed,Giving false information respecting an offence committed,2,0,0,2,2025-02,2,200.0
506,B - SPECIAL & LOCAL LAWS,ANTIQUES (CULTURAL PROPERTY),Antiques & Art Treasures Act 1972,0,0,0,0,2025-02,0,0.0
507,B - SPECIAL & LOCAL LAWS,ARMS ACT 1959,Country Made - Non Prohibited Bore - In Disturbed Area,1,2,0,1,2025-02,1,100.0
508,B - SPECIAL & LOCAL LAWS,ARMS ACT 1960,Country Made - Non Prohibited Bore - In Other Area,32,7,15,17,2025-02,2,13.333333333333334
509,B - SPECIAL & LOCAL LAWS,ARMS ACT 1961,Country Made - Prohibited Bore - In Disturbed Area,0,0,0,0,2025-02,0,0.0
510,B - SPECIAL & LOCAL LAWS,ARMS ACT 1962,Country Made - Prohibited Bore - In Other Area,16,1,7,9,2025-02,2,28.57142857142857
511,B - SPECIAL & LOCAL LAWS,ARMS ACT 1963,Factory Made - Non Prohibited Bore - In Disturbed Area,1,0,1,0,2025-02,-1,-100.0
512,B - SPECIAL & LOCAL LAWS,ARMS ACT 1964,Factory Made - Non Prohibited Bore - In Other Area,7,1,3,4,2025-02,1,33.33333333333333
513,B - SPECIAL & LOCAL LAWS,ARMS ACT 1965,Factory Made - Prohibited Bore - In Disturbed Area,4,0,1,3,2025-02,2,200.0
514,B - SPECIAL & LOCAL LAWS,ARMS ACT 1966,Factory Made - Prohibited Bore - In Other Area,9,1,7,2,2025-02,-5,-71.42857142857143
515,B - SPECIAL & LOCAL LAWS,ANIMAL,The Karnataka Prevention of Slaughter and Preservation of Cattle Ordinance 2020,11,11,7,4,2025-02,-3,-42.857142857142854
516,B - SPECIAL & LOCAL LAWS,ANIMAL,Wild Life Preservation Act 1972,0,0,0,0,2025-02,0,0.0
517,B - SPECIAL & LOCAL LAWS,ANIMAL,Wild Life Protection Act 1972,2,0,2,0,2025-02,-2,-100.0
518,B - SPECIAL & LOCAL LAWS,ANIMAL,Prevention of Cruelty to Animals Act 1960,41,11,22,19,2025-02,-3,-13.636363636363635
519,B - SPECIAL & LOCAL LAWS,ANIMAL,Elephant (Preservation) Act 1879,0,0,0,0,2025-02,0,0.0
520,B - SPECIAL & LOCAL LAWS,ANIMAL,Cattle Tresspass Act 1871,1,1,0,1,2025-02,1,100.0
521,B - SPECIAL & LOCAL LAWS,CINEMATOGRAPHY ACT 1952,Films,0,1,0,0,2025-02,0,0.0
522,B - SPECIAL & LOCAL LAWS,CINEMATOGRAPHY ACT 1953,Video,0,0,0,0,2025-02,0,0.0
523,B - SPECIAL & LOCAL LAWS,CONSUMER,Liquified Petroleum Gas Supply & Control Order 2000 ,19,7,13,6,2025-02,-7,-53.84615384615385
524,B - SPECIAL & LOCAL LAWS,CONSUMER,Consumer (Protection) Act 1986,1,0,0,1,2025-02,1,100.0
525,B - SPECIAL & LOCAL LAWS,CONSUMER,Essential Commodities Act 1955,51,35,25,26,2025-02,1,4.0
526,B - SPECIAL & LOCAL LAWS,CONSUMER,Prevention of Food Adulternation Act 1954,1,0,1,0,2025-02,-1,-100.0
527,B - SPECIAL & LOCAL LAWS,CONSUMER,Packaged Commodities (Regulation) order 1975,0,0,0,0,2025-02,0,0.0
528,B - SPECIAL & LOCAL LAWS,COPY RIGHT ACT 1957,By Company,37,10,20,17,2025-02,-3,-15.0
529,B - SPECIAL & LOCAL LAWS,COPY RIGHT ACT 1958,By Individual,17,5,10,7,2025-02,-3,-30.0
530,B - SPECIAL & LOCAL LAWS,CIVIL RIGHTS,Protection of Civil Rights Act 1955,0,0,0,0,2025-02,0,0.0
531,B - SPECIAL & LOCAL LAWS,SCHEDULED CASTE AND THE SCHEDULED TRIBES,Scheduled Caste  ,214,117,111,103,2025-02,-8,-7.207207207207207
532,B - SPECIAL & LOCAL LAWS,SCHEDULED CASTE AND THE SCHEDULED TRIBES,Scheduled Tribes,44,32,16,28,2025-02,12,75.0
533,B - SPECIAL & LOCAL LAWS,SCHEDULED CASTE AND THE SCHEDULED TRIBES,Scheduled Caste Women,77,46,43,34,2025-02,-9,-20.930232558139537
534,B - SPECIAL & LOCAL LAWS,SCHEDULED CASTE AND THE SCHEDULED TRIBES,Scheduled Tribes Women,26,13,8,18,2025-02,10,125.0
535,B - SPECIAL & LOCAL LAWS,CHILDREN ACT,Child Labour (Prohibition & Regulation) Act1986,16,4,10,6,2025-02,-4,-40.0
536,B - SPECIAL & LOCAL LAWS,CHILDREN ACT,Child Marriage (Restraint) Act - 1929,23,9,11,12,2025-02,1,9.090909090909092
537,B - SPECIAL & LOCAL LAWS,CHILDREN ACT,Juvenile Justice Act 1986,25,8,13,12,2025-02,-1,-7.6923076923076925
538,B - SPECIAL & LOCAL LAWS,CHILDREN ACT,Probation of offenders Act 1958,0,0,0,0,2025-02,0,0.0
539,B - SPECIAL & LOCAL LAWS,CHILDREN ACT,Protection of Children from Sexual Offences Act 2012 (POCSO),0,0,0,0,2025-02,0,0.0
540,B - SPECIAL & LOCAL LAWS,PREVENTION OF CORRUPTION ACT 1988,Public Servant - Elected,0,0,0,0,2025-02,0,0.0
541,B - SPECIAL & LOCAL LAWS,PREVENTION OF CORRUPTION ACT 1989,Public Servant - Gazetted - Central,0,0,0,0,2025-02,0,0.0
542,B - SPECIAL & LOCAL LAWS,PREVENTION OF CORRUPTION ACT 1990,Public Servant - Gazetted - Defence,0,0,0,0,2025-02,0,0.0
543,B - SPECIAL & LOCAL LAWS,PREVENTION OF CORRUPTION ACT 1991,Public Servant - Gazetted - Public Sector Undertaking,0,0,0,0,2025-02,0,0.0
544,B - SPECIAL & LOCAL LAWS,PREVENTION OF CORRUPTION ACT 1992,Public Servant - Gazetted - State,0,0,0,0,2025-02,0,0.0
545,B - SPECIAL & LOCAL LAWS,PREVENTION OF CORRUPTION ACT 1993,Public Servant - Non-Gazetted - Central,0,0,0,0,2025-02,0,0.0
546,B - SPECIAL & LOCAL LAWS,PREVENTION OF CORRUPTION ACT 1994,Public Servant - Non-Gazetted - Defence,0,0,0,0,2025-02,0,0.0
547,B - SPECIAL & LOCAL LAWS,PREVENTION OF CORRUPTION ACT 1995,Public Servant - Non-Gazetted - State,0,0,0,0,2025-02,0,0.0
548,B - SPECIAL & LOCAL LAWS,CUSTOMS,Customs Act 1962,0,0,0,0,2025-02,0,0.0
549,B - SPECIAL & LOCAL LAWS,CUSTOMS,Import/Export (Control) Act 1947,0,0,0,0,2025-02,0,0.0
550,B - SPECIAL & LOCAL LAWS,Explosives,Explosives Substances Act 1908,10,5,7,3,2025-02,-4,-57.14285714285714
551,B - SPECIAL & LOCAL LAWS,Explosives,Explosives Act 1884,7,4,4,3,2025-02,-1,-25.0
552,B - SPECIAL & LOCAL LAWS,Explosives,Inflammable Substance Act 1952,0,0,0,0,2025-02,0,0.0
553,B - SPECIAL & LOCAL LAWS,FOREIGN EXCHANGE,Smugglers and Foreign Exchange Manipulator Act 1976,0,0,0,0,2025-02,0,0.0
554,B - SPECIAL & LOCAL LAWS,FOREIGN EXCHANGE,Foreign Exchange Regulation Act 1973,0,0,0,0,2025-02,0,0.0
555,B - SPECIAL & LOCAL LAWS,FOREIGN EXCHANGE,Foreign Exchange Regulation Act 1952,0,0,0,0,2025-02,0,0.0
556,B - SPECIAL & LOCAL LAWS,FOREIGNER,Foreigners Act 1946,5,0,3,2,2025-02,-1,-33.33333333333333
557,B - SPECIAL & LOCAL LAWS,FOREIGNER,Registration of Foreigners Act 1939,0,0,0,0,2025-02,0,0.0
558,B - SPECIAL & LOCAL LAWS,FOREST,Indian Forest Act 1927,0,0,0,0,2025-02,0,0.0
559,B - SPECIAL & LOCAL LAWS,FOREST,Forest (Conservation) Act 1980,2,3,2,0,2025-02,-2,-100.0
560,B - SPECIAL & LOCAL LAWS,HIJACKING,Foreign Aircraft - In India,0,0,0,0,2025-02,0,0.0
561,B - SPECIAL & LOCAL LAWS,HIJACKING,Foreign Aircraft - Outside India,0,0,0,0,2025-02,0,0.0
562,B - SPECIAL & LOCAL LAWS,HIJACKING,Indian Aircraft - In India,0,0,0,0,2025-02,0,0.0
563,B - SPECIAL & LOCAL LAWS,HIJACKING,Indian Aircraft - Outside India,0,0,0,0,2025-02,0,0.0
564,B - SPECIAL & LOCAL LAWS,IMMORAL TRAFFIC,Organised,31,19,14,17,2025-02,3,21.428571428571427
565,B - SPECIAL & LOCAL LAWS,IMMORAL TRAFFIC,Un-Organised,19,9,15,4,2025-02,-11,-73.33333333333333
566,B - SPECIAL & LOCAL LAWS,BONDED LABOUR SYSTEM,INDIAN MOTOR VEHICLE,9,10,2,7,2025-02,5,250.0
567,B - SPECIAL & LOCAL LAWS,NARCOTIC DRUGS & PSYCHOTROPIC SUBSTANCES ACT,Cultivated/Processed,346,126,186,160,2025-02,-26,-13.978494623655912
568,B - SPECIAL & LOCAL LAWS,NARCOTIC DRUGS & PSYCHOTROPIC SUBSTANCES ACT,Synthetic,497,149,242,255,2025-02,13,5.371900826446281
569,B - SPECIAL & LOCAL LAWS,PASSPORT ACT,Foreigner,0,0,0,0,2025-02,0,0.0
570,B - SPECIAL & LOCAL LAWS,PASSPORT ACT,Indian,2,0,0,2,2025-02,2,200.0
571,B - SPECIAL & LOCAL LAWS,REPRESENTATIVE OF PEOPLE ACT 1951 & 1988,Assembly,0,0,0,0,2025-02,0,0.0
572,B - SPECIAL & LOCAL LAWS,REPRESENTATIVE OF PEOPLE ACT 1951 & 1989,Parliament,0,0,0,0,2025-02,0,0.0
573,B - SPECIAL & LOCAL LAWS,REPRESENTATIVE OF PEOPLE ACT 1951 & 1990,Other Elected Bodies,0,2,0,0,2025-02,0,0.0
574,B - SPECIAL & LOCAL LAWS,KARNATAKA POLICE ACT 1963,Gambling - Matka (78 Class C),904,511,493,411,2025-02,-82,-16.63286004056795
575,B - SPECIAL & LOCAL LAWS,KARNATAKA POLICE ACT 1964,Street Gambling (87),950,440,486,464,2025-02,-22,-4.526748971193416
576,B - SPECIAL & LOCAL LAWS,KARNATAKA POLICE ACT 1965,House Gambling (79 & 80),42,21,21,21,2025-02,0,0.0
577,B - SPECIAL & LOCAL LAWS,KARNATAKA POLICE ACT 1966,Betting ,41,4,20,21,2025-02,1,5.0
578,B - SPECIAL & LOCAL LAWS,KARNATAKA POLICE ACT 1967,Others ,122,49,63,59,2025-02,-4,-6.349206349206349
579,B - SPECIAL & LOCAL LAWS,PREVENTION OF DAMAGE TO PUBLIC PROPERTY ACT 1984,ALL / NOT SPECIFIED,16,16,7,9,2025-02,2,28.57142857142857
580,B - SPECIAL & LOCAL LAWS,"POST & TELEGRAPH, TELEGRAPH WIRES (UNLAWFUL POSSESSION) ACT 1980",ALL / NOT SPECIFIED,0,0,0,0,2025-02,0,0.0
581,B - SPECIAL & LOCAL LAWS,OFFICIAL SECURITY RELATED ACTS,Official Secrets Act 1923,0,0,0,0,2025-02,0,0.0
582,B - SPECIAL & LOCAL LAWS,OFFICIAL SECURITY RELATED ACTS,Essential Services Maintenance Act 1981,0,0,0,0,2025-02,0,0.0
583,B - SPECIAL & LOCAL LAWS,PREVENTION OF TERRORISM ACT (POTA),RAILWAYS ACT,0,0,0,0,2025-02,0,0.0
584,B - SPECIAL & LOCAL LAWS,PREVENTION OF TERRORISM ACT (POTA),Indian Railways Act 1989,0,0,0,0,2025-02,0,0.0
585,B - SPECIAL & LOCAL LAWS,PREVENTION OF TERRORISM ACT (POTA),Railway Property (Unlawful Possession) Act 1966,0,0,0,0,2025-02,0,0.0
586,B - SPECIAL & LOCAL LAWS,UNLAWFUL ACTIVITIES (Prevention) Act 1967,ALL / NOT SPECIFIED,0,0,0,0,2025-02,0,0.0
587,B - SPECIAL & LOCAL LAWS,CRIMES RELATED TO WOMEN,Dowry Prohibition,239,171,132,107,2025-02,-25,-18.939393939393938
588,B - SPECIAL & LOCAL LAWS,CRIMES RELATED TO WOMEN,Commission of SATI (Prevention) Act 1987,0,0,0,0,2025-02,0,0.0
589,B - SPECIAL & LOCAL LAWS,CRIMES RELATED TO WOMEN,Indecent Representation of Women (Prohibition) Act 1986,0,0,0,0,2025-02,0,0.0
590,B - SPECIAL & LOCAL LAWS,INDIAN LUNACY ACT,ALL / NOT SPECIFIED,0,0,0,0,2025-02,0,0.0
591,B - SPECIAL & LOCAL LAWS,INDIAN ELECTRICITY ACT,ALL / NOT SPECIFIED,3,1,1,2,2025-02,1,100.0
592,B - SPECIAL & LOCAL LAWS,"COTPA, CIGARETTES AND OTHER TOBACCO PRODUCTS",ALL / NOT SPECIFIED,248,83,90,158,2025-02,68,75.55555555555556
593,B - SPECIAL & LOCAL LAWS,KARNATAKA STATE LOCAL ACTS,Prevention of Insult to National Hounours Act 1971,4,1,4,0,2025-02,-4,-100.0
594,B - SPECIAL & LOCAL LAWS,KARNATAKA STATE LOCAL ACTS,"Prevention of violence against Doctors, Medical professionals and Medical institutions",4,0,1,3,2025-02,2,200.0
595,B - SPECIAL & LOCAL LAWS,KARNATAKA STATE LOCAL ACTS,"The Karnataka Prevention of Dangerous Activities of Bootleggers, Drug-offenders, Gamblers, Goonda Act",0,0,0,0,2025-02,0,0.0
596,B - SPECIAL & LOCAL LAWS,KARNATAKA STATE LOCAL ACTS,Karnataka Cow Slaughters Act,32,19,16,16,2025-02,0,0.0
597,B - SPECIAL & LOCAL LAWS,KARNATAKA STATE LOCAL ACTS,Banning of Unregulated Deposit Schemes Act,8,2,1,7,2025-02,6,600.0
598,B - SPECIAL & LOCAL LAWS,KARNATAKA STATE LOCAL ACTS,"Motor Spirit and High Speed Diesel (Regulation of upply, Distribution and Prevention of Malpractice",0,0,0,0,2025-02,0,0.0
599,B - SPECIAL & LOCAL LAWS,KARNATAKA STATE LOCAL ACTS,Karnataka Epidemic Deseases Act 2020,0,0,0,0,2025-02,0,0.0
600,B - SPECIAL & LOCAL LAWS,KARNATAKA STATE LOCAL ACTS,Karnataka Prevention of Slaughter and Preservation of Cattle Act 2020,30,8,15,15,2025-02,0,0.0
601,B - SPECIAL & LOCAL LAWS,KARNATAKA STATE LOCAL ACTS,Disaster Management Act 2005,0,0,0,0,2025-02,0,0.0
602,B - SPECIAL & LOCAL LAWS,KARNATAKA STATE LOCAL ACTS,Karnataka Excise Act 1965,1296,447,661,635,2025-02,-26,-3.9334341906202726
603,B - SPECIAL & LOCAL LAWS,KARNATAKA STATE LOCAL ACTS,Karnataka Forest Act 1963,2,5,2,0,2025-02,-2,-100.0
604,B - SPECIAL & LOCAL LAWS,KARNATAKA STATE LOCAL ACTS,Karnataka Education Act 1983 As Amended Upto Date,1,0,0,1,2025-02,1,100.0
605,B - SPECIAL & LOCAL LAWS,KARNATAKA STATE LOCAL ACTS,Karnataka Kerosene Restriction Unuse Act 1956,0,0,0,0,2025-02,0,0.0
606,B - SPECIAL & LOCAL LAWS,KARNATAKA STATE LOCAL ACTS,Karnataka University Act,0,0,0,0,2025-02,0,0.0
607,B - SPECIAL & LOCAL LAWS,KARNATAKA STATE LOCAL ACTS,Karnataka Corruption Act,0,0,0,0,2025-02,0,0.0
608,B - SPECIAL & LOCAL LAWS,KARNATAKA STATE LOCAL ACTS,Karnataka Medical Registration Act 1965,1,0,1,0,2025-02,-1,-100.0
609,B - SPECIAL & LOCAL LAWS,KARNATAKA STATE LOCAL ACTS,Karnataka Land & Revenue Act 1964 & 2007,6,1,2,4,2025-02,2,100.0
610,B - SPECIAL & LOCAL LAWS,KARNATAKA STATE LOCAL ACTS,Karnataka Kerosene Dealers License Order 1969,0,0,0,0,2025-02,0,0.0
611,B - SPECIAL & LOCAL LAWS,KARNATAKA STATE LOCAL ACTS,Karnataka Society Registration Act,0,0,0,0,2025-02,0,0.0
612,B - SPECIAL & LOCAL LAWS,KARNATAKA STATE LOCAL ACTS,Karnataka Minor Mineral Consistent Rule 1994,4,8,1,3,2025-02,2,200.0
613,B - SPECIAL & LOCAL LAWS,KARNATAKA STATE LOCAL ACTS,Bangalore Development Authority Act,0,0,0,0,2025-02,0,0.0
614,B - SPECIAL & LOCAL LAWS,KARNATAKA STATE LOCAL ACTS,Karnataka Prohibition of Beggery Act 1975,13,0,0,13,2025-02,13,1300.0
615,B - SPECIAL & LOCAL LAWS,KARNATAKA STATE LOCAL ACTS,Karnataka Municipalities Act 1964,1,0,1,0,2025-02,-1,-100.0
616,B - SPECIAL & LOCAL LAWS,KARNATAKA STATE LOCAL ACTS,Karnataka Irrigation Act 1963,1,1,0,1,2025-02,1,100.0
617,B - SPECIAL & LOCAL LAWS,KARNATAKA STATE LOCAL ACTS,Karnataka Fire Force act 1964,2,0,1,1,2025-02,0,0.0
618,B - SPECIAL & LOCAL LAWS,KARNATAKA STATE LOCAL ACTS,Karnataka Consumer Protection Act 1986,0,0,0,0,2025-02,0,0.0
619,B - SPECIAL & LOCAL LAWS,KARNATAKA STATE LOCAL ACTS,Karnataka Lottery Act,15,8,7,8,2025-02,1,14.285714285714285
620,B - SPECIAL & LOCAL LAWS,KARNATAKA STATE LOCAL ACTS,Karnataka Weight & Measurement Act,0,0,0,0,2025-02,0,0.0
621,B - SPECIAL & LOCAL LAWS,KARNATAKA STATE LOCAL ACTS,Karnataka Agriculture Marketing Regulation Act,0,0,0,0,2025-02,0,0.0
622,B - SPECIAL & LOCAL LAWS,KARNATAKA STATE LOCAL ACTS,Karnataka Revenue Act,0,0,0,0,2025-02,0,0.0
623,B - SPECIAL & LOCAL LAWS,KARNATAKA STATE LOCAL ACTS,Karnataka Mining Act,0,0,0,0,2025-02,0,0.0
624,B - SPECIAL & LOCAL LAWS,KARNATAKA STATE LOCAL ACTS,Karnataka Betting Tax Act,0,0,0,0,2025-02,0,0.0
625,B - SPECIAL & LOCAL LAWS,KARNATAKA STATE LOCAL ACTS,Karnataka Panchayat Raj Act,1,0,0,1,2025-02,1,100.0
626,B - SPECIAL & LOCAL LAWS,KARNATAKA STATE LOCAL ACTS,Karnataka Open Place Disfigurement Act 1951,21,3,11,10,2025-02,-1,-9.090909090909092
627,B - SPECIAL & LOCAL LAWS,KARNATAKA STATE LOCAL ACTS,Karnataka Right To Information Act 2000 & 2008,1,0,0,1,2025-02,1,100.0
628,B - SPECIAL & LOCAL LAWS,KARNATAKA STATE LOCAL ACTS,Karnataka Urban Development Act 1987,0,0,0,0,2025-02,0,0.0
629,B - SPECIAL & LOCAL LAWS,KARNATAKA STATE LOCAL ACTS,Karnataka Town & City Planning Act 1961,0,0,0,0,2025-02,0,0.0
630,B - SPECIAL & LOCAL LAWS,KARNATAKA STATE LOCAL ACTS,Karnataka Race Betting Act,0,0,0,0,2025-02,0,0.0
631,B - SPECIAL & LOCAL LAWS,KARNATAKA STATE LOCAL ACTS,Karnataka Devadasi's (Prohibition Of Dedication) Act 1982,0,0,0,0,2025-02,0,0.0
632,B - SPECIAL & LOCAL LAWS,KARNATAKA STATE LOCAL ACTS,Cooperative Society Act,1,0,0,1,2025-02,1,100.0
633,B - SPECIAL & LOCAL LAWS,KARNATAKA STATE LOCAL ACTS,Karnataka Entertainment Tax Act 1958,0,0,0,0,2025-02,0,0.0
634,B - SPECIAL & LOCAL LAWS,KARNATAKA STATE LOCAL ACTS,Karnataka Land Acquisition (Prohibition) Act 2007,0,0,0,0,2025-02,0,0.0
635,B - SPECIAL & LOCAL LAWS,KARNATAKA STATE LOCAL ACTS,Karnataka Money Lender Act 1961,2,1,1,1,2025-02,0,0.0
636,B - SPECIAL & LOCAL LAWS,KARNATAKA STATE LOCAL ACTS,Karnataka Stamp Act 1957,0,0,0,0,2025-02,0,0.0
637,B - SPECIAL & LOCAL LAWS,KARNATAKA STATE LOCAL ACTS,Karnataka Prisoners Act 1963 & 1974,13,5,8,5,2025-02,-3,-37.5
638,B - SPECIAL & LOCAL LAWS,KARNATAKA STATE LOCAL ACTS,Karnataka Private Medical Institution Act 2007,1,0,1,0,2025-02,-1,-100.0
639,B - SPECIAL & LOCAL LAWS,KARNATAKA STATE LOCAL ACTS,MMRD (Mines & Minerals Regulation Development ) Act 1957,8,8,4,4,2025-02,0,0.0
640,B - SPECIAL & LOCAL LAWS,KARNATAKA STATE LOCAL ACTS,Karnataka Treasure Trove Act 1962,1,0,0,1,2025-02,1,100.0
641,B - SPECIAL & LOCAL LAWS,KARNATAKA STATE LOCAL ACTS,Karnataka Prohibition of Charging Exorbitant Interest Act 2004,6,2,1,5,2025-02,4,400.0
642,B - SPECIAL & LOCAL LAWS,KARNATAKA STATE LOCAL ACTS,Karnataka Ayurvedic And Unani Pract. Regis. & Medical Prac. Misc. Prov. Act,0,0,0,0,2025-02,0,0.0
643,B - SPECIAL & LOCAL LAWS,KARNATAKA STATE LOCAL ACTS,Other Local Acts,24,10,7,17,2025-02,10,142.85714285714286
644,B - SPECIAL & LOCAL LAWS,CYBER CRIME (INFORMATION TECHNOLOGY ACT),"Information Technology Act 2000, 2009",24,1934,11,13,2025-02,2,18.181818181818183
645,B - SPECIAL & LOCAL LAWS,CYBER CRIME (INFORMATION TECHNOLOGY ACT),CSAM (Child Pornography). Cyber Tip Line,6,0,0,6,2025-02,6,600.0
646,B - SPECIAL & LOCAL LAWS,CYBER CRIME (INFORMATION TECHNOLOGY ACT),Online Money Transfer,202,9,111,91,2025-02,-20,-18.01801801801802
647,B - SPECIAL & LOCAL LAWS,CYBER CRIME (INFORMATION TECHNOLOGY ACT),Credit Card Fraud,134,5,86,48,2025-02,-38,-44.18604651162791
648,B - SPECIAL & LOCAL LAWS,CYBER CRIME (INFORMATION TECHNOLOGY ACT),Loan App,43,5,22,21,2025-02,-1,-4.545454545454546
649,B - SPECIAL & LOCAL LAWS,CYBER CRIME (INFORMATION TECHNOLOGY ACT),"Ransomeware Attack, Installing Spyware & Troman, Using Other Malware & Viruses to infect degital serv",0,0,0,0,2025-02,0,0.0
650,B - SPECIAL & LOCAL LAWS,CYBER CRIME (INFORMATION TECHNOLOGY ACT),"Gifts, iPhone & Lottery Fraud",22,1,7,15,2025-02,8,114.28571428571428
651,B - SPECIAL & LOCAL LAWS,CYBER CRIME (INFORMATION TECHNOLOGY ACT),Deep Fake/Deep Nudes,5,0,3,2,2025-02,-1,-33.33333333333333
652,B - SPECIAL & LOCAL LAWS,CYBER CRIME (INFORMATION TECHNOLOGY ACT),"Investment Fraud (Part Time Job, Task, Review)",523,11,275,248,2025-02,-27,-9.818181818181818
653,B - SPECIAL & LOCAL LAWS,CYBER CRIME (INFORMATION TECHNOLOGY ACT),Card Skimming,2,0,0,2,2025-02,2,200.0
654,B - SPECIAL & LOCAL LAWS,CYBER CRIME (INFORMATION TECHNOLOGY ACT),Job Fraud,91,4,31,60,2025-02,29,93.54838709677419
655,B - SPECIAL & LOCAL LAWS,CYBER CRIME (INFORMATION TECHNOLOGY ACT),Business Fraud,26,1,18,8,2025-02,-10,-55.55555555555556
656,B - SPECIAL & LOCAL LAWS,CYBER CRIME (INFORMATION TECHNOLOGY ACT),Hacking of Accounts & Ids,24,8,13,11,2025-02,-2,-15.384615384615385
657,B - SPECIAL & LOCAL LAWS,CYBER CRIME (INFORMATION TECHNOLOGY ACT),Phishing (Taking Password & Information),6,0,6,0,2025-02,-6,-100.0
658,B - SPECIAL & LOCAL LAWS,CYBER CRIME (INFORMATION TECHNOLOGY ACT),Email Spoofing / Fraud,11,1,4,7,2025-02,3,75.0
659,B - SPECIAL & LOCAL LAWS,CYBER CRIME (INFORMATION TECHNOLOGY ACT),SIM card Swapping / SIM Jacking / SIM Cloning,0,0,0,0,2025-02,0,0.0
660,B - SPECIAL & LOCAL LAWS,CYBER CRIME (INFORMATION TECHNOLOGY ACT),Social Media Cases (Instagram/Facebook/Whatsapp/X /Telegram etc),72,10,29,43,2025-02,14,48.275862068965516
661,B - SPECIAL & LOCAL LAWS,CYBER CRIME (INFORMATION TECHNOLOGY ACT),"Crypto Currency, Bitcoin, etc.",20,1,8,12,2025-02,4,50.0
662,B - SPECIAL & LOCAL LAWS,CYBER CRIME (INFORMATION TECHNOLOGY ACT),Remote Access Fraud  (Any Desk/ Team Viewer),2,0,0,2,2025-02,2,200.0
663,B - SPECIAL & LOCAL LAWS,CYBER CRIME (INFORMATION TECHNOLOGY ACT),OLX Fraud,31,0,17,14,2025-02,-3,-17.647058823529413
664,B - SPECIAL & LOCAL LAWS,CYBER CRIME (INFORMATION TECHNOLOGY ACT),Data Theft,14,0,8,6,2025-02,-2,-25.0
665,B - SPECIAL & LOCAL LAWS,CYBER CRIME (INFORMATION TECHNOLOGY ACT),Fedex,15,1,11,4,2025-02,-7,-63.63636363636363
666,B - SPECIAL & LOCAL LAWS,CYBER CRIME (INFORMATION TECHNOLOGY ACT),"OTP Frauds (KYC Update, Apk Link)",121,4,74,47,2025-02,-27,-36.486486486486484
667,B - SPECIAL & LOCAL LAWS,CYBER CRIME (INFORMATION TECHNOLOGY ACT),Matrimony Fraud,20,0,11,9,2025-02,-2,-18.181818181818183
668,B - SPECIAL & LOCAL LAWS,CYBER CRIME (INFORMATION TECHNOLOGY ACT),Sextortion and Revenge Porn,12,0,8,4,2025-02,-4,-50.0
669,B - SPECIAL & LOCAL LAWS,CYBER CRIME (INFORMATION TECHNOLOGY ACT),Advertising Frauds,8,0,6,2,2025-02,-4,-66.66666666666666
670,B - SPECIAL & LOCAL LAWS,CYBER CRIME (INFORMATION TECHNOLOGY ACT),Investment Fraud (Trading & Share Trading),671,11,381,290,2025-02,-91,-23.88451443569554
671,B - SPECIAL & LOCAL LAWS,CYBER CRIME (INFORMATION TECHNOLOGY ACT),Fake Customer Care,59,0,36,23,2025-02,-13,-36.11111111111111
672,B - SPECIAL & LOCAL LAWS,CYBER CRIME (INFORMATION TECHNOLOGY ACT),ATM Fraud,8,0,5,3,2025-02,-2,-40.0
673,B - SPECIAL & LOCAL LAWS,CYBER CRIME (INFORMATION TECHNOLOGY ACT),Digital Arrest,93,0,70,23,2025-02,-47,-67.14285714285714
674,B - SPECIAL & LOCAL LAWS,CYBER CRIME (INFORMATION TECHNOLOGY ACT),AEPS (Aadhaar),0,1,0,0,2025-02,0,0.0
675,B - SPECIAL & LOCAL LAWS,CYBER CRIME (INFORMATION TECHNOLOGY ACT),Others ,309,33,150,159,2025-02,9,6.0
676,B - SPECIAL & LOCAL LAWS,NATIONAL SECURITY ACT,ALL / NOT SPECIFIED,0,0,0,0,2025-02,0,0.0
677,B - SPECIAL & LOCAL LAWS,POCSO,Custodial Rape,0,0,0,0,2025-02,0,0.0
678,B - SPECIAL & LOCAL LAWS,POCSO,Gang Rape,1,0,1,0,2025-02,-1,-100.0
679,B - SPECIAL & LOCAL LAWS,POCSO,Rape with Murder,2,0,0,2,2025-02,2,200.0
680,B - SPECIAL & LOCAL LAWS,POCSO,Rape,441,243,255,186,2025-02,-69,-27.058823529411764
681,B - SPECIAL & LOCAL LAWS,POCSO,Others ,168,81,92,76,2025-02,-16,-17.391304347826086
682,B - SPECIAL & LOCAL LAWS,Aadhar Act,Offence by Company,0,0,0,0,2025-02,0,0.0
683,B - SPECIAL & LOCAL LAWS,Aadhar Act,Impersonation,0,0,0,0,2025-02,0,0.0
684,B - SPECIAL & LOCAL LAWS,Aadhar Act,Offence by Individual,0,0,0,0,2025-02,0,0.0
685,C. CRIMES AGAINST WOMEN,Rape (Sec. 376 IPC),1.1  Custodial Rape,0,0,0,0,2025-02,0,0.0
686,C. CRIMES AGAINST WOMEN,Rape (Sec. 376 IPC),1.2  Gang Rape,2,1,1,1,2025-02,0,0.0
687,C. CRIMES AGAINST WOMEN,Rape (Sec. 376 IPC),1.3  other Cases of Rape,140,57,54,76,2025-02,22,40.74074074074074
688,C. CRIMES AGAINST WOMEN,Outraging modesty (Molestation) (sec.354 IPC),ALL / NOT SPECIFIED,900,546,454,446,2025-02,-8,-1.762114537444934
689,C. CRIMES AGAINST WOMEN,Kidnapping & Abduction of Women: (Sec.366 IPC),ALL / NOT SPECIFIED,12,9,6,6,2025-02,0,0.0
690,C. CRIMES AGAINST WOMEN,Insulting modesty (Eve-Teasing) (Sec.294 & 509 IPC if victim is a woman),ALL / NOT SPECIFIED,78,9,32,46,2025-02,14,43.75
691,C. CRIMES AGAINST WOMEN,Murder for Dowry - by burning (Sec.302 IPC),ALL / NOT SPECIFIED,1,0,1,0,2025-02,-1,-100.0
692,C. CRIMES AGAINST WOMEN,"Murder for Dowry - by other means
(Sec.302 IPC)",ALL / NOT SPECIFIED,0,0,0,0,2025-02,0,0.0
693,C. CRIMES AGAINST WOMEN,Murder for other reasons,ALL / NOT SPECIFIED,67,33,36,30,2025-02,-6,-16.666666666666664
694,C. CRIMES AGAINST WOMEN,Attempt to Commit Murder for dowry by burning (Sec.307 IPC),ALL / NOT SPECIFIED,0,0,0,0,2025-02,0,0.0
695,C. CRIMES AGAINST WOMEN,Attempt to Commit Murder for dowry by other means (Sec.307 IPC),ALL / NOT SPECIFIED,5,2,0,5,2025-02,5,500.0
696,C. CRIMES AGAINST WOMEN,Attempt to Commit murder for other reasons,ALL / NOT SPECIFIED,178,53,102,76,2025-02,-26,-25.49019607843137
697,C. CRIMES AGAINST WOMEN,"Dowry Death-by burning
(Sec.304-B IPC)",ALL / NOT SPECIFIED,0,0,0,0,2025-02,0,0.0
698,C. CRIMES AGAINST WOMEN,Dowry Death-by other Means (Sec.304(B) IPC),ALL / NOT SPECIFIED,20,14,11,9,2025-02,-2,-18.181818181818183
699,C. CRIMES AGAINST WOMEN,Cruelty by Husband or Relatives of Husband (Sec.498-A IPC),ALL / NOT SPECIFIED,455,286,238,217,2025-02,-21,-8.823529411764707
700,C. CRIMES AGAINST WOMEN,Abetment of Suicide (Sec.306 IPC),ALL / NOT SPECIFIED,29,12,14,15,2025-02,1,7.142857142857142
701,C. CRIMES AGAINST WOMEN,Immoral Traffic (prevention) Act.,ALL / NOT SPECIFIED,50,28,29,21,2025-02,-8,-27.586206896551722
702,C. CRIMES AGAINST WOMEN,Indecent Representation of Women(Prohibition) Act-1986,ALL / NOT SPECIFIED,0,0,0,0,2025-02,0,0.0
703,C. CRIMES AGAINST WOMEN,Pornography,ALL / NOT SPECIFIED,0,0,0,0,2025-02,0,0.0
704,C. CRIMES AGAINST WOMEN,Offences against Public Servants (Sec.182-188-333-353 IPC),ALL / NOT SPECIFIED,21,9,6,15,2025-02,9,150.0
705,C. CRIMES AGAINST WOMEN,Offences related to Marriage,ALL / NOT SPECIFIED,5,4,4,1,2025-02,-3,-75.0
706,C. CRIMES AGAINST WOMEN,Cyber Crimes,ALL / NOT SPECIFIED,754,566,398,356,2025-02,-42,-10.552763819095476
707,D.CRIME AGAINST CHILDREN,"Infanticide/ Foeticide 
(Sec. 315 & 316 IPC)","Infanticide/ Foeticide 
(Sec. 315 & 316 IPC)",2,0,1,1,2025-02,0,0.0
708,D.CRIME AGAINST CHILDREN,Rape on Minor,Rape on Minor,0,0,0,0,2025-02,0,0.0
709,D.CRIME AGAINST CHILDREN,Exposure & abandonment (Sec. 317 IPC),Exposure & abandonment (Sec. 317 IPC),6,5,5,1,2025-02,-4,-80.0
710,D.CRIME AGAINST CHILDREN,Kidnapping & Abduction of Children,Kidnapping & Abduction of Children,351,306,306,344,2025-02,38,12.418300653594772
711,D.CRIME AGAINST CHILDREN,For Ransom - of Children,For Ransom - of Children,4,3,3,1,2025-02,-2,-66.66666666666666
712,D.CRIME AGAINST CHILDREN,of Children - for begging,of Children - for begging,0,0,0,0,2025-02,0,0.0
713,D.CRIME AGAINST CHILDREN,of Girls - Immoral Purpose,of Girls - Immoral Purpose,0,0,0,0,2025-02,0,0.0
714,D.CRIME AGAINST CHILDREN,With intent to Steal from Child,With intent to Steal from Child,0,0,0,0,2025-02,0,0.0
715,D.CRIME AGAINST CHILDREN,Lawful Guardianship,Lawful Guardianship,0,0,0,0,2025-02,0,0.0
716,D.CRIME AGAINST CHILDREN,Procuration of Minor Girls - For Prostitution,Procuration of Minor Girls - For Prostitution,0,0,0,0,2025-02,0,0.0
717,D.CRIME AGAINST CHILDREN,Procuration of Minor Girls - Importing of Girl,Procuration of Minor Girls - Importing of Girl,0,0,0,0,2025-02,0,0.0
718,D.CRIME AGAINST CHILDREN,Procuration of Minor Girls - For Other Purposes,Procuration of Minor Girls - For Other Purposes,3,1,1,2,2025-02,1,100.0
719,D.CRIME AGAINST CHILDREN,Sub Total ,Sub Total ,358,310,310,347,2025-02,37,11.935483870967742
720,D.CRIME AGAINST CHILDREN,Selling of girls for Prostitution (Sec.372 IPC),Selling of girls for Prostitution (Sec.372 IPC),0,0,0,0,2025-02,0,0.0
721,D.CRIME AGAINST CHILDREN,The Prohibition of Child Marriage Act - 2006,The Prohibition of Child Marriage Act - 2006,23,9,11,12,2025-02,1,9.090909090909092
722,D.CRIME AGAINST CHILDREN,POCSO Act,POCSO Act,612,324,348,264,2025-02,-84,-24.137931034482758
723,D.CRIME AGAINST CHILDREN,Death of Children due to miscarriage,Death of Children due to miscarriage,0,4,0,0,2025-02,0,0.0
724,D.CRIME AGAINST CHILDREN,Juvenile Justice Act,Juvenile Justice Act,25,8,13,12,2025-02,-1,-7.6923076923076925
725,D.CRIME AGAINST CHILDREN,Child Labour (Pro.& Reg.) Act,Child Labour (Pro.& Reg.) Act,16,4,10,6,2025-02,-4,-40.0
726,D.CRIME AGAINST CHILDREN,Probation of Offenders Act,Probation of Offenders Act,0,0,0,0,2025-02,0,0.0
727,"    E. CRIME AGAINST SCHEDULED CASTES /TRIBES BY NON SCs/STs 
",Murder,Murder,13,18,8,5,2025-02,-3,-37.5
728,"    E. CRIME AGAINST SCHEDULED CASTES /TRIBES BY NON SCs/STs 
",Rape,Rape,18,8,10,8,2025-02,-2,-20.0
729,"    E. CRIME AGAINST SCHEDULED CASTES /TRIBES BY NON SCs/STs 
",Kidnapping,Kidnapping,23,17,11,12,2025-02,1,9.090909090909092
730,"    E. CRIME AGAINST SCHEDULED CASTES /TRIBES BY NON SCs/STs 
",Offences under the Protection of Civil Rights Act.,Offences under the Protection of Civil Rights Act.,0,0,0,0,2025-02,0,0.0
1,A - IPC Crime,"Murder (Sec.302/303 IPC/103,104 BNS)",For gain,9,2,3,2,2025-03,-1,-33.33333333333333
2,A - IPC Crime,"Murder (Sec.302/303 IPC/103,104 BNS)",Over Property Dispute,8,0,5,1,2025-03,-4,-80.0
3,A - IPC Crime,"Murder (Sec.302/303 IPC/103,104 BNS)",Due to Personal Vendetta or enemity,9,2,6,1,2025-03,-5,-83.33333333333334
4,A - IPC Crime,"Murder (Sec.302/303 IPC/103,104 BNS)",Due to Sexual jealousy,7,1,4,1,2025-03,-3,-75.0
5,A - IPC Crime,"Murder (Sec.302/303 IPC/103,104 BNS)",For dowry by burning,1,0,0,0,2025-03,0,0.0
6,A - IPC Crime,"Murder (Sec.302/303 IPC/103,104 BNS)",For dowry by other means,3,0,0,3,2025-03,3,300.0
7,A - IPC Crime,"Murder (Sec.302/303 IPC/103,104 BNS)",Due to Communalism,0,0,0,0,2025-03,0,0.0
8,A - IPC Crime,"Murder (Sec.302/303 IPC/103,104 BNS)",Due to Casteism,0,0,0,0,2025-03,0,0.0
9,A - IPC Crime,"Murder (Sec.302/303 IPC/103,104 BNS)",Witch Craft (Sorcery),0,0,0,0,2025-03,0,0.0
10,A - IPC Crime,"Murder (Sec.302/303 IPC/103,104 BNS)",For Human Sacrifice,0,0,0,0,2025-03,0,0.0
11,A - IPC Crime,"Murder (Sec.302/303 IPC/103,104 BNS)",Due to Terrorism/Naxalism / Extremism,0,0,0,0,2025-03,0,0.0
12,A - IPC Crime,"Murder (Sec.302/303 IPC/103,104 BNS)",For Political Reasons,0,0,0,0,2025-03,0,0.0
13,A - IPC Crime,"Murder (Sec.302/303 IPC/103,104 BNS)",Due to Adultery,3,0,2,1,2025-03,-1,-50.0
14,A - IPC Crime,"Murder (Sec.302/303 IPC/103,104 BNS)",Civil Disputes,14,6,5,3,2025-03,-2,-40.0
15,A - IPC Crime,"Murder (Sec.302/303 IPC/103,104 BNS)",Electoral Gain,0,0,0,0,2025-03,0,0.0
16,A - IPC Crime,"Murder (Sec.302/303 IPC/103,104 BNS)",Gang Rivalry,0,0,0,0,2025-03,0,0.0
17,A - IPC Crime,"Murder (Sec.302/303 IPC/103,104 BNS)",Love Intrigue,8,4,1,5,2025-03,4,400.0
18,A - IPC Crime,"Murder (Sec.302/303 IPC/103,104 BNS)",Professional ,0,0,0,0,2025-03,0,0.0
19,A - IPC Crime,"Murder (Sec.302/303 IPC/103,104 BNS)",Psychopathic/Serial Killer/Lunacy,0,0,0,0,2025-03,0,0.0
20,A - IPC Crime,"Murder (Sec.302/303 IPC/103,104 BNS)",Rape with Murder,4,2,1,1,2025-03,0,0.0
21,A - IPC Crime,"Murder (Sec.302/303 IPC/103,104 BNS)",Revenge/Enemity,12,2,0,7,2025-03,7,700.0
22,A - IPC Crime,"Murder (Sec.302/303 IPC/103,104 BNS)",Sudden Quarrel,19,8,11,1,2025-03,-10,-90.9090909090909
23,A - IPC Crime,"Murder (Sec.302/303 IPC/103,104 BNS)",Village Dispute,0,0,0,0,2025-03,0,0.0
24,A - IPC Crime,"Murder (Sec.302/303 IPC/103,104 BNS)",Custodial,0,0,0,0,2025-03,0,0.0
25,A - IPC Crime,"Murder (Sec.302/303 IPC/103,104 BNS)",Due to Other Causes,205,78,65,74,2025-03,9,13.846153846153847
26,A - IPC Crime,ATTEMPT TO MURDER (Sec. 307 IPC/109BNS),For Gain ,5,1,2,2,2025-03,0,0.0
27,A - IPC Crime,ATTEMPT TO MURDER (Sec. 307 IPC/109BNS),Over Property Dispute,16,14,4,9,2025-03,5,125.0
28,A - IPC Crime,ATTEMPT TO MURDER (Sec. 307 IPC/109BNS),Due to Personal Vendetta or enemity,23,7,3,5,2025-03,2,66.66666666666666
29,A - IPC Crime,ATTEMPT TO MURDER (Sec. 307 IPC/109BNS),Due to Sexual jealousy,0,2,0,0,2025-03,0,0.0
30,A - IPC Crime,ATTEMPT TO MURDER (Sec. 307 IPC/109BNS),For Dowry other Means,7,0,5,2,2025-03,-3,-60.0
31,A - IPC Crime,ATTEMPT TO MURDER (Sec. 307 IPC/109BNS),Dowry By Burning,0,0,0,0,2025-03,0,0.0
32,A - IPC Crime,ATTEMPT TO MURDER (Sec. 307 IPC/109BNS),Due to Communalism,0,0,0,0,2025-03,0,0.0
33,A - IPC Crime,ATTEMPT TO MURDER (Sec. 307 IPC/109BNS),Due to Casteism,0,1,0,0,2025-03,0,0.0
34,A - IPC Crime,ATTEMPT TO MURDER (Sec. 307 IPC/109BNS),Witch Craft (Sorcery),0,0,0,0,2025-03,0,0.0
35,A - IPC Crime,ATTEMPT TO MURDER (Sec. 307 IPC/109BNS),For Human Sacrifice,0,0,0,0,2025-03,0,0.0
36,A - IPC Crime,ATTEMPT TO MURDER (Sec. 307 IPC/109BNS),Terrorism /Naxalism / Extremism,0,0,0,0,2025-03,0,0.0
37,A - IPC Crime,ATTEMPT TO MURDER (Sec. 307 IPC/109BNS),For Political Reasons,3,1,1,2,2025-03,1,100.0
38,A - IPC Crime,ATTEMPT TO MURDER (Sec. 307 IPC/109BNS),Adultery,2,2,1,1,2025-03,0,0.0
39,A - IPC Crime,ATTEMPT TO MURDER (Sec. 307 IPC/109BNS),Electoral Gain,0,0,0,0,2025-03,0,0.0
40,A - IPC Crime,ATTEMPT TO MURDER (Sec. 307 IPC/109BNS),Gang Rivalry,1,0,0,0,2025-03,0,0.0
41,A - IPC Crime,ATTEMPT TO MURDER (Sec. 307 IPC/109BNS),Love Intrigue,5,1,2,1,2025-03,-1,-50.0
42,A - IPC Crime,ATTEMPT TO MURDER (Sec. 307 IPC/109BNS),Professional ,0,1,0,0,2025-03,0,0.0
43,A - IPC Crime,ATTEMPT TO MURDER (Sec. 307 IPC/109BNS),Rape,1,0,0,1,2025-03,1,100.0
44,A - IPC Crime,ATTEMPT TO MURDER (Sec. 307 IPC/109BNS),Revenge/Enemity,70,19,18,19,2025-03,1,5.555555555555555
45,A - IPC Crime,ATTEMPT TO MURDER (Sec. 307 IPC/109BNS),Sudden Quarrel,70,20,27,20,2025-03,-7,-25.925925925925924
46,A - IPC Crime,ATTEMPT TO MURDER (Sec. 307 IPC/109BNS),Village Dispute,2,1,1,0,2025-03,-1,-100.0
47,A - IPC Crime,ATTEMPT TO MURDER (Sec. 307 IPC/109BNS),Due to Other Causes,565,143,161,220,2025-03,59,36.64596273291926
48,A - IPC Crime,ATTEMPT TO MURDER (Sec. 307 IPC/109BNS),Civil Disputes,88,16,33,26,2025-03,-7,-21.21212121212121
49,A - IPC Crime,CULPABLE HOMICIDE NOT AMOUNTING TO MUDER (Sec.304 IPC/105 BNS),For Gain,0,0,0,0,2025-03,0,0.0
50,A - IPC Crime,CULPABLE HOMICIDE NOT AMOUNTING TO MUDER (Sec.304 IPC/105 BNS),Over Civil Dispute,0,0,0,0,2025-03,0,0.0
51,A - IPC Crime,CULPABLE HOMICIDE NOT AMOUNTING TO MUDER (Sec.304 IPC/105 BNS),Due to Personal Vendetta or enemity,0,0,0,0,2025-03,0,0.0
52,A - IPC Crime,CULPABLE HOMICIDE NOT AMOUNTING TO MUDER (Sec.304 IPC/105 BNS),Due to Sexual jealousy,0,0,0,0,2025-03,0,0.0
53,A - IPC Crime,CULPABLE HOMICIDE NOT AMOUNTING TO MUDER (Sec.304 IPC/105 BNS),For Dowry,0,0,0,0,2025-03,0,0.0
54,A - IPC Crime,CULPABLE HOMICIDE NOT AMOUNTING TO MUDER (Sec.304 IPC/105 BNS),Due to Communalism,0,0,0,0,2025-03,0,0.0
55,A - IPC Crime,CULPABLE HOMICIDE NOT AMOUNTING TO MUDER (Sec.304 IPC/105 BNS),Due to Casteism,0,0,0,0,2025-03,0,0.0
56,A - IPC Crime,CULPABLE HOMICIDE NOT AMOUNTING TO MUDER (Sec.304 IPC/105 BNS),Witch Craft (Sorcery),0,0,0,0,2025-03,0,0.0
57,A - IPC Crime,CULPABLE HOMICIDE NOT AMOUNTING TO MUDER (Sec.304 IPC/105 BNS),For Human Sacrifice,0,0,0,0,2025-03,0,0.0
58,A - IPC Crime,CULPABLE HOMICIDE NOT AMOUNTING TO MUDER (Sec.304 IPC/105 BNS),Terrorism /Naxalism / Extremism,0,0,0,0,2025-03,0,0.0
59,A - IPC Crime,CULPABLE HOMICIDE NOT AMOUNTING TO MUDER (Sec.304 IPC/105 BNS),For Political Reasons,0,0,0,0,2025-03,0,0.0
60,A - IPC Crime,CULPABLE HOMICIDE NOT AMOUNTING TO MUDER (Sec.304 IPC/105 BNS),Adultery,0,0,0,0,2025-03,0,0.0
61,A - IPC Crime,CULPABLE HOMICIDE NOT AMOUNTING TO MUDER (Sec.304 IPC/105 BNS),Property Disputes,0,0,0,0,2025-03,0,0.0
62,A - IPC Crime,CULPABLE HOMICIDE NOT AMOUNTING TO MUDER (Sec.304 IPC/105 BNS),Electoral Gain,1,0,1,0,2025-03,-1,-100.0
63,A - IPC Crime,CULPABLE HOMICIDE NOT AMOUNTING TO MUDER (Sec.304 IPC/105 BNS),Gang Rivalry,0,0,0,0,2025-03,0,0.0
64,A - IPC Crime,CULPABLE HOMICIDE NOT AMOUNTING TO MUDER (Sec.304 IPC/105 BNS),Love Intrigue,0,0,0,0,2025-03,0,0.0
65,A - IPC Crime,CULPABLE HOMICIDE NOT AMOUNTING TO MUDER (Sec.304 IPC/105 BNS),Professional ,0,0,0,0,2025-03,0,0.0
66,A - IPC Crime,CULPABLE HOMICIDE NOT AMOUNTING TO MUDER (Sec.304 IPC/105 BNS),Sudden Quarrel,4,4,2,1,2025-03,-1,-50.0
67,A - IPC Crime,CULPABLE HOMICIDE NOT AMOUNTING TO MUDER (Sec.304 IPC/105 BNS),Due to Other Causes,29,7,11,11,2025-03,0,0.0
68,A - IPC Crime,ATTEMPT TO CULPABLE HOMICIDE NOT AMOUNTING TO MURDER (Sec. 308 IPC/110 BNS),For Gain,0,0,0,0,2025-03,0,0.0
69,A - IPC Crime,ATTEMPT TO CULPABLE HOMICIDE NOT AMOUNTING TO MURDER (Sec. 308 IPC/110 BNS),Over Civil Dispute,0,0,0,0,2025-03,0,0.0
70,A - IPC Crime,ATTEMPT TO CULPABLE HOMICIDE NOT AMOUNTING TO MURDER (Sec. 308 IPC/110 BNS),Due to Personal Vendetta or enemity,0,0,0,0,2025-03,0,0.0
71,A - IPC Crime,ATTEMPT TO CULPABLE HOMICIDE NOT AMOUNTING TO MURDER (Sec. 308 IPC/110 BNS),Due to Sexual jealousy,0,0,0,0,2025-03,0,0.0
72,A - IPC Crime,ATTEMPT TO CULPABLE HOMICIDE NOT AMOUNTING TO MURDER (Sec. 308 IPC/110 BNS),For Dowry,0,0,0,0,2025-03,0,0.0
73,A - IPC Crime,ATTEMPT TO CULPABLE HOMICIDE NOT AMOUNTING TO MURDER (Sec. 308 IPC/110 BNS),Due to Communalism,0,0,0,0,2025-03,0,0.0
74,A - IPC Crime,ATTEMPT TO CULPABLE HOMICIDE NOT AMOUNTING TO MURDER (Sec. 308 IPC/110 BNS),Due to Casteism,0,0,0,0,2025-03,0,0.0
75,A - IPC Crime,ATTEMPT TO CULPABLE HOMICIDE NOT AMOUNTING TO MURDER (Sec. 308 IPC/110 BNS),Witch Craft (Sorcery),0,0,0,0,2025-03,0,0.0
76,A - IPC Crime,ATTEMPT TO CULPABLE HOMICIDE NOT AMOUNTING TO MURDER (Sec. 308 IPC/110 BNS),For Human Sacrifice,0,0,0,0,2025-03,0,0.0
77,A - IPC Crime,ATTEMPT TO CULPABLE HOMICIDE NOT AMOUNTING TO MURDER (Sec. 308 IPC/110 BNS),Terrorism /Naxalism / Extremism,0,0,0,0,2025-03,0,0.0
78,A - IPC Crime,ATTEMPT TO CULPABLE HOMICIDE NOT AMOUNTING TO MURDER (Sec. 308 IPC/110 BNS),For Political Reasons,0,0,0,0,2025-03,0,0.0
79,A - IPC Crime,ATTEMPT TO CULPABLE HOMICIDE NOT AMOUNTING TO MURDER (Sec. 308 IPC/110 BNS),Due to Other Causes,9,2,3,3,2025-03,0,0.0
80,A - IPC Crime,ATTEMPT TO CULPABLE HOMICIDE NOT AMOUNTING TO MURDER (Sec. 308 IPC/110 BNS),Adultery,1,0,0,0,2025-03,0,0.0
81,A - IPC Crime,ATTEMPT TO CULPABLE HOMICIDE NOT AMOUNTING TO MURDER (Sec. 308 IPC/110 BNS),Property Disputes,0,0,0,0,2025-03,0,0.0
82,A - IPC Crime,ATTEMPT TO CULPABLE HOMICIDE NOT AMOUNTING TO MURDER (Sec. 308 IPC/110 BNS),Electoral Gain,0,0,0,0,2025-03,0,0.0
83,A - IPC Crime,ATTEMPT TO CULPABLE HOMICIDE NOT AMOUNTING TO MURDER (Sec. 308 IPC/110 BNS),Gang Rivalry,0,0,0,0,2025-03,0,0.0
84,A - IPC Crime,ATTEMPT TO CULPABLE HOMICIDE NOT AMOUNTING TO MURDER (Sec. 308 IPC/110 BNS),Love Intrigue,0,0,0,0,2025-03,0,0.0
85,A - IPC Crime,ATTEMPT TO CULPABLE HOMICIDE NOT AMOUNTING TO MURDER (Sec. 308 IPC/110 BNS),Professional ,0,0,0,0,2025-03,0,0.0
86,A - IPC Crime,ATTEMPT TO CULPABLE HOMICIDE NOT AMOUNTING TO MURDER (Sec. 308 IPC/110 BNS),Sudden Quarrel,2,2,0,1,2025-03,1,100.0
87,A - IPC Crime,"RAPE (Sec.376, 376(A) to 376 (D) IPC/64 TO 71 BNS)",Custodial Rape,0,0,0,0,2025-03,0,0.0
88,A - IPC Crime,"RAPE (Sec.376, 376(A) to 376 (D) IPC/64 TO 71 BNS)",Attempt to Commit,5,1,2,1,2025-03,-1,-50.0
89,A - IPC Crime,"RAPE (Sec.376, 376(A) to 376 (D) IPC/64 TO 71 BNS)",By a Gang,3,2,1,1,2025-03,0,0.0
90,A - IPC Crime,"RAPE (Sec.376, 376(A) to 376 (D) IPC/64 TO 71 BNS)",By Parents,2,0,0,2,2025-03,2,200.0
91,A - IPC Crime,"RAPE (Sec.376, 376(A) to 376 (D) IPC/64 TO 71 BNS)",By Hospital Staff,1,0,0,1,2025-03,1,100.0
92,A - IPC Crime,"RAPE (Sec.376, 376(A) to 376 (D) IPC/64 TO 71 BNS)",By Husband During Sepearation,1,0,0,1,2025-03,1,100.0
93,A - IPC Crime,"RAPE (Sec.376, 376(A) to 376 (D) IPC/64 TO 71 BNS)",By Neighbours,12,2,2,4,2025-03,2,100.0
94,A - IPC Crime,"RAPE (Sec.376, 376(A) to 376 (D) IPC/64 TO 71 BNS)",By Relatives,8,6,1,4,2025-03,3,300.0
95,A - IPC Crime,"RAPE (Sec.376, 376(A) to 376 (D) IPC/64 TO 71 BNS)",In Jail Custody,0,0,0,0,2025-03,0,0.0
96,A - IPC Crime,"RAPE (Sec.376, 376(A) to 376 (D) IPC/64 TO 71 BNS)",In Remand Home,0,0,0,0,2025-03,0,0.0
97,A - IPC Crime,"RAPE (Sec.376, 376(A) to 376 (D) IPC/64 TO 71 BNS)",InCest,0,0,0,0,2025-03,0,0.0
98,A - IPC Crime,"RAPE (Sec.376, 376(A) to 376 (D) IPC/64 TO 71 BNS)",Known Person,127,29,42,48,2025-03,6,14.285714285714285
99,A - IPC Crime,"RAPE (Sec.376, 376(A) to 376 (D) IPC/64 TO 71 BNS)",Unknown Person,2,2,0,1,2025-03,1,100.0
100,A - IPC Crime,"RAPE (Sec.376, 376(A) to 376 (D) IPC/64 TO 71 BNS)",Due to Other Causes,77,21,29,33,2025-03,4,13.793103448275861
101,A - IPC Crime,"RAPE (Sec.376, 376(A) to 376 (D) IPC/64 TO 71 BNS)",On Minor,0,0,0,0,2025-03,0,0.0
102,A - IPC Crime,"KIDNAPPING AND ABDUCTION (Sec.360, 361, 363 to 369 IPC/137(1)(A),137(1)(B),137(2),140 TO 142,97 BNS)",Missing - Boy,714,229,226,285,2025-03,59,26.10619469026549
103,A - IPC Crime,"KIDNAPPING AND ABDUCTION (Sec.360, 361, 363 to 369 IPC/137(1)(A),137(1)(B),137(2),140 TO 142,97 BNS)",Missing - Girl,218,55,67,77,2025-03,10,14.925373134328357
104,A - IPC Crime,"KIDNAPPING AND ABDUCTION (Sec.360, 361, 363 to 369 IPC/137(1)(A),137(1)(B),137(2),140 TO 142,97 BNS)",For Ransom - of Children,4,2,1,0,2025-03,-1,-100.0
105,A - IPC Crime,"KIDNAPPING AND ABDUCTION (Sec.360, 361, 363 to 369 IPC/137(1)(A),137(1)(B),137(2),140 TO 142,97 BNS)",For Ransom - of Cildren for Begging,0,0,0,0,2025-03,0,0.0
106,A - IPC Crime,"KIDNAPPING AND ABDUCTION (Sec.360, 361, 363 to 369 IPC/137(1)(A),137(1)(B),137(2),140 TO 142,97 BNS)",For Ransom - of Women,2,0,1,0,2025-03,-1,-100.0
107,A - IPC Crime,"KIDNAPPING AND ABDUCTION (Sec.360, 361, 363 to 369 IPC/137(1)(A),137(1)(B),137(2),140 TO 142,97 BNS)",For Ransom - of Girls for Immoral Purpose,1,0,0,1,2025-03,1,100.0
108,A - IPC Crime,"KIDNAPPING AND ABDUCTION (Sec.360, 361, 363 to 369 IPC/137(1)(A),137(1)(B),137(2),140 TO 142,97 BNS)",For Ransom - of  Others,15,7,7,5,2025-03,-2,-28.57142857142857
109,A - IPC Crime,"KIDNAPPING AND ABDUCTION (Sec.360, 361, 363 to 369 IPC/137(1)(A),137(1)(B),137(2),140 TO 142,97 BNS)",Procuration of Minor Girls - For Prostitution,0,0,0,0,2025-03,0,0.0
110,A - IPC Crime,"KIDNAPPING AND ABDUCTION (Sec.360, 361, 363 to 369 IPC/137(1)(A),137(1)(B),137(2),140 TO 142,97 BNS)",Procuration of Minor Girls - Importring of Girl,0,0,0,0,2025-03,0,0.0
111,A - IPC Crime,"KIDNAPPING AND ABDUCTION (Sec.360, 361, 363 to 369 IPC/137(1)(A),137(1)(B),137(2),140 TO 142,97 BNS)",Procuration of Minor Girls - For other Purpose,7,1,2,4,2025-03,2,100.0
112,A - IPC Crime,"KIDNAPPING AND ABDUCTION (Sec.360, 361, 363 to 369 IPC/137(1)(A),137(1)(B),137(2),140 TO 142,97 BNS)",Espionage,0,0,0,0,2025-03,0,0.0
113,A - IPC Crime,"KIDNAPPING AND ABDUCTION (Sec.360, 361, 363 to 369 IPC/137(1)(A),137(1)(B),137(2),140 TO 142,97 BNS)",Intent to Steal From Child,0,0,0,0,2025-03,0,0.0
114,A - IPC Crime,"KIDNAPPING AND ABDUCTION (Sec.360, 361, 363 to 369 IPC/137(1)(A),137(1)(B),137(2),140 TO 142,97 BNS)",Murder (Homicide),0,0,0,0,2025-03,0,0.0
115,A - IPC Crime,"KIDNAPPING AND ABDUCTION (Sec.360, 361, 363 to 369 IPC/137(1)(A),137(1)(B),137(2),140 TO 142,97 BNS)",Obtain Signature Forcibly,0,0,0,0,2025-03,0,0.0
116,A - IPC Crime,"KIDNAPPING AND ABDUCTION (Sec.360, 361, 363 to 369 IPC/137(1)(A),137(1)(B),137(2),140 TO 142,97 BNS)",Recovering Loan,1,0,0,1,2025-03,1,100.0
117,A - IPC Crime,"KIDNAPPING AND ABDUCTION (Sec.360, 361, 363 to 369 IPC/137(1)(A),137(1)(B),137(2),140 TO 142,97 BNS)",Settling any Disputes,2,2,1,1,2025-03,0,0.0
118,A - IPC Crime,"KIDNAPPING AND ABDUCTION (Sec.360, 361, 363 to 369 IPC/137(1)(A),137(1)(B),137(2),140 TO 142,97 BNS)",Unnatural Lust / Illicit Intercourse,0,0,0,0,2025-03,0,0.0
119,A - IPC Crime,"KIDNAPPING AND ABDUCTION (Sec.360, 361, 363 to 369 IPC/137(1)(A),137(1)(B),137(2),140 TO 142,97 BNS)",Wrongful Confinement,2,3,1,1,2025-03,0,0.0
120,A - IPC Crime,"KIDNAPPING AND ABDUCTION (Sec.360, 361, 363 to 369 IPC/137(1)(A),137(1)(B),137(2),140 TO 142,97 BNS)",For Exporting,0,0,0,0,2025-03,0,0.0
121,A - IPC Crime,"KIDNAPPING AND ABDUCTION (Sec.360, 361, 363 to 369 IPC/137(1)(A),137(1)(B),137(2),140 TO 142,97 BNS)",From Lawful Guardianship,1,0,0,1,2025-03,1,100.0
122,A - IPC Crime,"KIDNAPPING AND ABDUCTION (Sec.360, 361, 363 to 369 IPC/137(1)(A),137(1)(B),137(2),140 TO 142,97 BNS)",For Camel Racing Etc.,0,0,0,0,2025-03,0,0.0
123,A - IPC Crime,"KIDNAPPING AND ABDUCTION (Sec.360, 361, 363 to 369 IPC/137(1)(A),137(1)(B),137(2),140 TO 142,97 BNS)",To Compel For Marriage,2,0,0,2,2025-03,2,200.0
124,A - IPC Crime,"KIDNAPPING AND ABDUCTION (Sec.360, 361, 363 to 369 IPC/137(1)(A),137(1)(B),137(2),140 TO 142,97 BNS)",For Slavery,0,0,0,0,2025-03,0,0.0
125,A - IPC Crime,"KIDNAPPING AND ABDUCTION (Sec.360, 361, 363 to 369 IPC/137(1)(A),137(1)(B),137(2),140 TO 142,97 BNS)",For Stealing From its Person,0,0,0,0,2025-03,0,0.0
126,A - IPC Crime,"KIDNAPPING AND ABDUCTION (Sec.360, 361, 363 to 369 IPC/137(1)(A),137(1)(B),137(2),140 TO 142,97 BNS)",Others,127,24,42,50,2025-03,8,19.047619047619047
127,A - IPC Crime,"DACOITY (Sec. 395 to 398 IPC/310(2),310(4),311,312 BNS)",At ATM,0,0,0,0,2025-03,0,0.0
128,A - IPC Crime,"DACOITY (Sec. 395 to 398 IPC/310(2),310(4),311,312 BNS)",At Residential Premises,9,3,2,2,2025-03,0,0.0
129,A - IPC Crime,"DACOITY (Sec. 395 to 398 IPC/310(2),310(4),311,312 BNS)",On Highways,5,2,1,1,2025-03,0,0.0
130,A - IPC Crime,"DACOITY (Sec. 395 to 398 IPC/310(2),310(4),311,312 BNS)",In Trains,1,0,1,0,2025-03,-1,-100.0
131,A - IPC Crime,"DACOITY (Sec. 395 to 398 IPC/310(2),310(4),311,312 BNS)",At Banks,1,0,0,0,2025-03,0,0.0
132,A - IPC Crime,"DACOITY (Sec. 395 to 398 IPC/310(2),310(4),311,312 BNS)",At Commercial Places / Establishments,3,2,0,2,2025-03,2,200.0
133,A - IPC Crime,"DACOITY (Sec. 395 to 398 IPC/310(2),310(4),311,312 BNS)",On Other Roads,12,3,4,4,2025-03,0,0.0
134,A - IPC Crime,"DACOITY (Sec. 395 to 398 IPC/310(2),310(4),311,312 BNS)",In Other Places,8,6,3,4,2025-03,1,33.33333333333333
135,A - IPC Crime,"DACOITY (Sec. 395 to 398 IPC/310(2),310(4),311,312 BNS)",River & Sea,0,0,0,0,2025-03,0,0.0
136,A - IPC Crime,"DACOITY (Sec. 395 to 398 IPC/310(2),310(4),311,312 BNS)",Preparation And Assembly for Dacoity,16,13,7,2,2025-03,-5,-71.42857142857143
137,A - IPC Crime,"Robbery (Sec.392 to 394 IPC/309(4),309(5),309(6) BNS)",At ATM,0,0,0,0,2025-03,0,0.0
138,A - IPC Crime,"Robbery (Sec.392 to 394 IPC/309(4),309(5),309(6) BNS)",At Residential Premises,35,10,10,13,2025-03,3,30.0
139,A - IPC Crime,"Robbery (Sec.392 to 394 IPC/309(4),309(5),309(6) BNS)",On Highways,17,10,5,6,2025-03,1,20.0
140,A - IPC Crime,"Robbery (Sec.392 to 394 IPC/309(4),309(5),309(6) BNS)",In Trains,1,0,1,0,2025-03,-1,-100.0
141,A - IPC Crime,"Robbery (Sec.392 to 394 IPC/309(4),309(5),309(6) BNS)",At Banks,0,0,0,0,2025-03,0,0.0
142,A - IPC Crime,"Robbery (Sec.392 to 394 IPC/309(4),309(5),309(6) BNS)",At Commercial Places / Establishments,7,4,1,3,2025-03,2,200.0
143,A - IPC Crime,"Robbery (Sec.392 to 394 IPC/309(4),309(5),309(6) BNS)",In Other Places,80,86,25,28,2025-03,3,12.0
144,A - IPC Crime,"Robbery (Sec.392 to 394 IPC/309(4),309(5),309(6) BNS)",Chain Snatching,116,64,33,40,2025-03,7,21.21212121212121
145,A - IPC Crime,"Robbery (Sec.392 to 394 IPC/309(4),309(5),309(6) BNS)",Attempt to Commit,11,5,4,3,2025-03,-1,-25.0
146,A - IPC Crime,"BURGLARY - NIGHT (Sec. 380 IPC R/W 453 TO 460, 462 IPC/305,R/W 331(1) TO 331(8),334(2) BNS)",At Residential Premises,565,205,201,161,2025-03,-40,-19.900497512437813
147,A - IPC Crime,"BURGLARY - NIGHT (Sec. 380 IPC R/W 453 TO 460, 462 IPC/305,R/W 331(1) TO 331(8),334(2) BNS)",On Highways,1,0,1,0,2025-03,-1,-100.0
148,A - IPC Crime,"BURGLARY - NIGHT (Sec. 380 IPC R/W 453 TO 460, 462 IPC/305,R/W 331(1) TO 331(8),334(2) BNS)",In Trains,0,0,0,0,2025-03,0,0.0
149,A - IPC Crime,"BURGLARY - NIGHT (Sec. 380 IPC R/W 453 TO 460, 462 IPC/305,R/W 331(1) TO 331(8),334(2) BNS)",At Banks,5,2,2,1,2025-03,-1,-50.0
150,A - IPC Crime,"BURGLARY - NIGHT (Sec. 380 IPC R/W 453 TO 460, 462 IPC/305,R/W 331(1) TO 331(8),334(2) BNS)",At Commercial Places / Establishments,157,60,44,52,2025-03,8,18.181818181818183
151,A - IPC Crime,"BURGLARY - NIGHT (Sec. 380 IPC R/W 453 TO 460, 462 IPC/305,R/W 331(1) TO 331(8),334(2) BNS)",In Other Places,130,38,40,55,2025-03,15,37.5
152,A - IPC Crime,"BURGLARY - NIGHT (Sec. 380 IPC R/W 453 TO 460, 462 IPC/305,R/W 331(1) TO 331(8),334(2) BNS)",Temple Theft,59,15,25,20,2025-03,-5,-20.0
153,A - IPC Crime,"BURGLARY - DAY (Sec. 380 IPC R/W 453 TO 460, 462 IPC/305,R/W 331(1) TO 331(8), 334(2) BNS)",At Residential Premises,231,68,67,75,2025-03,8,11.940298507462686
154,A - IPC Crime,"BURGLARY - DAY (Sec. 380 IPC R/W 453 TO 460, 462 IPC/305,R/W 331(1) TO 331(8), 334(2) BNS)",On Highways,0,0,0,0,2025-03,0,0.0
155,A - IPC Crime,"BURGLARY - DAY (Sec. 380 IPC R/W 453 TO 460, 462 IPC/305,R/W 331(1) TO 331(8), 334(2) BNS)",In Trains,0,0,0,0,2025-03,0,0.0
156,A - IPC Crime,"BURGLARY - DAY (Sec. 380 IPC R/W 453 TO 460, 462 IPC/305,R/W 331(1) TO 331(8), 334(2) BNS)",At Banks,0,0,0,0,2025-03,0,0.0
157,A - IPC Crime,"BURGLARY - DAY (Sec. 380 IPC R/W 453 TO 460, 462 IPC/305,R/W 331(1) TO 331(8), 334(2) BNS)",At Commercial Places / Establishments,8,6,2,4,2025-03,2,100.0
158,A - IPC Crime,"BURGLARY - DAY (Sec. 380 IPC R/W 453 TO 460, 462 IPC/305,R/W 331(1) TO 331(8), 334(2) BNS)",In Other Places,6,5,2,1,2025-03,-1,-50.0
159,A - IPC Crime,"BURGLARY - DAY (Sec. 380 IPC R/W 453 TO 460, 462 IPC/305,R/W 331(1) TO 331(8), 334(2) BNS)",Temple Theft,3,1,2,1,2025-03,-1,-50.0
160,A - IPC Crime,THEFT (Sec.379 to 389 IPC/303(2) TO 308(7) BNS),Attempt to commit,16,7,4,6,2025-03,2,50.0
161,A - IPC Crime,THEFT (Sec.379 to 389 IPC/303(2) TO 308(7) BNS),Of Automobiles - Of Tractors,30,10,7,12,2025-03,5,71.42857142857143
162,A - IPC Crime,THEFT (Sec.379 to 389 IPC/303(2) TO 308(7) BNS),In Running Bus,31,0,12,11,2025-03,-1,-8.333333333333332
163,A - IPC Crime,THEFT (Sec.379 to 389 IPC/303(2) TO 308(7) BNS),Of Snatching,146,0,30,69,2025-03,39,130.0
164,A - IPC Crime,THEFT (Sec.379 to 389 IPC/303(2) TO 308(7) BNS),At ATM,7,0,1,2,2025-03,1,100.0
165,A - IPC Crime,THEFT (Sec.379 to 389 IPC/303(2) TO 308(7) BNS),Of Sand,382,202,119,146,2025-03,27,22.689075630252102
166,A - IPC Crime,THEFT (Sec.379 to 389 IPC/303(2) TO 308(7) BNS),Government Office,9,0,3,6,2025-03,3,100.0
167,A - IPC Crime,THEFT (Sec.379 to 389 IPC/303(2) TO 308(7) BNS),Of Mines,14,4,7,2,2025-03,-5,-71.42857142857143
168,A - IPC Crime,THEFT (Sec.379 to 389 IPC/303(2) TO 308(7) BNS),Communication And Elec. Wire,70,21,24,22,2025-03,-2,-8.333333333333332
169,A - IPC Crime,THEFT (Sec.379 to 389 IPC/303(2) TO 308(7) BNS),Of Cattle,138,37,38,48,2025-03,10,26.31578947368421
170,A - IPC Crime,THEFT (Sec.379 to 389 IPC/303(2) TO 308(7) BNS),Of Cycle,14,14,8,3,2025-03,-5,-62.5
171,A - IPC Crime,THEFT (Sec.379 to 389 IPC/303(2) TO 308(7) BNS),Of Automobiles - Of Lorries/Trucks,31,9,7,13,2025-03,6,85.71428571428571
172,A - IPC Crime,THEFT (Sec.379 to 389 IPC/303(2) TO 308(7) BNS),Of Automobiles - Of Buses,1,0,0,0,2025-03,0,0.0
173,A - IPC Crime,THEFT (Sec.379 to 389 IPC/303(2) TO 308(7) BNS),Of Automobiles - Of Cars / Jeeps,56,18,23,15,2025-03,-8,-34.78260869565217
174,A - IPC Crime,THEFT (Sec.379 to 389 IPC/303(2) TO 308(7) BNS),Of Automobiles - Of Two Wheelers ,2296,993,682,781,2025-03,99,14.516129032258066
175,A - IPC Crime,THEFT (Sec.379 to 389 IPC/303(2) TO 308(7) BNS),Of Automobies - of Three Wheelers,59,30,21,10,2025-03,-11,-52.38095238095239
176,A - IPC Crime,THEFT (Sec.379 to 389 IPC/303(2) TO 308(7) BNS),Of Accessories of Motor Vehicle,68,24,25,16,2025-03,-9,-36.0
177,A - IPC Crime,THEFT (Sec.379 to 389 IPC/303(2) TO 308(7) BNS),Govt. Vehicle,1,0,0,1,2025-03,1,100.0
178,A - IPC Crime,THEFT (Sec.379 to 389 IPC/303(2) TO 308(7) BNS),"Electronic Goods (Radio, TV, VCR, Acs, Office Automation Equipments)",248,125,65,90,2025-03,25,38.46153846153847
179,A - IPC Crime,THEFT (Sec.379 to 389 IPC/303(2) TO 308(7) BNS),Of Fire Arms,3,0,0,2,2025-03,2,200.0
180,A - IPC Crime,THEFT (Sec.379 to 389 IPC/303(2) TO 308(7) BNS),Of Explosives,0,0,0,0,2025-03,0,0.0
181,A - IPC Crime,THEFT (Sec.379 to 389 IPC/303(2) TO 308(7) BNS),Of Cultural - Idols,0,1,0,0,2025-03,0,0.0
182,A - IPC Crime,THEFT (Sec.379 to 389 IPC/303(2) TO 308(7) BNS),Of Cultural - Painting,0,1,0,0,2025-03,0,0.0
183,A - IPC Crime,THEFT (Sec.379 to 389 IPC/303(2) TO 308(7) BNS),Of Cultrual - Others,58,20,15,18,2025-03,3,20.0
184,A - IPC Crime,THEFT (Sec.379 to 389 IPC/303(2) TO 308(7) BNS),Cash,127,48,50,45,2025-03,-5,-10.0
185,A - IPC Crime,THEFT (Sec.379 to 389 IPC/303(2) TO 308(7) BNS),Jewellery,413,163,174,127,2025-03,-47,-27.011494252873565
186,A - IPC Crime,THEFT (Sec.379 to 389 IPC/303(2) TO 308(7) BNS),Other Items Not Included Above,447,174,141,149,2025-03,8,5.673758865248227
187,A - IPC Crime,THEFT (Sec.379 to 389 IPC/303(2) TO 308(7) BNS),In Running Train,15,2,6,7,2025-03,1,16.666666666666664
188,A - IPC Crime,THEFT (Sec.379 to 389 IPC/303(2) TO 308(7) BNS),Extortion,73,23,25,20,2025-03,-5,-20.0
189,A - IPC Crime,THEFT (Sec.379 to 389 IPC/303(2) TO 308(7) BNS),House Theft,435,151,133,158,2025-03,25,18.796992481203006
190,A - IPC Crime,THEFT (Sec.379 to 389 IPC/303(2) TO 308(7) BNS),Servant Theft,107,44,22,39,2025-03,17,77.27272727272727
191,A - IPC Crime,"RIOTS (Sec.141 to 153 IPC/189(1) TO 189(6),191(1)TO 191(3), 190,192,195 BNS))",Land Dispute,230,90,67,77,2025-03,10,14.925373134328357
192,A - IPC Crime,"RIOTS (Sec.141 to 153 IPC/189(1) TO 189(6),191(1)TO 191(3), 190,192,195 BNS))",Employee - Govt.,0,0,0,0,2025-03,0,0.0
193,A - IPC Crime,"RIOTS (Sec.141 to 153 IPC/189(1) TO 189(6),191(1)TO 191(3), 190,192,195 BNS))",Labour - Private Sector,0,0,0,0,2025-03,0,0.0
194,A - IPC Crime,"RIOTS (Sec.141 to 153 IPC/189(1) TO 189(6),191(1)TO 191(3), 190,192,195 BNS))",Labour - Public Sector,0,1,0,0,2025-03,0,0.0
195,A - IPC Crime,"RIOTS (Sec.141 to 153 IPC/189(1) TO 189(6),191(1)TO 191(3), 190,192,195 BNS))",Linguistic,0,0,0,0,2025-03,0,0.0
196,A - IPC Crime,"RIOTS (Sec.141 to 153 IPC/189(1) TO 189(6),191(1)TO 191(3), 190,192,195 BNS))",Political ,2,1,0,2,2025-03,2,200.0
197,A - IPC Crime,"RIOTS (Sec.141 to 153 IPC/189(1) TO 189(6),191(1)TO 191(3), 190,192,195 BNS))",Regional,0,0,0,0,2025-03,0,0.0
198,A - IPC Crime,"RIOTS (Sec.141 to 153 IPC/189(1) TO 189(6),191(1)TO 191(3), 190,192,195 BNS))",Sectarian,0,0,0,0,2025-03,0,0.0
199,A - IPC Crime,"RIOTS (Sec.141 to 153 IPC/189(1) TO 189(6),191(1)TO 191(3), 190,192,195 BNS))",Students,1,0,0,1,2025-03,1,100.0
200,A - IPC Crime,"RIOTS (Sec.141 to 153 IPC/189(1) TO 189(6),191(1)TO 191(3), 190,192,195 BNS))",Tribal,0,0,0,0,2025-03,0,0.0
201,A - IPC Crime,"RIOTS (Sec.141 to 153 IPC/189(1) TO 189(6),191(1)TO 191(3), 190,192,195 BNS))",Due to Village Disputes,5,3,0,4,2025-03,4,400.0
202,A - IPC Crime,"RIOTS (Sec.141 to 153 IPC/189(1) TO 189(6),191(1)TO 191(3), 190,192,195 BNS))",Communal,1,0,0,0,2025-03,0,0.0
203,A - IPC Crime,"RIOTS (Sec.141 to 153 IPC/189(1) TO 189(6),191(1)TO 191(3), 190,192,195 BNS))",Industrial,0,2,0,0,2025-03,0,0.0
204,A - IPC Crime,"RIOTS (Sec.141 to 153 IPC/189(1) TO 189(6),191(1)TO 191(3), 190,192,195 BNS))",Caste,2,1,1,1,2025-03,0,0.0
205,A - IPC Crime,"RIOTS (Sec.141 to 153 IPC/189(1) TO 189(6),191(1)TO 191(3), 190,192,195 BNS))",Agrarian,0,0,0,0,2025-03,0,0.0
206,A - IPC Crime,"RIOTS (Sec.141 to 153 IPC/189(1) TO 189(6),191(1)TO 191(3), 190,192,195 BNS))",Others,591,239,209,210,2025-03,1,0.4784688995215311
207,A - IPC Crime,"OFFENCES AGAINST STATE (Sec. 121 to 130, except 124(A) IPC/147 TO 158 BNS)",ALL / NOT SPECIFIED,0,0,0,0,2025-03,0,0.0
208,A - IPC Crime,"OFFENCES PROMOTING ENEMITY (Sec. 153(A), 154(B) & 505 IPC/196, 197 & 353 BNS",ALL / NOT SPECIFIED,25,15,6,16,2025-03,10,166.66666666666669
209,A - IPC Crime,CRIMINAL BREACH OF TRUST (Sec. 406 to 409 IPC/316(2) to 316(5) BNS),ALL / NOT SPECIFIED,174,55,59,62,2025-03,3,5.084745762711865
210,A - IPC Crime,"CHEATING (Sec.417 to 420 IPC/318(2)to 318(4), 319(2) BNS)",ALL / NOT SPECIFIED,1487,578,455,518,2025-03,63,13.846153846153847
211,A - IPC Crime,"COUNTERFEITING (Sec. 231 to 263 (A), 489(A) to 489 (E) IPC/178 TO 185 BNS)","Stock Share, Debentrue Certificate",0,0,0,0,2025-03,0,0.0
212,A - IPC Crime,"COUNTERFEITING (Sec. 231 to 263 (A), 489(A) to 489 (E) IPC/178 TO 185 BNS)",Usage of Counterfeit Stamp,0,0,0,0,2025-03,0,0.0
213,A - IPC Crime,"COUNTERFEITING (Sec. 231 to 263 (A), 489(A) to 489 (E) IPC/178 TO 185 BNS)",Of Coins (Sec 231 to 254 IPC),0,0,0,0,2025-03,0,0.0
214,A - IPC Crime,"COUNTERFEITING (Sec. 231 to 263 (A), 489(A) to 489 (E) IPC/178 TO 185 BNS)",Of Stamps (Sec.255 to 263(A) IPC),0,0,0,0,2025-03,0,0.0
215,A - IPC Crime,"COUNTERFEITING (Sec. 231 to 263 (A), 489(A) to 489 (E) IPC/178 TO 185 BNS)",Of Currency Notes And Bank Notes (Sec. 489 (A) to 489 (E) IPC),5,4,0,1,2025-03,1,100.0
216,A - IPC Crime,"COUNTERFEITING (Sec. 231 to 263 (A), 489(A) to 489 (E) IPC/178 TO 185 BNS)",Of Others,0,0,0,0,2025-03,0,0.0
217,A - IPC Crime,"FORGERY (Sec. 465, 468, 471, 473, 476, 477 & 477(A) IPC/336(2),336(3),340(2),341(2),342(2),343,
344 BNS)",Forgery  ,114,41,33,41,2025-03,8,24.242424242424242
218,A - IPC Crime,"FORGERY (Sec. 465, 468, 471, 473, 476, 477 & 477(A) IPC/336(2),336(3),340(2),341(2),342(2),343,
344 BNS)",Organised (Racket),0,0,0,0,2025-03,0,0.0
219,A - IPC Crime,"FORGERY (Sec. 465, 468, 471, 473, 476, 477 & 477(A) IPC/336(2),336(3),340(2),341(2),342(2),343,
344 BNS)",Forgery of Passport,0,0,0,0,2025-03,0,0.0
220,A - IPC Crime,"FORGERY (Sec. 465, 468, 471, 473, 476, 477 & 477(A) IPC/336(2),336(3),340(2),341(2),342(2),343,
344 BNS)",Other Forgery,53,11,16,18,2025-03,2,12.5
221,A - IPC Crime,"CASES OF HURT (Sec. 323 to 335 IPC except 328, 332, 333/115(2) TO 122(2) EXCEPT 121(1),121(2) BNS)",Acid Attack (326(a)),4,4,2,2,2025-03,0,0.0
222,A - IPC Crime,"CASES OF HURT (Sec. 323 to 335 IPC except 328, 332, 333/115(2) TO 122(2) EXCEPT 121(1),121(2) BNS)",Attempt to Acid Attack (326(b)),0,0,0,0,2025-03,0,0.0
223,A - IPC Crime,"CASES OF HURT (Sec. 323 to 335 IPC except 328, 332, 333/115(2) TO 122(2) EXCEPT 121(1),121(2) BNS)",Grievous Hurt,271,140,79,105,2025-03,26,32.91139240506329
224,A - IPC Crime,"CASES OF HURT (Sec. 323 to 335 IPC except 328, 332, 333/115(2) TO 122(2) EXCEPT 121(1),121(2) BNS)",Simple Hurt,3806,1508,1105,1475,2025-03,370,33.4841628959276
225,A - IPC Crime,"CASES OF HURT (Sec. 323 to 335 IPC except 328, 332, 333/115(2) TO 122(2) EXCEPT 121(1),121(2) BNS)",Custodial,0,0,0,0,2025-03,0,0.0
226,A - IPC Crime,"ADULTERATION (Sec. 272, 273 to 276 IPC/274,275 TO 278 BNS)",Attempt to Commit,0,0,0,0,2025-03,0,0.0
227,A - IPC Crime,"ADULTERATION (Sec. 272, 273 to 276 IPC/274,275 TO 278 BNS)",Alcoholic Drink (Liquor),3,0,1,1,2025-03,0,0.0
228,A - IPC Crime,"ADULTERATION (Sec. 272, 273 to 276 IPC/274,275 TO 278 BNS)",Cement & Chemical/Fertiliser,0,0,0,0,2025-03,0,0.0
229,A - IPC Crime,"ADULTERATION (Sec. 272, 273 to 276 IPC/274,275 TO 278 BNS)",Cosmetics,0,0,0,0,2025-03,0,0.0
230,A - IPC Crime,"ADULTERATION (Sec. 272, 273 to 276 IPC/274,275 TO 278 BNS)",Diesel,0,0,0,0,2025-03,0,0.0
231,A - IPC Crime,"ADULTERATION (Sec. 272, 273 to 276 IPC/274,275 TO 278 BNS)",Drug/Medicine,1,0,0,1,2025-03,1,100.0
232,A - IPC Crime,"ADULTERATION (Sec. 272, 273 to 276 IPC/274,275 TO 278 BNS)",Edible Oil,0,0,0,0,2025-03,0,0.0
233,A - IPC Crime,"ADULTERATION (Sec. 272, 273 to 276 IPC/274,275 TO 278 BNS)",Food Grain,1,0,0,0,2025-03,0,0.0
234,A - IPC Crime,"ADULTERATION (Sec. 272, 273 to 276 IPC/274,275 TO 278 BNS)",Kerosene,0,0,0,0,2025-03,0,0.0
235,A - IPC Crime,"ADULTERATION (Sec. 272, 273 to 276 IPC/274,275 TO 278 BNS)",Life Saving Drug,0,0,0,0,2025-03,0,0.0
236,A - IPC Crime,"ADULTERATION (Sec. 272, 273 to 276 IPC/274,275 TO 278 BNS)",Mobile Oil,0,0,0,0,2025-03,0,0.0
237,A - IPC Crime,"ADULTERATION (Sec. 272, 273 to 276 IPC/274,275 TO 278 BNS)",Petrol,0,0,0,0,2025-03,0,0.0
238,A - IPC Crime,"ADULTERATION (Sec. 272, 273 to 276 IPC/274,275 TO 278 BNS)",Petroleum Product,0,0,0,0,2025-03,0,0.0
239,A - IPC Crime,"ADULTERATION (Sec. 272, 273 to 276 IPC/274,275 TO 278 BNS)",Soft Drinks,0,0,0,0,2025-03,0,0.0
240,A - IPC Crime,"ADULTERATION (Sec. 272, 273 to 276 IPC/274,275 TO 278 BNS)",Spices,0,1,0,0,2025-03,0,0.0
241,A - IPC Crime,"ADULTERATION (Sec. 272, 273 to 276 IPC/274,275 TO 278 BNS)",Others,4,0,2,2,2025-03,0,0.0
242,A - IPC Crime,AFFRAY (Sec. 160 IPC/194(2) BNS),ALL / NOT SPECIFIED,175,43,39,89,2025-03,50,128.2051282051282
243,A - IPC Crime,"ARSON (Sec. 435, 436, 438 IPC/326(f),326(g),327(g) BNS)",Agricultural Produce,20,16,12,3,2025-03,-9,-75.0
244,A - IPC Crime,"ARSON (Sec. 435, 436, 438 IPC/326(f),326(g),327(g) BNS)",Attemp to Commit,0,0,0,0,2025-03,0,0.0
245,A - IPC Crime,"ARSON (Sec. 435, 436, 438 IPC/326(f),326(g),327(g) BNS)",Boat / Ship,0,0,0,0,2025-03,0,0.0
246,A - IPC Crime,"ARSON (Sec. 435, 436, 438 IPC/326(f),326(g),327(g) BNS)",Dwelling House,3,3,2,1,2025-03,-1,-50.0
247,A - IPC Crime,"ARSON (Sec. 435, 436, 438 IPC/326(f),326(g),327(g) BNS)",Educational Institution,0,0,0,0,2025-03,0,0.0
248,A - IPC Crime,"ARSON (Sec. 435, 436, 438 IPC/326(f),326(g),327(g) BNS)",Govt. Property,3,2,1,2,2025-03,1,100.0
249,A - IPC Crime,"ARSON (Sec. 435, 436, 438 IPC/326(f),326(g),327(g) BNS)",Industrial Establishment,0,0,0,0,2025-03,0,0.0
250,A - IPC Crime,"ARSON (Sec. 435, 436, 438 IPC/326(f),326(g),327(g) BNS)",Place of worship,1,0,0,1,2025-03,1,100.0
251,A - IPC Crime,"ARSON (Sec. 435, 436, 438 IPC/326(f),326(g),327(g) BNS)",Public Place,2,0,1,0,2025-03,-1,-100.0
252,A - IPC Crime,"ARSON (Sec. 435, 436, 438 IPC/326(f),326(g),327(g) BNS)",Railway Property,0,0,0,0,2025-03,0,0.0
253,A - IPC Crime,"ARSON (Sec. 435, 436, 438 IPC/326(f),326(g),327(g) BNS)",Vital Installation,0,0,0,0,2025-03,0,0.0
254,A - IPC Crime,"ARSON (Sec. 435, 436, 438 IPC/326(f),326(g),327(g) BNS)",Warehouse (Godown),2,1,1,1,2025-03,0,0.0
255,A - IPC Crime,"ARSON (Sec. 435, 436, 438 IPC/326(f),326(g),327(g) BNS)",Others,36,16,14,11,2025-03,-3,-21.428571428571427
256,A - IPC Crime,"ASSAULT (Sec 356, 357 IPC/134,135 BNS)",Attempt To Commit,2,0,1,0,2025-03,-1,-100.0
257,A - IPC Crime,"ASSAULT (Sec 356, 357 IPC/134,135 BNS)",On Contractor,0,0,0,0,2025-03,0,0.0
258,A - IPC Crime,"ASSAULT (Sec 356, 357 IPC/134,135 BNS)",On Domestic Servant,0,0,0,0,2025-03,0,0.0
259,A - IPC Crime,"ASSAULT (Sec 356, 357 IPC/134,135 BNS)",On Labourer,1,0,0,1,2025-03,1,100.0
260,A - IPC Crime,"ASSAULT (Sec 356, 357 IPC/134,135 BNS)",On Man (General),4,0,1,1,2025-03,0,0.0
261,A - IPC Crime,"ASSAULT (Sec 356, 357 IPC/134,135 BNS)",On Man (SC),0,0,0,0,2025-03,0,0.0
262,A - IPC Crime,"ASSAULT (Sec 356, 357 IPC/134,135 BNS)",On Man (ST),0,0,0,0,2025-03,0,0.0
263,A - IPC Crime,"ASSAULT (Sec 356, 357 IPC/134,135 BNS)",On Manager/Executive (Other Than Public Servant),0,0,0,0,2025-03,0,0.0
264,A - IPC Crime,"ASSAULT (Sec 356, 357 IPC/134,135 BNS)","On Member of Clergy (Christian, Budhist, Jain, Sikh)",0,0,0,0,2025-03,0,0.0
265,A - IPC Crime,"ASSAULT (Sec 356, 357 IPC/134,135 BNS)",Member of Legislative Assembly / Council (MLA/MLC),0,0,0,0,2025-03,0,0.0
266,A - IPC Crime,"ASSAULT (Sec 356, 357 IPC/134,135 BNS)",On Member of Parliament (MP),0,0,0,0,2025-03,0,0.0
267,A - IPC Crime,"ASSAULT (Sec 356, 357 IPC/134,135 BNS)",On other Dignitaries /Public Figures,0,0,0,0,2025-03,0,0.0
268,A - IPC Crime,"ASSAULT (Sec 356, 357 IPC/134,135 BNS)",On Press,0,0,0,0,2025-03,0,0.0
269,A - IPC Crime,"ASSAULT (Sec 356, 357 IPC/134,135 BNS)",On Professional ,0,0,0,0,2025-03,0,0.0
270,A - IPC Crime,"ASSAULT (Sec 356, 357 IPC/134,135 BNS)",On Public Servant,0,0,0,0,2025-03,0,0.0
271,A - IPC Crime,"ASSAULT (Sec 356, 357 IPC/134,135 BNS)",On Student,0,0,0,0,2025-03,0,0.0
272,A - IPC Crime,"ASSAULT (Sec 356, 357 IPC/134,135 BNS)",On Teacher,0,0,0,0,2025-03,0,0.0
273,A - IPC Crime,"ASSAULT (Sec 356, 357 IPC/134,135 BNS)",On Women (General),0,1,0,0,2025-03,0,0.0
274,A - IPC Crime,"ASSAULT (Sec 356, 357 IPC/134,135 BNS)",On Woman (SC),0,0,0,0,2025-03,0,0.0
275,A - IPC Crime,"ASSAULT (Sec 356, 357 IPC/134,135 BNS)",On Woman (ST),0,0,0,0,2025-03,0,0.0
276,A - IPC Crime,COMMUNAL / RELIGION (Sec. 295 to 297 IPC/298 TO 301 BNS),Attempt to Commit,1,0,0,1,2025-03,1,100.0
277,A - IPC Crime,COMMUNAL / RELIGION (Sec. 295 to 297 IPC/298 TO 301 BNS),Caste Issue,2,2,1,0,2025-03,-1,-100.0
278,A - IPC Crime,COMMUNAL / RELIGION (Sec. 295 to 297 IPC/298 TO 301 BNS),Communal Issue,10,6,4,5,2025-03,1,25.0
279,A - IPC Crime,COMMUNAL / RELIGION (Sec. 295 to 297 IPC/298 TO 301 BNS),Linguistic Issue,0,0,0,0,2025-03,0,0.0
280,A - IPC Crime,COMMUNAL / RELIGION (Sec. 295 to 297 IPC/298 TO 301 BNS),Political Issue,0,2,0,0,2025-03,0,0.0
281,A - IPC Crime,COMMUNAL / RELIGION (Sec. 295 to 297 IPC/298 TO 301 BNS),Racial/Ethnic Issue,0,0,0,0,2025-03,0,0.0
282,A - IPC Crime,COMMUNAL / RELIGION (Sec. 295 to 297 IPC/298 TO 301 BNS),Regional Issue,6,3,3,1,2025-03,-2,-66.66666666666666
283,A - IPC Crime,COMMUNAL / RELIGION (Sec. 295 to 297 IPC/298 TO 301 BNS),Religious Issue,27,9,6,10,2025-03,4,66.66666666666666
284,A - IPC Crime,COMMUNAL / RELIGION (Sec. 295 to 297 IPC/298 TO 301 BNS),Sectarian Issue,0,0,0,0,2025-03,0,0.0
285,A - IPC Crime,COMMUNAL / RELIGION (Sec. 295 to 297 IPC/298 TO 301 BNS),Others,17,8,6,4,2025-03,-2,-33.33333333333333
286,A - IPC Crime,"CRIMINAL CONSPIRACY (Sec. 120(B), 121(A) IPC/61(2),148 BNS)",Conspiracy To Wage War,0,0,0,0,2025-03,0,0.0
287,A - IPC Crime,"CRIMINAL CONSPIRACY (Sec. 120(B), 121(A) IPC/61(2),148 BNS)",Related to Substantive Offence,0,2,0,0,2025-03,0,0.0
288,A - IPC Crime,"CRIMINAL CONSPIRACY (Sec. 120(B), 121(A) IPC/61(2),148 BNS)",Others,6,6,3,2,2025-03,-1,-33.33333333333333
289,A - IPC Crime,CRIMINAL INTIMIDATION (Sec. 504 to 508 IPC/352 TO 354 BNS),ALL / NOT SPECIFIED,728,214,249,246,2025-03,-3,-1.2048192771084338
290,A - IPC Crime,"CRIMINAL MISAPPROPRIATION (Sec. 403, 404 IPC/314,315 BNS)",Attempt to Commit,0,0,0,0,2025-03,0,0.0
291,A - IPC Crime,"CRIMINAL MISAPPROPRIATION (Sec. 403, 404 IPC/314,315 BNS)",Bank,0,2,0,0,2025-03,0,0.0
292,A - IPC Crime,"CRIMINAL MISAPPROPRIATION (Sec. 403, 404 IPC/314,315 BNS)",Business Establishment,1,0,0,0,2025-03,0,0.0
293,A - IPC Crime,"CRIMINAL MISAPPROPRIATION (Sec. 403, 404 IPC/314,315 BNS)",Charitable Organisation,0,0,0,0,2025-03,0,0.0
294,A - IPC Crime,"CRIMINAL MISAPPROPRIATION (Sec. 403, 404 IPC/314,315 BNS)",Chitfund Organisation,0,0,0,0,2025-03,0,0.0
295,A - IPC Crime,"CRIMINAL MISAPPROPRIATION (Sec. 403, 404 IPC/314,315 BNS)",Co-operative Organisation,2,0,0,2,2025-03,2,200.0
296,A - IPC Crime,"CRIMINAL MISAPPROPRIATION (Sec. 403, 404 IPC/314,315 BNS)",Commercial Establishment/Shop,0,0,0,0,2025-03,0,0.0
297,A - IPC Crime,"CRIMINAL MISAPPROPRIATION (Sec. 403, 404 IPC/314,315 BNS)",Customs Department,0,0,0,0,2025-03,0,0.0
298,A - IPC Crime,"CRIMINAL MISAPPROPRIATION (Sec. 403, 404 IPC/314,315 BNS)",Excise Department,0,0,0,0,2025-03,0,0.0
299,A - IPC Crime,"CRIMINAL MISAPPROPRIATION (Sec. 403, 404 IPC/314,315 BNS)",Financial Institution,0,0,0,0,2025-03,0,0.0
300,A - IPC Crime,"CRIMINAL MISAPPROPRIATION (Sec. 403, 404 IPC/314,315 BNS)",Income Tax Department,0,0,0,0,2025-03,0,0.0
301,A - IPC Crime,"CRIMINAL MISAPPROPRIATION (Sec. 403, 404 IPC/314,315 BNS)",Other Government Organisation,1,0,0,1,2025-03,1,100.0
302,A - IPC Crime,"CRIMINAL MISAPPROPRIATION (Sec. 403, 404 IPC/314,315 BNS)",Postal Department,0,0,0,0,2025-03,0,0.0
303,A - IPC Crime,"CRIMINAL MISAPPROPRIATION (Sec. 403, 404 IPC/314,315 BNS)",Public Sector Undertakings,0,0,0,0,2025-03,0,0.0
304,A - IPC Crime,"CRIMINAL MISAPPROPRIATION (Sec. 403, 404 IPC/314,315 BNS)",Railway Department,0,0,0,0,2025-03,0,0.0
305,A - IPC Crime,"CRIMINAL MISAPPROPRIATION (Sec. 403, 404 IPC/314,315 BNS)",Revenue Department,0,0,0,0,2025-03,0,0.0
306,A - IPC Crime,"CRIMINAL MISAPPROPRIATION (Sec. 403, 404 IPC/314,315 BNS)",Sales Tax Department,0,0,0,0,2025-03,0,0.0
307,A - IPC Crime,"CRIMINAL MISAPPROPRIATION (Sec. 403, 404 IPC/314,315 BNS)",Social Organisation (Aided) (N),0,0,0,0,2025-03,0,0.0
308,A - IPC Crime,"CRIMINAL MISAPPROPRIATION (Sec. 403, 404 IPC/314,315 BNS)",Transport Authority,0,0,0,0,2025-03,0,0.0
309,A - IPC Crime,"CRIMINAL MISAPPROPRIATION (Sec. 403, 404 IPC/314,315 BNS)",Trust - Other than religious,0,0,0,0,2025-03,0,0.0
310,A - IPC Crime,"CRIMINAL MISAPPROPRIATION (Sec. 403, 404 IPC/314,315 BNS)",Trust - Religious,0,0,0,0,2025-03,0,0.0
311,A - IPC Crime,"CRIMINAL MISAPPROPRIATION (Sec. 403, 404 IPC/314,315 BNS)",Others,1,0,0,0,2025-03,0,0.0
312,A - IPC Crime,CRIMINAL TRESPASS (Sec.447 to 452 IPC/329(3) TO 333 BNS),Attempt to Commit,4,1,1,2,2025-03,1,100.0
313,A - IPC Crime,CRIMINAL TRESPASS (Sec.447 to 452 IPC/329(3) TO 333 BNS),Club,2,0,0,2,2025-03,2,200.0
314,A - IPC Crime,CRIMINAL TRESPASS (Sec.447 to 452 IPC/329(3) TO 333 BNS),Hostel,1,2,0,0,2025-03,0,0.0
315,A - IPC Crime,CRIMINAL TRESPASS (Sec.447 to 452 IPC/329(3) TO 333 BNS),Hotel,2,2,0,1,2025-03,1,100.0
316,A - IPC Crime,CRIMINAL TRESPASS (Sec.447 to 452 IPC/329(3) TO 333 BNS),House,197,63,72,60,2025-03,-12,-16.666666666666664
317,A - IPC Crime,CRIMINAL TRESPASS (Sec.447 to 452 IPC/329(3) TO 333 BNS),Land,390,108,120,125,2025-03,5,4.166666666666666
318,A - IPC Crime,CRIMINAL TRESPASS (Sec.447 to 452 IPC/329(3) TO 333 BNS),Office,15,4,5,6,2025-03,1,20.0
319,A - IPC Crime,CRIMINAL TRESPASS (Sec.447 to 452 IPC/329(3) TO 333 BNS),Prohibited Places,4,2,1,2,2025-03,1,100.0
320,A - IPC Crime,CRIMINAL TRESPASS (Sec.447 to 452 IPC/329(3) TO 333 BNS),Religious Place,2,1,0,1,2025-03,1,100.0
321,A - IPC Crime,CRIMINAL TRESPASS (Sec.447 to 452 IPC/329(3) TO 333 BNS),Restricted Area,4,2,1,3,2025-03,2,200.0
322,A - IPC Crime,CRIMINAL TRESPASS (Sec.447 to 452 IPC/329(3) TO 333 BNS),Others,62,19,20,23,2025-03,3,15.0
323,A - IPC Crime,CRUELTY BY HUSBAND (Sec. 498(A) IPC/85 BNS),Husband ,259,121,69,90,2025-03,21,30.434782608695656
324,A - IPC Crime,CRUELTY BY HUSBAND (Sec. 498(A) IPC/85 BNS),Husband And Relative(S) in Law,301,138,99,113,2025-03,14,14.14141414141414
325,A - IPC Crime,CRUELTY BY HUSBAND (Sec. 498(A) IPC/85 BNS),Relative(S) in Law,8,1,2,4,2025-03,2,100.0
326,A - IPC Crime,CRUELTY BY HUSBAND (Sec. 498(A) IPC/85 BNS),Dowry Harassment,136,38,41,48,2025-03,7,17.073170731707318
327,A - IPC Crime,CRUELTY BY HUSBAND (Sec. 498(A) IPC/85 BNS),Prevention of Gaming,0,1,0,0,2025-03,0,0.0
328,A - IPC Crime,DOWRY DEATHS (Sec.304(B) IPC/80 BNS),By Husband  ,1,0,0,1,2025-03,1,100.0
329,A - IPC Crime,DOWRY DEATHS (Sec.304(B) IPC/80 BNS),By Husband And Relatives In Law,13,3,3,5,2025-03,2,66.66666666666666
330,A - IPC Crime,DOWRY DEATHS (Sec.304(B) IPC/80 BNS),By Relatives in Law,0,0,0,0,2025-03,0,0.0
331,A - IPC Crime,DOWRY DEATHS (Sec.304(B) IPC/80 BNS),By Burning,0,0,0,0,2025-03,0,0.0
332,A - IPC Crime,DOWRY DEATHS (Sec.304(B) IPC/80 BNS),By Hanging,15,4,4,4,2025-03,0,0.0
333,A - IPC Crime,DOWRY DEATHS (Sec.304(B) IPC/80 BNS),By Other Means,2,0,2,0,2025-03,-2,-100.0
334,A - IPC Crime,DEATHS DUE TO RASHNESS/NEGLIGENCE (Sec.304(A) IPC/106 BNS),Electrocution,4,1,1,2,2025-03,1,100.0
335,A - IPC Crime,DEATHS DUE TO RASHNESS/NEGLIGENCE (Sec.304(A) IPC/106 BNS),Adulterated Food/Drug,0,0,0,0,2025-03,0,0.0
336,A - IPC Crime,DEATHS DUE TO RASHNESS/NEGLIGENCE (Sec.304(A) IPC/106 BNS),Accident by Air,0,0,0,0,2025-03,0,0.0
337,A - IPC Crime,DEATHS DUE TO RASHNESS/NEGLIGENCE (Sec.304(A) IPC/106 BNS),Boad Accident,0,0,0,0,2025-03,0,0.0
338,A - IPC Crime,DEATHS DUE TO RASHNESS/NEGLIGENCE (Sec.304(A) IPC/106 BNS),Bridge/Dam Collapse,0,0,0,0,2025-03,0,0.0
339,A - IPC Crime,DEATHS DUE TO RASHNESS/NEGLIGENCE (Sec.304(A) IPC/106 BNS),Building Collapse,0,1,0,0,2025-03,0,0.0
340,A - IPC Crime,DEATHS DUE TO RASHNESS/NEGLIGENCE (Sec.304(A) IPC/106 BNS),Caused By Animal,0,0,0,0,2025-03,0,0.0
341,A - IPC Crime,DEATHS DUE TO RASHNESS/NEGLIGENCE (Sec.304(A) IPC/106 BNS),Death Due to Other Cause,15,10,4,5,2025-03,1,25.0
342,A - IPC Crime,DEATHS DUE TO RASHNESS/NEGLIGENCE (Sec.304(A) IPC/106 BNS),Electrocution Accident,6,1,1,4,2025-03,3,300.0
343,A - IPC Crime,DEATHS DUE TO RASHNESS/NEGLIGENCE (Sec.304(A) IPC/106 BNS),Explosion Accident,0,0,0,0,2025-03,0,0.0
344,A - IPC Crime,DEATHS DUE TO RASHNESS/NEGLIGENCE (Sec.304(A) IPC/106 BNS),Fire accident,0,1,0,0,2025-03,0,0.0
345,A - IPC Crime,DEATHS DUE TO RASHNESS/NEGLIGENCE (Sec.304(A) IPC/106 BNS),Gas Leakage Accident,0,0,0,0,2025-03,0,0.0
346,A - IPC Crime,DEATHS DUE TO RASHNESS/NEGLIGENCE (Sec.304(A) IPC/106 BNS),Improper Infrastucture In Construction,19,5,5,7,2025-03,2,40.0
347,A - IPC Crime,DEATHS DUE TO RASHNESS/NEGLIGENCE (Sec.304(A) IPC/106 BNS),Improper Medical Treatment,2,1,0,2,2025-03,2,200.0
348,A - IPC Crime,DEATHS DUE TO RASHNESS/NEGLIGENCE (Sec.304(A) IPC/106 BNS),In Custody of Public Servant,0,0,0,0,2025-03,0,0.0
349,A - IPC Crime,DEATHS DUE TO RASHNESS/NEGLIGENCE (Sec.304(A) IPC/106 BNS),In Jail/Judicial Custody,0,1,0,0,2025-03,0,0.0
350,A - IPC Crime,DEATHS DUE TO RASHNESS/NEGLIGENCE (Sec.304(A) IPC/106 BNS),In Police Custody,0,0,0,0,2025-03,0,0.0
351,A - IPC Crime,DEATHS DUE TO RASHNESS/NEGLIGENCE (Sec.304(A) IPC/106 BNS),Industrial Accident (Factory),0,1,0,0,2025-03,0,0.0
352,A - IPC Crime,DEATHS DUE TO RASHNESS/NEGLIGENCE (Sec.304(A) IPC/106 BNS),Inflammable Substance,0,0,0,0,2025-03,0,0.0
353,A - IPC Crime,DEATHS DUE TO RASHNESS/NEGLIGENCE (Sec.304(A) IPC/106 BNS),Mine Accident,1,0,1,0,2025-03,-1,-100.0
354,A - IPC Crime,DEATHS DUE TO RASHNESS/NEGLIGENCE (Sec.304(A) IPC/106 BNS),Poisonous Substance,0,0,0,0,2025-03,0,0.0
355,A - IPC Crime,DEATHS DUE TO RASHNESS/NEGLIGENCE (Sec.304(A) IPC/106 BNS),Quarry Accident,0,0,0,0,2025-03,0,0.0
356,A - IPC Crime,DEATHS DUE TO RASHNESS/NEGLIGENCE (Sec.304(A) IPC/106 BNS),Spurious Liquor (Hooch) Accident,0,0,0,0,2025-03,0,0.0
357,A - IPC Crime,DEATHS DUE TO RASHNESS/NEGLIGENCE (Sec.304(A) IPC/106 BNS),Railway Accident,0,0,0,0,2025-03,0,0.0
358,A - IPC Crime,DEATHS DUE TO RASHNESS/NEGLIGENCE (Sec.304(A) IPC/106 BNS),Others,16,8,6,8,2025-03,2,33.33333333333333
359,A - IPC Crime,MOTOR VEHICLE ACCIDENTS FATAL (Sec.304(A) IPC/106 BNS),National Highways,962,326,318,307,2025-03,-11,-3.459119496855346
360,A - IPC Crime,MOTOR VEHICLE ACCIDENTS FATAL (Sec.304(A) IPC/106 BNS),State Highways,814,286,287,241,2025-03,-46,-16.02787456445993
361,A - IPC Crime,MOTOR VEHICLE ACCIDENTS FATAL (Sec.304(A) IPC/106 BNS),Other Roads,1112,373,377,339,2025-03,-38,-10.079575596816976
362,A - IPC Crime,MOTOR VEHICLE ACCIDENTS FATAL (Sec.304(A) IPC/106 BNS),Other Places,44,19,18,17,2025-03,-1,-5.555555555555555
363,A - IPC Crime,"MOTOR VEHICLE ACCIDENTS NON-FATAL (Sec.279, 337, 338 IPC/281,125(a),125(b) BNS)",National Highways,2585,876,779,850,2025-03,71,9.114249037227214
364,A - IPC Crime,"MOTOR VEHICLE ACCIDENTS NON-FATAL (Sec.279, 337, 338 IPC/281,125(a),125(b) BNS)",State Highways,1910,631,610,629,2025-03,19,3.114754098360656
365,A - IPC Crime,"MOTOR VEHICLE ACCIDENTS NON-FATAL (Sec.279, 337, 338 IPC/281,125(a),125(b) BNS)",Other Roads,3452,1163,1139,1152,2025-03,13,1.141352063213345
366,A - IPC Crime,"MOTOR VEHICLE ACCIDENTS NON-FATAL (Sec.279, 337, 338 IPC/281,125(a),125(b) BNS)",Other Places,120,40,26,43,2025-03,17,65.38461538461539
367,A - IPC Crime,"DEATHS-MISCARRIAGE (Sec.312, 313, 314 IPC/88,89,90 BNS)",Child,4,1,0,4,2025-03,4,400.0
368,A - IPC Crime,"DEATHS-MISCARRIAGE (Sec.312, 313, 314 IPC/88,89,90 BNS)",Woman,0,0,0,0,2025-03,0,0.0
369,A - IPC Crime,"DEATHS-MISCARRIAGE (Sec.312, 313, 314 IPC/88,89,90 BNS)",Women and Child,0,0,0,0,2025-03,0,0.0
370,A - IPC Crime,"DEFENCE FORCES OFFENCES RELATING (also relating to desertion) (Sec.131 to 140, except 136 IPC/159 TO 168 EXCEPT 164 BNS)",Air Force,0,0,0,0,2025-03,0,0.0
371,A - IPC Crime,"DEFENCE FORCES OFFENCES RELATING (also relating to desertion) (Sec.131 to 140, except 136 IPC/159 TO 168 EXCEPT 164 BNS)",Army,0,0,0,0,2025-03,0,0.0
372,A - IPC Crime,"DEFENCE FORCES OFFENCES RELATING (also relating to desertion) (Sec.131 to 140, except 136 IPC/159 TO 168 EXCEPT 164 BNS)",Navy,0,0,0,0,2025-03,0,0.0
373,A - IPC Crime,"ESCAPE FROM LAWFUL CUSTODY AND RESISTANCE (Sec.224, 225, 225(B) IPC/262,263,265 BNS)",From Jail Custody,1,0,0,0,2025-03,0,0.0
374,A - IPC Crime,"ESCAPE FROM LAWFUL CUSTODY AND RESISTANCE (Sec.224, 225, 225(B) IPC/262,263,265 BNS)",From Police Custody,5,1,0,4,2025-03,4,400.0
375,A - IPC Crime,"ESCAPE FROM LAWFUL CUSTODY AND RESISTANCE (Sec.224, 225, 225(B) IPC/262,263,265 BNS)",Others,2,0,1,0,2025-03,-1,-100.0
376,A - IPC Crime,"IMPERSONATION (Sec.170, 171 IPC/204,205 BNS)",Attempt to Commit,3,0,2,1,2025-03,-1,-50.0
377,A - IPC Crime,"IMPERSONATION (Sec.170, 171 IPC/204,205 BNS)",Non-Uniformed Authority,0,0,0,0,2025-03,0,0.0
378,A - IPC Crime,"IMPERSONATION (Sec.170, 171 IPC/204,205 BNS)",Uniformed Authority,0,0,0,0,2025-03,0,0.0
379,A - IPC Crime,"MISCHIEF (Sec.427 to 440 except 434, 435, 436, 438 IPC/324(4) TO 324(6) BNS)",ALL / NOT SPECIFIED,114,36,46,39,2025-03,-7,-15.217391304347828
380,A - IPC Crime,MOLESTATION (Sec.354 IPC/74 BNS),Attempt to Commit,12,5,2,4,2025-03,2,100.0
381,A - IPC Crime,MOLESTATION (Sec.354 IPC/74 BNS),Private Place,234,105,69,94,2025-03,25,36.231884057971016
382,A - IPC Crime,MOLESTATION (Sec.354 IPC/74 BNS),Public Conveyance,1,1,0,1,2025-03,1,100.0
383,A - IPC Crime,MOLESTATION (Sec.354 IPC/74 BNS),Public Place,543,251,184,192,2025-03,8,4.3478260869565215
384,A - IPC Crime,MOLESTATION (Sec.354 IPC/74 BNS),Other Places,655,271,194,249,2025-03,55,28.350515463917525
385,A - IPC Crime,POISONING-PROFESSIONAL (Sec. 328 IPC/123 BNS),Attempt to Commit,3,0,2,0,2025-03,-2,-100.0
386,A - IPC Crime,POISONING-PROFESSIONAL (Sec. 328 IPC/123 BNS),Fatal,0,0,0,0,2025-03,0,0.0
387,A - IPC Crime,POISONING-PROFESSIONAL (Sec. 328 IPC/123 BNS),Non Fatal,2,0,0,1,2025-03,1,100.0
388,A - IPC Crime,PORNOGRAPHY (Sec.292 to 294 IPC/294 TO 296 BNS),Advertisement,0,0,0,0,2025-03,0,0.0
389,A - IPC Crime,PORNOGRAPHY (Sec.292 to 294 IPC/294 TO 296 BNS),Audio Tape,0,0,0,0,2025-03,0,0.0
390,A - IPC Crime,PORNOGRAPHY (Sec.292 to 294 IPC/294 TO 296 BNS),Book,0,0,0,0,2025-03,0,0.0
391,A - IPC Crime,PORNOGRAPHY (Sec.292 to 294 IPC/294 TO 296 BNS),Computer Software,0,0,0,0,2025-03,0,0.0
392,A - IPC Crime,PORNOGRAPHY (Sec.292 to 294 IPC/294 TO 296 BNS),Figures,0,0,0,0,2025-03,0,0.0
393,A - IPC Crime,PORNOGRAPHY (Sec.292 to 294 IPC/294 TO 296 BNS),Film (Blue),0,0,0,0,2025-03,0,0.0
394,A - IPC Crime,PORNOGRAPHY (Sec.292 to 294 IPC/294 TO 296 BNS),Painting,0,0,0,0,2025-03,0,0.0
395,A - IPC Crime,PORNOGRAPHY (Sec.292 to 294 IPC/294 TO 296 BNS),Pamphlet,0,0,0,0,2025-03,0,0.0
396,A - IPC Crime,PORNOGRAPHY (Sec.292 to 294 IPC/294 TO 296 BNS),Paper,1,0,0,1,2025-03,1,100.0
397,A - IPC Crime,PORNOGRAPHY (Sec.292 to 294 IPC/294 TO 296 BNS),Photography,0,0,0,0,2025-03,0,0.0
398,A - IPC Crime,PORNOGRAPHY (Sec.292 to 294 IPC/294 TO 296 BNS),Poster,0,0,0,0,2025-03,0,0.0
399,A - IPC Crime,PORNOGRAPHY (Sec.292 to 294 IPC/294 TO 296 BNS),Video Film(Blue),0,0,0,0,2025-03,0,0.0
400,A - IPC Crime,PORNOGRAPHY (Sec.292 to 294 IPC/294 TO 296 BNS),Others,2,0,1,0,2025-03,-1,-100.0
401,A - IPC Crime,PUBLIC JUSTICE (Sec.213 to 215 IPC/250 TO 252 BNS),ALL / NOT SPECIFIED,1,0,0,0,2025-03,0,0.0
402,A - IPC Crime,"PUBLIC NUISANCE (Sec.291 and 510 IPC/293,355 BNS)",ALL / NOT SPECIFIED,31,6,10,14,2025-03,4,40.0
403,A - IPC Crime,"PUBLIC SAFETY (Sec.269 to 271, 277, 283, 289 IPC/271 to 273, 279,285,291 BNS)",ALL / NOT SPECIFIED,838,373,313,322,2025-03,9,2.8753993610223643
404,A - IPC Crime,"OFFENCES AGAINST PUBLIC SERVANTS (Public servant is a victim) (Sec 182-188, 332, 333, 353 IPC/217-223,121(1),121(2), 132 BNS)",Attempt to Commit,9,1,5,0,2025-03,-5,-100.0
405,A - IPC Crime,"OFFENCES AGAINST PUBLIC SERVANTS (Public servant is a victim) (Sec 182-188, 332, 333, 353 IPC/217-223,121(1),121(2), 132 BNS)",Defence Personnel,1,0,1,0,2025-03,-1,-100.0
406,A - IPC Crime,"OFFENCES AGAINST PUBLIC SERVANTS (Public servant is a victim) (Sec 182-188, 332, 333, 353 IPC/217-223,121(1),121(2), 132 BNS)",Jail Personnel,3,1,0,1,2025-03,1,100.0
407,A - IPC Crime,"OFFENCES AGAINST PUBLIC SERVANTS (Public servant is a victim) (Sec 182-188, 332, 333, 353 IPC/217-223,121(1),121(2), 132 BNS)",Judicial Official,10,2,4,3,2025-03,-1,-25.0
408,A - IPC Crime,"OFFENCES AGAINST PUBLIC SERVANTS (Public servant is a victim) (Sec 182-188, 332, 333, 353 IPC/217-223,121(1),121(2), 132 BNS)",Minister,0,0,0,0,2025-03,0,0.0
409,A - IPC Crime,"OFFENCES AGAINST PUBLIC SERVANTS (Public servant is a victim) (Sec 182-188, 332, 333, 353 IPC/217-223,121(1),121(2), 132 BNS)",MLA,0,0,0,0,2025-03,0,0.0
410,A - IPC Crime,"OFFENCES AGAINST PUBLIC SERVANTS (Public servant is a victim) (Sec 182-188, 332, 333, 353 IPC/217-223,121(1),121(2), 132 BNS)",MP,0,0,0,0,2025-03,0,0.0
411,A - IPC Crime,"OFFENCES AGAINST PUBLIC SERVANTS (Public servant is a victim) (Sec 182-188, 332, 333, 353 IPC/217-223,121(1),121(2), 132 BNS)",Nationalised Bank Personnel,1,0,1,0,2025-03,-1,-100.0
412,A - IPC Crime,"OFFENCES AGAINST PUBLIC SERVANTS (Public servant is a victim) (Sec 182-188, 332, 333, 353 IPC/217-223,121(1),121(2), 132 BNS)",Other Elected Member,3,1,1,1,2025-03,0,0.0
413,A - IPC Crime,"OFFENCES AGAINST PUBLIC SERVANTS (Public servant is a victim) (Sec 182-188, 332, 333, 353 IPC/217-223,121(1),121(2), 132 BNS)",Other Enforcement Official,0,0,0,0,2025-03,0,0.0
414,A - IPC Crime,"OFFENCES AGAINST PUBLIC SERVANTS (Public servant is a victim) (Sec 182-188, 332, 333, 353 IPC/217-223,121(1),121(2), 132 BNS)",Other Govt. Official,122,34,33,47,2025-03,14,42.42424242424242
415,A - IPC Crime,"OFFENCES AGAINST PUBLIC SERVANTS (Public servant is a victim) (Sec 182-188, 332, 333, 353 IPC/217-223,121(1),121(2), 132 BNS)",Para Military Personnel,1,0,1,0,2025-03,-1,-100.0
416,A - IPC Crime,"OFFENCES AGAINST PUBLIC SERVANTS (Public servant is a victim) (Sec 182-188, 332, 333, 353 IPC/217-223,121(1),121(2), 132 BNS)",Police Personnel,134,38,43,53,2025-03,10,23.25581395348837
417,A - IPC Crime,"OFFENCES AGAINST PUBLIC SERVANTS (Public servant is a victim) (Sec 182-188, 332, 333, 353 IPC/217-223,121(1),121(2), 132 BNS)",Public Sector Undertaking Official,39,12,15,12,2025-03,-3,-20.0
418,A - IPC Crime,"OFFENCES BY PUBLIC SERVANTS (EXCEPT CORRUPTION) (Public servant is accused) (Sec.128, 129, 167, 218, 221, 222 IPC/156,157,201,256,259,260 BNS)",Defence Personnel,0,0,0,0,2025-03,0,0.0
419,A - IPC Crime,"OFFENCES BY PUBLIC SERVANTS (EXCEPT CORRUPTION) (Public servant is accused) (Sec.128, 129, 167, 218, 221, 222 IPC/156,157,201,256,259,260 BNS)",Jail Personnel,0,0,0,0,2025-03,0,0.0
420,A - IPC Crime,"OFFENCES BY PUBLIC SERVANTS (EXCEPT CORRUPTION) (Public servant is accused) (Sec.128, 129, 167, 218, 221, 222 IPC/156,157,201,256,259,260 BNS)",Judicial Official,0,0,0,0,2025-03,0,0.0
421,A - IPC Crime,"OFFENCES BY PUBLIC SERVANTS (EXCEPT CORRUPTION) (Public servant is accused) (Sec.128, 129, 167, 218, 221, 222 IPC/156,157,201,256,259,260 BNS)",Minister,0,0,0,0,2025-03,0,0.0
422,A - IPC Crime,"OFFENCES BY PUBLIC SERVANTS (EXCEPT CORRUPTION) (Public servant is accused) (Sec.128, 129, 167, 218, 221, 222 IPC/156,157,201,256,259,260 BNS)",MLA,0,0,0,0,2025-03,0,0.0
423,A - IPC Crime,"OFFENCES BY PUBLIC SERVANTS (EXCEPT CORRUPTION) (Public servant is accused) (Sec.128, 129, 167, 218, 221, 222 IPC/156,157,201,256,259,260 BNS)",MP,0,0,0,0,2025-03,0,0.0
424,A - IPC Crime,"OFFENCES BY PUBLIC SERVANTS (EXCEPT CORRUPTION) (Public servant is accused) (Sec.128, 129, 167, 218, 221, 222 IPC/156,157,201,256,259,260 BNS)",Nationalised Bank Personnel,0,0,0,0,2025-03,0,0.0
425,A - IPC Crime,"OFFENCES BY PUBLIC SERVANTS (EXCEPT CORRUPTION) (Public servant is accused) (Sec.128, 129, 167, 218, 221, 222 IPC/156,157,201,256,259,260 BNS)",Other Elected Member,0,0,0,0,2025-03,0,0.0
426,A - IPC Crime,"OFFENCES BY PUBLIC SERVANTS (EXCEPT CORRUPTION) (Public servant is accused) (Sec.128, 129, 167, 218, 221, 222 IPC/156,157,201,256,259,260 BNS)",Other Enforcement Official,0,0,0,0,2025-03,0,0.0
427,A - IPC Crime,"OFFENCES BY PUBLIC SERVANTS (EXCEPT CORRUPTION) (Public servant is accused) (Sec.128, 129, 167, 218, 221, 222 IPC/156,157,201,256,259,260 BNS)",Other Govt. Official,0,1,0,0,2025-03,0,0.0
428,A - IPC Crime,"OFFENCES BY PUBLIC SERVANTS (EXCEPT CORRUPTION) (Public servant is accused) (Sec.128, 129, 167, 218, 221, 222 IPC/156,157,201,256,259,260 BNS)",Para Military Personnel,0,0,0,0,2025-03,0,0.0
429,A - IPC Crime,"OFFENCES BY PUBLIC SERVANTS (EXCEPT CORRUPTION) (Public servant is accused) (Sec.128, 129, 167, 218, 221, 222 IPC/156,157,201,256,259,260 BNS)",Police Personnel,0,0,0,0,2025-03,0,0.0
430,A - IPC Crime,"OFFENCES BY PUBLIC SERVANTS (EXCEPT CORRUPTION) (Public servant is accused) (Sec.128, 129, 167, 218, 221, 222 IPC/156,157,201,256,259,260 BNS)",Public Sector Undertaking Official,1,0,0,0,2025-03,0,0.0
431,A - IPC Crime,"OFFENCES BY PUBLIC SERVANTS (EXCEPT CORRUPTION) (Public servant is accused) (Sec.128, 129, 167, 218, 221, 222 IPC/156,157,201,256,259,260 BNS)",Others,0,0,0,0,2025-03,0,0.0
432,A - IPC Crime,"NEGLIGENT ACT (Sec.280 to 289, 336 to 338 except 283 IPC/282 to 291,125 to 125(b) except 285 BNS)",Death Causeed By Electric Shock,17,5,4,10,2025-03,6,150.0
433,A - IPC Crime,"NEGLIGENT ACT (Sec.280 to 289, 336 to 338 except 283 IPC/282 to 291,125 to 125(b) except 285 BNS)",Animal -Related,14,3,4,8,2025-03,4,100.0
434,A - IPC Crime,"NEGLIGENT ACT (Sec.280 to 289, 336 to 338 except 283 IPC/282 to 291,125 to 125(b) except 285 BNS)",Boat/Vessel - Related,0,0,0,0,2025-03,0,0.0
435,A - IPC Crime,"NEGLIGENT ACT (Sec.280 to 289, 336 to 338 except 283 IPC/282 to 291,125 to 125(b) except 285 BNS)",Explosive/Explosive Substances - Related,8,3,2,3,2025-03,1,50.0
436,A - IPC Crime,"NEGLIGENT ACT (Sec.280 to 289, 336 to 338 except 283 IPC/282 to 291,125 to 125(b) except 285 BNS)",Inflammable Substance- Related ,7,3,2,4,2025-03,2,100.0
437,A - IPC Crime,"NEGLIGENT ACT (Sec.280 to 289, 336 to 338 except 283 IPC/282 to 291,125 to 125(b) except 285 BNS)",Machinery - Related,32,10,9,8,2025-03,-1,-11.11111111111111
438,A - IPC Crime,"NEGLIGENT ACT (Sec.280 to 289, 336 to 338 except 283 IPC/282 to 291,125 to 125(b) except 285 BNS)",Poisonous Substance - Related,5,0,0,2,2025-03,2,200.0
439,A - IPC Crime,"NEGLIGENT ACT (Sec.280 to 289, 336 to 338 except 283 IPC/282 to 291,125 to 125(b) except 285 BNS)",Other - Related,555,141,125,327,2025-03,202,161.60000000000002
440,A - IPC Crime,"NEGLIGENT ACT (Sec.280 to 289, 336 to 338 except 283 IPC/282 to 291,125 to 125(b) except 285 BNS)",Human - Related,430,54,80,258,2025-03,178,222.5
441,A - IPC Crime,RECEIVING OF STOLEN PROPERTY (Sec.411 to 414 IPC/317(2) TO 317(5) BNS),ALL / NOT SPECIFIED,1,1,0,0,2025-03,0,0.0
442,A - IPC Crime,SEDITION (Sec. 124A IPC/IN BNS Deleted),Attempt to Commit,0,0,0,0,2025-03,0,0.0
443,A - IPC Crime,SEDITION (Sec. 124A IPC/IN BNS Deleted),By Foreigner,0,0,0,0,2025-03,0,0.0
444,A - IPC Crime,SEDITION (Sec. 124A IPC/IN BNS Deleted),By National,0,0,0,0,2025-03,0,0.0
445,A - IPC Crime,SEDITION (Sec. 124A IPC/IN BNS Deleted),By National And Foreigner,0,0,0,0,2025-03,0,0.0
446,A - IPC Crime,INSULTING MODESTY OF WOMEN (EVE TEASING) (Sec.509 IPC/79 BNS),Attempt to Commit,5,0,3,2,2025-03,-1,-33.33333333333333
447,A - IPC Crime,INSULTING MODESTY OF WOMEN (EVE TEASING) (Sec.509 IPC/79 BNS),Office,4,1,1,2,2025-03,1,100.0
448,A - IPC Crime,INSULTING MODESTY OF WOMEN (EVE TEASING) (Sec.509 IPC/79 BNS),Public Conveyance,1,0,0,1,2025-03,1,100.0
449,A - IPC Crime,INSULTING MODESTY OF WOMEN (EVE TEASING) (Sec.509 IPC/79 BNS),Public Place,38,3,15,15,2025-03,0,0.0
450,A - IPC Crime,INSULTING MODESTY OF WOMEN (EVE TEASING) (Sec.509 IPC/79 BNS),Other Places,66,5,27,19,2025-03,-8,-29.629629629629626
451,A - IPC Crime,"SUICIDE (Sec.305, 306, 309 IPC/107,108 BNS)",Dowry,3,0,1,2,2025-03,1,100.0
452,A - IPC Crime,"SUICIDE (Sec.305, 306, 309 IPC/107,108 BNS)",Abetment of Suicide,93,25,27,33,2025-03,6,22.22222222222222
453,A - IPC Crime,"SUICIDE (Sec.305, 306, 309 IPC/107,108 BNS)",Other Reasons,90,30,31,30,2025-03,-1,-3.225806451612903
454,A - IPC Crime,"SUICIDE (Sec.305, 306, 309 IPC/107,108 BNS)",Attempt to Commit suicide,25,17,8,7,2025-03,-1,-12.5
455,A - IPC Crime,UNNATURAL SEX (Sec.377 IPC/IN BNS Deleted),Abetment  ,0,0,0,0,2025-03,0,0.0
456,A - IPC Crime,UNNATURAL SEX (Sec.377 IPC/IN BNS Deleted),Animal  ,0,0,0,0,2025-03,0,0.0
457,A - IPC Crime,UNNATURAL SEX (Sec.377 IPC/IN BNS Deleted),Attempt,0,0,0,0,2025-03,0,0.0
458,A - IPC Crime,UNNATURAL SEX (Sec.377 IPC/IN BNS Deleted),Major - Man,0,0,0,0,2025-03,0,0.0
459,A - IPC Crime,UNNATURAL SEX (Sec.377 IPC/IN BNS Deleted),Major - Woman,0,0,0,0,2025-03,0,0.0
460,A - IPC Crime,UNNATURAL SEX (Sec.377 IPC/IN BNS Deleted),Minor - Boy,0,0,0,0,2025-03,0,0.0
461,A - IPC Crime,UNNATURAL SEX (Sec.377 IPC/IN BNS Deleted),Minor - Girl,0,0,0,0,2025-03,0,0.0
462,A - IPC Crime,"WRONGFUL RESTRAINT/CONFINEMENT (Sec.341 to 348 IPC/126(2),127(2)-127(8) BNS)",Attempt to Commit,8,4,2,4,2025-03,2,100.0
463,A - IPC Crime,"WRONGFUL RESTRAINT/CONFINEMENT (Sec.341 to 348 IPC/126(2),127(2)-127(8) BNS)",To Extort Confession,0,0,0,0,2025-03,0,0.0
464,A - IPC Crime,"WRONGFUL RESTRAINT/CONFINEMENT (Sec.341 to 348 IPC/126(2),127(2)-127(8) BNS)",To Extort Property,7,2,3,3,2025-03,0,0.0
465,A - IPC Crime,"WRONGFUL RESTRAINT/CONFINEMENT (Sec.341 to 348 IPC/126(2),127(2)-127(8) BNS)",To settle Dispute,6,1,3,2,2025-03,-1,-33.33333333333333
466,A - IPC Crime,"WRONGFUL RESTRAINT/CONFINEMENT (Sec.341 to 348 IPC/126(2),127(2)-127(8) BNS)",Others,100,28,33,29,2025-03,-4,-12.121212121212121
467,A - IPC Crime,"INFANTICIDE (Sec.315, 316 IPC/91,92 BNS)",Male,2,0,1,0,2025-03,-1,-100.0
468,A - IPC Crime,"INFANTICIDE (Sec.315, 316 IPC/91,92 BNS)",Female,0,0,0,0,2025-03,0,0.0
469,A - IPC Crime,"OFFENCES RELATED TO MARRIAGE (Sec.493 to 498 IPC/81,84 BNS)",ALL / NOT SPECIFIED,11,2,3,4,2025-03,1,33.33333333333333
470,A - IPC Crime,"BUYING & SELLING MINOR FOR PROSTITUTION (Sec.372, 373 IPC/98,99 BNS)",ALL / NOT SPECIFIED,0,0,0,0,2025-03,0,0.0
471,A - IPC Crime,DOCUMENTS & PROPERTY MARKS (Sec.483 to 489 IPC/346-350(2) BNS),Documents  ,0,0,0,0,2025-03,0,0.0
472,A - IPC Crime,DOCUMENTS & PROPERTY MARKS (Sec.483 to 489 IPC/346-350(2) BNS),Property  ,0,0,0,0,2025-03,0,0.0
473,A - IPC Crime,DEFAMATION (Sec.500 to 502 IPC/350(2)-356(4) BNS),Persons ,1,0,0,1,2025-03,1,100.0
474,A - IPC Crime,DEFAMATION (Sec.500 to 502 IPC/350(2)-356(4) BNS),Printed Matter,0,0,0,0,2025-03,0,0.0
475,A - IPC Crime,DEFAMATION (Sec.500 to 502 IPC/350(2)-356(4) BNS),Others,0,0,0,0,2025-03,0,0.0
476,A - IPC Crime,ELECTION(Sec.171(E) to 171(1) IPC/173-177 BNS),Assembly,0,0,0,0,2025-03,0,0.0
477,A - IPC Crime,ELECTION(Sec.171(E) to 171(1) IPC/173-177 BNS),Parliament,0,32,0,0,2025-03,0,0.0
478,A - IPC Crime,ELECTION(Sec.171(E) to 171(1) IPC/173-177 BNS),Other Elected Bodies,0,0,0,0,2025-03,0,0.0
479,A - IPC Crime,"SLAVERY (Sec.370, 371, 374 IPC/143,145,146 BNS)",Man,0,0,0,0,2025-03,0,0.0
480,A - IPC Crime,"SLAVERY (Sec.370, 371, 374 IPC/143,145,146 BNS)",Woman,0,0,0,0,2025-03,0,0.0
481,A - IPC Crime,"SLAVERY (Sec.370, 371, 374 IPC/143,145,146 BNS)",Boy,1,0,0,1,2025-03,1,100.0
482,A - IPC Crime,"SLAVERY (Sec.370, 371, 374 IPC/143,145,146 BNS)",Girl,0,0,0,0,2025-03,0,0.0
483,A - IPC Crime,Attempting to commit offences (Sec.511 IPC/62 BNS),Attempting to commit offences,55,16,20,22,2025-03,2,10.0
484,A - IPC Crime,ILLEGAL DETENTION (Sec.342 IPC/127(2) BNS),ALL / NOT SPECIFIED,0,0,0,0,2025-03,0,0.0
485,A - IPC Crime,FALSE EVIDENCE (Sec.191 to 205 IPC/227-242 BNS),ALL / NOT SPECIFIED,1,1,0,0,2025-03,0,0.0
486,A - IPC Crime,EXPOSURE AND ABANDONMENT OF CHILD (Sec.317 IPC/93 BNS),Boy ,8,6,0,6,2025-03,6,600.0
487,A - IPC Crime,EXPOSURE AND ABANDONMENT OF CHILD (Sec.317 IPC/93 BNS),Girl,8,0,1,4,2025-03,3,300.0
488,A - IPC Crime,OF ABETMENT (Sec.107 to 120 IPC/45-60 BNS),ALL / NOT SPECIFIED,5,1,1,2,2025-03,1,100.0
489,A - IPC Crime,"FAILURE TO APPEAR TO COURT (Sec.174A, 229A IPC/209,269 BNS)",IPC 174 A/BNS 209,72,6,19,37,2025-03,18,94.73684210526315
490,A - IPC Crime,"FAILURE TO APPEAR TO COURT (Sec.174A, 229A IPC/209,269 BNS)",IPC 229 A/BNS 269,215,40,71,61,2025-03,-10,-14.084507042253522
491,A - IPC Crime,Concealment of birth by secret disposal of Child,Girl,7,1,2,5,2025-03,3,150.0
492,A - IPC Crime,Concealment of birth by secret disposal of Child,Boy,6,2,0,3,2025-03,3,300.0
493,A - IPC Crime,ASSAULT OR USE OF CRIMINAL FORCE TO DISROBE WOMEN,ALL / NOT SPECIFIED,1,1,0,0,2025-03,0,0.0
494,A - IPC Crime,Disobedience to Order Promulgated by Public/Servant,By Others,5,2,2,1,2025-03,-1,-50.0
495,A - IPC Crime,Disobedience to Order Promulgated by Public/Servant,By Private Institution,4,2,1,2,2025-03,1,100.0
496,A - IPC Crime,Disobedience to Order Promulgated by Public/Servant,By Govt. Institution,0,0,0,0,2025-03,0,0.0
497,A - IPC Crime,Human Trafficking,Eunuch,2,0,0,2,2025-03,2,200.0
498,A - IPC Crime,Human Trafficking,Men,1,0,0,0,2025-03,0,0.0
499,A - IPC Crime,Human Trafficking,Boy,0,0,0,0,2025-03,0,0.0
500,A - IPC Crime,Human Trafficking,Women,0,0,0,0,2025-03,0,0.0
501,A - IPC Crime,Human Trafficking,Girl,1,0,0,0,2025-03,0,0.0
502,A - IPC Crime,Giving false information respecting an offence committed,Giving false information respecting an offence committed,2,0,2,0,2025-03,-2,-100.0
503,B - SPECIAL & LOCAL LAWS,ANTIQUES (CULTURAL PROPERTY),Antiques & Art Treasures Act 1972,0,0,0,0,2025-03,0,0.0
504,B - SPECIAL & LOCAL LAWS,ANTIQUES (CULTURAL PROPERTY),Ancient Monument & Archaelogical Sites And Remains Act 1958,3,1,0,0,2025-03,0,0.0
505,B - SPECIAL & LOCAL LAWS,ARMS ACT 1959,Country Made - Non Prohibited Bore - In Disturbed Area,1,3,1,0,2025-03,-1,-100.0
506,B - SPECIAL & LOCAL LAWS,ARMS ACT 1960,Country Made - Non Prohibited Bore - In Other Area,42,7,18,9,2025-03,-9,-50.0
507,B - SPECIAL & LOCAL LAWS,ARMS ACT 1961,Country Made - Prohibited Bore - In Disturbed Area,1,0,0,1,2025-03,1,100.0
508,B - SPECIAL & LOCAL LAWS,ARMS ACT 1962,Country Made - Prohibited Bore - In Other Area,32,6,9,16,2025-03,7,77.77777777777779
509,B - SPECIAL & LOCAL LAWS,ARMS ACT 1963,Factory Made - Non Prohibited Bore - In Disturbed Area,3,1,0,2,2025-03,2,200.0
510,B - SPECIAL & LOCAL LAWS,ARMS ACT 1964,Factory Made - Non Prohibited Bore - In Other Area,8,1,4,1,2025-03,-3,-75.0
511,B - SPECIAL & LOCAL LAWS,ARMS ACT 1965,Factory Made - Prohibited Bore - In Disturbed Area,4,0,3,0,2025-03,-3,-100.0
512,B - SPECIAL & LOCAL LAWS,ARMS ACT 1966,Factory Made - Prohibited Bore - In Other Area,13,2,2,6,2025-03,4,200.0
513,B - SPECIAL & LOCAL LAWS,ANIMAL,The Karnataka Prevention of Slaughter and Preservation of Cattle Ordinance 2020,23,11,4,12,2025-03,8,200.0
514,B - SPECIAL & LOCAL LAWS,ANIMAL,Wild Life Preservation Act 1972,0,0,0,0,2025-03,0,0.0
515,B - SPECIAL & LOCAL LAWS,ANIMAL,Wild Life Protection Act 1972,3,0,0,1,2025-03,1,100.0
516,B - SPECIAL & LOCAL LAWS,ANIMAL,Prevention of Cruelty to Animals Act 1960,58,22,18,19,2025-03,1,5.555555555555555
517,B - SPECIAL & LOCAL LAWS,ANIMAL,Elephant (Preservation) Act 1879,0,0,0,0,2025-03,0,0.0
518,B - SPECIAL & LOCAL LAWS,ANIMAL,Cattle Tresspass Act 1871,2,0,1,1,2025-03,0,0.0
519,B - SPECIAL & LOCAL LAWS,CINEMATOGRAPHY ACT 1952,Films,0,0,0,0,2025-03,0,0.0
520,B - SPECIAL & LOCAL LAWS,CINEMATOGRAPHY ACT 1953,Video,0,0,0,0,2025-03,0,0.0
521,B - SPECIAL & LOCAL LAWS,CONSUMER,Liquified Petroleum Gas Supply & Control Order 2000 ,28,7,5,11,2025-03,6,120.0
522,B - SPECIAL & LOCAL LAWS,CONSUMER,Consumer (Protection) Act 1986,0,2,0,0,2025-03,0,0.0
523,B - SPECIAL & LOCAL LAWS,CONSUMER,Essential Commodities Act 1955,116,58,29,60,2025-03,31,106.89655172413792
524,B - SPECIAL & LOCAL LAWS,CONSUMER,Prevention of Food Adulternation Act 1954,2,0,0,2,2025-03,2,200.0
525,B - SPECIAL & LOCAL LAWS,CONSUMER,Packaged Commodities (Regulation) order 1975,0,0,0,0,2025-03,0,0.0
526,B - SPECIAL & LOCAL LAWS,COPY RIGHT ACT 1957,By Company,49,18,17,12,2025-03,-5,-29.411764705882355
527,B - SPECIAL & LOCAL LAWS,COPY RIGHT ACT 1958,By Individual,22,6,7,5,2025-03,-2,-28.57142857142857
528,B - SPECIAL & LOCAL LAWS,CIVIL RIGHTS,Protection of Civil Rights Act 1955,0,0,0,0,2025-03,0,0.0
529,B - SPECIAL & LOCAL LAWS,SCHEDULED CASTE AND THE SCHEDULED TRIBES,Scheduled Caste  ,333,124,106,119,2025-03,13,12.264150943396226
530,B - SPECIAL & LOCAL LAWS,SCHEDULED CASTE AND THE SCHEDULED TRIBES,Scheduled Tribes,70,27,27,27,2025-03,0,0.0
531,B - SPECIAL & LOCAL LAWS,SCHEDULED CASTE AND THE SCHEDULED TRIBES,Scheduled Caste Women,124,49,37,43,2025-03,6,16.216216216216218
532,B - SPECIAL & LOCAL LAWS,SCHEDULED CASTE AND THE SCHEDULED TRIBES,Scheduled Tribes Women,31,9,18,6,2025-03,-12,-66.66666666666666
533,B - SPECIAL & LOCAL LAWS,CHILDREN ACT,Child Labour (Prohibition & Regulation) Act1986,18,2,6,2,2025-03,-4,-66.66666666666666
534,B - SPECIAL & LOCAL LAWS,CHILDREN ACT,Child Marriage (Restraint) Act - 1929,37,9,12,15,2025-03,3,25.0
535,B - SPECIAL & LOCAL LAWS,CHILDREN ACT,Juvenile Justice Act 1986,56,13,12,31,2025-03,19,158.33333333333331
536,B - SPECIAL & LOCAL LAWS,CHILDREN ACT,Probation of offenders Act 1958,0,0,0,0,2025-03,0,0.0
537,B - SPECIAL & LOCAL LAWS,CHILDREN ACT,Protection of Children from Sexual Offences Act 2012 (POCSO),0,0,0,0,2025-03,0,0.0
538,B - SPECIAL & LOCAL LAWS,PREVENTION OF CORRUPTION ACT 1988,Public Servant - Elected,0,0,0,0,2025-03,0,0.0
539,B - SPECIAL & LOCAL LAWS,PREVENTION OF CORRUPTION ACT 1989,Public Servant - Gazetted - Central,0,0,0,0,2025-03,0,0.0
540,B - SPECIAL & LOCAL LAWS,PREVENTION OF CORRUPTION ACT 1990,Public Servant - Gazetted - Defence,0,0,0,0,2025-03,0,0.0
541,B - SPECIAL & LOCAL LAWS,PREVENTION OF CORRUPTION ACT 1991,Public Servant - Gazetted - Public Sector Undertaking,0,0,0,0,2025-03,0,0.0
542,B - SPECIAL & LOCAL LAWS,PREVENTION OF CORRUPTION ACT 1992,Public Servant - Gazetted - State,0,0,0,0,2025-03,0,0.0
543,B - SPECIAL & LOCAL LAWS,PREVENTION OF CORRUPTION ACT 1993,Public Servant - Non-Gazetted - Central,0,0,0,0,2025-03,0,0.0
544,B - SPECIAL & LOCAL LAWS,PREVENTION OF CORRUPTION ACT 1994,Public Servant - Non-Gazetted - Defence,0,0,0,0,2025-03,0,0.0
545,B - SPECIAL & LOCAL LAWS,PREVENTION OF CORRUPTION ACT 1995,Public Servant - Non-Gazetted - State,0,0,0,0,2025-03,0,0.0
546,B - SPECIAL & LOCAL LAWS,CUSTOMS,Customs Act 1962,0,0,0,0,2025-03,0,0.0
547,B - SPECIAL & LOCAL LAWS,CUSTOMS,Import/Export (Control) Act 1947,0,0,0,0,2025-03,0,0.0
548,B - SPECIAL & LOCAL LAWS,Explosives,Explosives Substances Act 1908,14,3,4,3,2025-03,-1,-25.0
549,B - SPECIAL & LOCAL LAWS,Explosives,Explosives Act 1884,15,4,3,8,2025-03,5,166.66666666666669
550,B - SPECIAL & LOCAL LAWS,Explosives,Inflammable Substance Act 1952,0,0,0,0,2025-03,0,0.0
551,B - SPECIAL & LOCAL LAWS,FOREIGN EXCHANGE,Smugglers and Foreign Exchange Manipulator Act 1976,0,0,0,0,2025-03,0,0.0
552,B - SPECIAL & LOCAL LAWS,FOREIGN EXCHANGE,Foreign Exchange Regulation Act 1973,0,0,0,0,2025-03,0,0.0
553,B - SPECIAL & LOCAL LAWS,FOREIGN EXCHANGE,Foreign Exchange Regulation Act 1952,0,0,0,0,2025-03,0,0.0
554,B - SPECIAL & LOCAL LAWS,FOREIGNER,Foreigners Act 1946,16,1,3,10,2025-03,7,233.33333333333334
555,B - SPECIAL & LOCAL LAWS,FOREIGNER,Registration of Foreigners Act 1939,0,0,0,0,2025-03,0,0.0
556,B - SPECIAL & LOCAL LAWS,FOREST,Indian Forest Act 1927,0,2,0,0,2025-03,0,0.0
557,B - SPECIAL & LOCAL LAWS,FOREST,Forest (Conservation) Act 1980,3,2,0,1,2025-03,1,100.0
558,B - SPECIAL & LOCAL LAWS,HIJACKING,Foreign Aircraft - In India,0,0,0,0,2025-03,0,0.0
559,B - SPECIAL & LOCAL LAWS,HIJACKING,Foreign Aircraft - Outside India,0,0,0,0,2025-03,0,0.0
560,B - SPECIAL & LOCAL LAWS,HIJACKING,Indian Aircraft - In India,0,0,0,0,2025-03,0,0.0
561,B - SPECIAL & LOCAL LAWS,HIJACKING,Indian Aircraft - Outside India,0,0,0,0,2025-03,0,0.0
562,B - SPECIAL & LOCAL LAWS,IMMORAL TRAFFIC,Organised,47,27,17,16,2025-03,-1,-5.88235294117647
563,B - SPECIAL & LOCAL LAWS,IMMORAL TRAFFIC,Un-Organised,34,12,4,15,2025-03,11,275.0
564,B - SPECIAL & LOCAL LAWS,BONDED LABOUR SYSTEM,ALL / NOT SPECIFIED,1,0,0,0,2025-03,0,0.0
565,B - SPECIAL & LOCAL LAWS,INDIAN MOTOR VEHICLE,ALL / NOT SPECIFIED,25,3,4,18,2025-03,14,350.0
566,B - SPECIAL & LOCAL LAWS,NARCOTIC DRUGS & PSYCHOTROPIC SUBSTANCES ACT,Cultivated/Processed,514,147,160,168,2025-03,8,5.0
567,B - SPECIAL & LOCAL LAWS,NARCOTIC DRUGS & PSYCHOTROPIC SUBSTANCES ACT,Synthetic,762,223,255,265,2025-03,10,3.9215686274509802
568,B - SPECIAL & LOCAL LAWS,PASSPORT ACT,Foreigner,0,0,0,0,2025-03,0,0.0
569,B - SPECIAL & LOCAL LAWS,PASSPORT ACT,Indian,2,1,2,0,2025-03,-2,-100.0
570,B - SPECIAL & LOCAL LAWS,REPRESENTATIVE OF PEOPLE ACT 1951 & 1988,Assembly,0,1,0,0,2025-03,0,0.0
571,B - SPECIAL & LOCAL LAWS,REPRESENTATIVE OF PEOPLE ACT 1951 & 1989,Parliament,0,9,0,0,2025-03,0,0.0
572,B - SPECIAL & LOCAL LAWS,REPRESENTATIVE OF PEOPLE ACT 1951 & 1990,Other Elected Bodies,0,1,0,0,2025-03,0,0.0
573,B - SPECIAL & LOCAL LAWS,KARNATAKA POLICE ACT 1963,Gambling - Matka (78 Class C),1562,493,412,657,2025-03,245,59.46601941747572
574,B - SPECIAL & LOCAL LAWS,KARNATAKA POLICE ACT 1964,Street Gambling (87),1926,559,467,972,2025-03,505,108.13704496788009
575,B - SPECIAL & LOCAL LAWS,KARNATAKA POLICE ACT 1965,House Gambling (79 & 80),79,22,21,37,2025-03,16,76.19047619047619
576,B - SPECIAL & LOCAL LAWS,KARNATAKA POLICE ACT 1966,Betting ,108,56,22,64,2025-03,42,190.9090909090909
577,B - SPECIAL & LOCAL LAWS,KARNATAKA POLICE ACT 1967,Others ,190,103,57,73,2025-03,16,28.07017543859649
578,B - SPECIAL & LOCAL LAWS,PREVENTION OF DAMAGE TO PUBLIC PROPERTY ACT 1984,ALL / NOT SPECIFIED,28,15,9,12,2025-03,3,33.33333333333333
579,B - SPECIAL & LOCAL LAWS,"POST & TELEGRAPH, TELEGRAPH WIRES (UNLAWFUL POSSESSION) ACT 1980",ALL / NOT SPECIFIED,0,0,0,0,2025-03,0,0.0
580,B - SPECIAL & LOCAL LAWS,OFFICIAL SECURITY RELATED ACTS,Official Secrets Act 1923,0,0,0,0,2025-03,0,0.0
581,B - SPECIAL & LOCAL LAWS,OFFICIAL SECURITY RELATED ACTS,Essential Services Maintenance Act 1981,0,0,0,0,2025-03,0,0.0
582,B - SPECIAL & LOCAL LAWS,PREVENTION OF TERRORISM ACT (POTA),ALL / NOT SPECIFIED,0,0,0,0,2025-03,0,0.0
583,B - SPECIAL & LOCAL LAWS,RAILWAYS ACT,Indian Railways Act 1989,0,0,0,0,2025-03,0,0.0
584,B - SPECIAL & LOCAL LAWS,RAILWAYS ACT,Railway Property (Unlawful Possession) Act 1966,0,0,0,0,2025-03,0,0.0
585,B - SPECIAL & LOCAL LAWS,UNLAWFUL ACTIVITIES (Prevention) Act 1967,ALL / NOT SPECIFIED,0,3,0,0,2025-03,0,0.0
586,B - SPECIAL & LOCAL LAWS,CRIMES RELATED TO WOMEN,Dowry Prohibition,394,168,113,149,2025-03,36,31.858407079646017
587,B - SPECIAL & LOCAL LAWS,CRIMES RELATED TO WOMEN,Commission of SATI (Prevention) Act 1987,0,0,0,0,2025-03,0,0.0
588,B - SPECIAL & LOCAL LAWS,CRIMES RELATED TO WOMEN,Indecent Representation of Women (Prohibition) Act 1986,0,0,0,0,2025-03,0,0.0
589,B - SPECIAL & LOCAL LAWS,INDIAN LUNACY ACT,ALL / NOT SPECIFIED,0,0,0,0,2025-03,0,0.0
590,B - SPECIAL & LOCAL LAWS,INDIAN ELECTRICITY ACT,ALL / NOT SPECIFIED,5,0,2,2,2025-03,0,0.0
591,B - SPECIAL & LOCAL LAWS,"COTPA, CIGARETTES AND OTHER TOBACCO PRODUCTS",ALL / NOT SPECIFIED,409,103,158,161,2025-03,3,1.89873417721519
592,B - SPECIAL & LOCAL LAWS,KARNATAKA STATE LOCAL ACTS,Prevention of Insult to National Hounours Act 1971,5,1,0,1,2025-03,1,100.0
593,B - SPECIAL & LOCAL LAWS,KARNATAKA STATE LOCAL ACTS,"Prevention of violence against Doctors, Medical professionals and Medical institutions",6,1,3,2,2025-03,-1,-33.33333333333333
594,B - SPECIAL & LOCAL LAWS,KARNATAKA STATE LOCAL ACTS,"The Karnataka Prevention of Dangerous Activities of Bootleggers, Drug-offenders, Gamblers, Goonda Act",0,0,0,0,2025-03,0,0.0
595,B - SPECIAL & LOCAL LAWS,KARNATAKA STATE LOCAL ACTS,Karnataka Cow Slaughters Act,54,21,19,18,2025-03,-1,-5.263157894736842
596,B - SPECIAL & LOCAL LAWS,KARNATAKA STATE LOCAL ACTS,Banning of Unregulated Deposit Schemes Act,9,0,8,0,2025-03,-8,-100.0
597,B - SPECIAL & LOCAL LAWS,KARNATAKA STATE LOCAL ACTS,"Motor Spirit and High Speed Diesel (Regulation of upply, Distribution and Prevention of Malpractice",0,0,0,0,2025-03,0,0.0
598,B - SPECIAL & LOCAL LAWS,KARNATAKA STATE LOCAL ACTS,Karnataka Epidemic Deseases Act 2020,0,0,0,0,2025-03,0,0.0
599,B - SPECIAL & LOCAL LAWS,KARNATAKA STATE LOCAL ACTS,Karnataka Prevention of Slaughter and Preservation of Cattle Act 2020,49,20,13,21,2025-03,8,61.53846153846154
600,B - SPECIAL & LOCAL LAWS,KARNATAKA STATE LOCAL ACTS,Disaster Management Act 2005,0,0,0,0,2025-03,0,0.0
601,B - SPECIAL & LOCAL LAWS,KARNATAKA STATE LOCAL ACTS,Karnataka Excise Act 1965,2579,1345,635,1283,2025-03,648,102.04724409448819
602,B - SPECIAL & LOCAL LAWS,KARNATAKA STATE LOCAL ACTS,Karnataka Forest Act 1963,4,4,0,2,2025-03,2,200.0
603,B - SPECIAL & LOCAL LAWS,KARNATAKA STATE LOCAL ACTS,Karnataka Education Act 1983 As Amended Upto Date,1,2,1,0,2025-03,-1,-100.0
604,B - SPECIAL & LOCAL LAWS,KARNATAKA STATE LOCAL ACTS,Karnataka Kerosene Restriction Unuse Act 1956,0,0,0,0,2025-03,0,0.0
605,B - SPECIAL & LOCAL LAWS,KARNATAKA STATE LOCAL ACTS,Karnataka University Act,0,0,0,0,2025-03,0,0.0
606,B - SPECIAL & LOCAL LAWS,KARNATAKA STATE LOCAL ACTS,Karnataka Corruption Act,0,1,0,0,2025-03,0,0.0
607,B - SPECIAL & LOCAL LAWS,KARNATAKA STATE LOCAL ACTS,Karnataka Medical Registration Act 1965,1,0,0,0,2025-03,0,0.0
608,B - SPECIAL & LOCAL LAWS,KARNATAKA STATE LOCAL ACTS,Karnataka Land & Revenue Act 1964 & 2007,12,2,4,6,2025-03,2,50.0
609,B - SPECIAL & LOCAL LAWS,KARNATAKA STATE LOCAL ACTS,Karnataka Kerosene Dealers License Order 1969,0,0,0,0,2025-03,0,0.0
610,B - SPECIAL & LOCAL LAWS,KARNATAKA STATE LOCAL ACTS,Karnataka Society Registration Act,0,0,0,0,2025-03,0,0.0
611,B - SPECIAL & LOCAL LAWS,KARNATAKA STATE LOCAL ACTS,Karnataka Minor Mineral Consistent Rule 1994,5,3,3,1,2025-03,-2,-66.66666666666666
612,B - SPECIAL & LOCAL LAWS,KARNATAKA STATE LOCAL ACTS,Bangalore Development Authority Act,0,0,0,0,2025-03,0,0.0
613,B - SPECIAL & LOCAL LAWS,KARNATAKA STATE LOCAL ACTS,Karnataka Prohibition of Beggery Act 1975,13,0,13,0,2025-03,-13,-100.0
614,B - SPECIAL & LOCAL LAWS,KARNATAKA STATE LOCAL ACTS,Karnataka Municipalities Act 1964,0,0,0,0,2025-03,0,0.0
615,B - SPECIAL & LOCAL LAWS,KARNATAKA STATE LOCAL ACTS,Karnataka Irrigation Act 1963,3,0,1,2,2025-03,1,100.0
616,B - SPECIAL & LOCAL LAWS,KARNATAKA STATE LOCAL ACTS,Karnataka Fire Force act 1964,4,0,1,2,2025-03,1,100.0
617,B - SPECIAL & LOCAL LAWS,KARNATAKA STATE LOCAL ACTS,Karnataka Consumer Protection Act 1986,0,0,0,0,2025-03,0,0.0
618,B - SPECIAL & LOCAL LAWS,KARNATAKA STATE LOCAL ACTS,Karnataka Lottery Act,27,2,8,12,2025-03,4,50.0
619,B - SPECIAL & LOCAL LAWS,KARNATAKA STATE LOCAL ACTS,Karnataka Weight & Measurement Act,0,0,0,0,2025-03,0,0.0
620,B - SPECIAL & LOCAL LAWS,KARNATAKA STATE LOCAL ACTS,Karnataka Agriculture Marketing Regulation Act,0,0,0,0,2025-03,0,0.0
621,B - SPECIAL & LOCAL LAWS,KARNATAKA STATE LOCAL ACTS,Karnataka Revenue Act,0,0,0,0,2025-03,0,0.0
622,B - SPECIAL & LOCAL LAWS,KARNATAKA STATE LOCAL ACTS,Karnataka Mining Act,0,0,0,0,2025-03,0,0.0
623,B - SPECIAL & LOCAL LAWS,KARNATAKA STATE LOCAL ACTS,Karnataka Betting Tax Act,0,0,0,0,2025-03,0,0.0
624,B - SPECIAL & LOCAL LAWS,KARNATAKA STATE LOCAL ACTS,Karnataka Panchayat Raj Act,1,0,1,0,2025-03,-1,-100.0
625,B - SPECIAL & LOCAL LAWS,KARNATAKA STATE LOCAL ACTS,Karnataka Open Place Disfigurement Act 1951,46,5,10,25,2025-03,15,150.0
626,B - SPECIAL & LOCAL LAWS,KARNATAKA STATE LOCAL ACTS,Karnataka Right To Information Act 2000 & 2008,1,0,1,0,2025-03,-1,-100.0
627,B - SPECIAL & LOCAL LAWS,KARNATAKA STATE LOCAL ACTS,Karnataka Urban Development Act 1987,0,0,0,0,2025-03,0,0.0
628,B - SPECIAL & LOCAL LAWS,KARNATAKA STATE LOCAL ACTS,Karnataka Town & City Planning Act 1961,0,0,0,0,2025-03,0,0.0
629,B - SPECIAL & LOCAL LAWS,KARNATAKA STATE LOCAL ACTS,Karnataka Race Betting Act,0,0,0,0,2025-03,0,0.0
630,B - SPECIAL & LOCAL LAWS,KARNATAKA STATE LOCAL ACTS,Karnataka Devadasi's (Prohibition Of Dedication) Act 1982,0,0,0,0,2025-03,0,0.0
631,B - SPECIAL & LOCAL LAWS,KARNATAKA STATE LOCAL ACTS,Cooperative Society Act,1,0,1,0,2025-03,-1,-100.0
632,B - SPECIAL & LOCAL LAWS,KARNATAKA STATE LOCAL ACTS,Karnataka Entertainment Tax Act 1958,1,0,0,1,2025-03,1,100.0
633,B - SPECIAL & LOCAL LAWS,KARNATAKA STATE LOCAL ACTS,Karnataka Land Acquisition (Prohibition) Act 2007,0,0,0,0,2025-03,0,0.0
634,B - SPECIAL & LOCAL LAWS,KARNATAKA STATE LOCAL ACTS,Karnataka Money Lender Act 1961,5,1,1,3,2025-03,2,200.0
635,B - SPECIAL & LOCAL LAWS,KARNATAKA STATE LOCAL ACTS,Karnataka Stamp Act 1957,0,0,0,0,2025-03,0,0.0
636,B - SPECIAL & LOCAL LAWS,KARNATAKA STATE LOCAL ACTS,Karnataka Prisoners Act 1963 & 1974,15,5,5,2,2025-03,-3,-60.0
637,B - SPECIAL & LOCAL LAWS,KARNATAKA STATE LOCAL ACTS,Karnataka Private Medical Institution Act 2007,2,1,0,1,2025-03,1,100.0
638,B - SPECIAL & LOCAL LAWS,KARNATAKA STATE LOCAL ACTS,MMRD (Mines & Minerals Regulation Development ) Act 1957,21,12,4,13,2025-03,9,225.0
639,B - SPECIAL & LOCAL LAWS,KARNATAKA STATE LOCAL ACTS,Karnataka Treasure Trove Act 1962,1,0,1,0,2025-03,-1,-100.0
640,B - SPECIAL & LOCAL LAWS,KARNATAKA STATE LOCAL ACTS,Karnataka Prohibition of Charging Exorbitant Interest Act 2004,8,2,5,2,2025-03,-3,-60.0
641,B - SPECIAL & LOCAL LAWS,KARNATAKA STATE LOCAL ACTS,Karnataka Ayurvedic And Unani Pract. Regis. & Medical Prac. Misc. Prov. Act,0,0,0,0,2025-03,0,0.0
642,B - SPECIAL & LOCAL LAWS,KARNATAKA STATE LOCAL ACTS,Other Local Acts,45,15,17,21,2025-03,4,23.52941176470588
643,B - SPECIAL & LOCAL LAWS,CYBER CRIME (INFORMATION TECHNOLOGY ACT),"Information Technology Act 2000, 2009",37,1862,13,13,2025-03,0,0.0
644,B - SPECIAL & LOCAL LAWS,CYBER CRIME (INFORMATION TECHNOLOGY ACT),CSAM (Child Pornography). Cyber Tip Line,11,1,6,5,2025-03,-1,-16.666666666666664
645,B - SPECIAL & LOCAL LAWS,CYBER CRIME (INFORMATION TECHNOLOGY ACT),Online Money Transfer,322,10,95,117,2025-03,22,23.157894736842106
646,B - SPECIAL & LOCAL LAWS,CYBER CRIME (INFORMATION TECHNOLOGY ACT),Credit Card Fraud,198,6,48,64,2025-03,16,33.33333333333333
647,B - SPECIAL & LOCAL LAWS,CYBER CRIME (INFORMATION TECHNOLOGY ACT),Loan App,59,3,21,16,2025-03,-5,-23.809523809523807
648,B - SPECIAL & LOCAL LAWS,CYBER CRIME (INFORMATION TECHNOLOGY ACT),"Ransomeware Attack, Installing Spyware & Troman, Using Other Malware & Viruses to infect degital serv",2,0,0,2,2025-03,2,200.0
649,B - SPECIAL & LOCAL LAWS,CYBER CRIME (INFORMATION TECHNOLOGY ACT),"Gifts, iPhone & Lottery Fraud",42,0,15,20,2025-03,5,33.33333333333333
650,B - SPECIAL & LOCAL LAWS,CYBER CRIME (INFORMATION TECHNOLOGY ACT),Deep Fake/Deep Nudes,10,0,2,5,2025-03,3,150.0
651,B - SPECIAL & LOCAL LAWS,CYBER CRIME (INFORMATION TECHNOLOGY ACT),"Investment Fraud (Part Time Job, Task, Review)",791,13,242,278,2025-03,36,14.87603305785124
652,B - SPECIAL & LOCAL LAWS,CYBER CRIME (INFORMATION TECHNOLOGY ACT),Card Skimming,4,0,2,2,2025-03,0,0.0
653,B - SPECIAL & LOCAL LAWS,CYBER CRIME (INFORMATION TECHNOLOGY ACT),Job Fraud,155,5,67,53,2025-03,-14,-20.8955223880597
654,B - SPECIAL & LOCAL LAWS,CYBER CRIME (INFORMATION TECHNOLOGY ACT),Business Fraud,36,2,8,10,2025-03,2,25.0
655,B - SPECIAL & LOCAL LAWS,CYBER CRIME (INFORMATION TECHNOLOGY ACT),Hacking of Accounts & Ids,41,3,11,17,2025-03,6,54.54545454545454
656,B - SPECIAL & LOCAL LAWS,CYBER CRIME (INFORMATION TECHNOLOGY ACT),Phishing (Taking Password & Information),14,0,0,8,2025-03,8,800.0
657,B - SPECIAL & LOCAL LAWS,CYBER CRIME (INFORMATION TECHNOLOGY ACT),Email Spoofing / Fraud,16,0,7,5,2025-03,-2,-28.57142857142857
658,B - SPECIAL & LOCAL LAWS,CYBER CRIME (INFORMATION TECHNOLOGY ACT),SIM card Swapping / SIM Jacking / SIM Cloning,1,0,0,1,2025-03,1,100.0
659,B - SPECIAL & LOCAL LAWS,CYBER CRIME (INFORMATION TECHNOLOGY ACT),Social Media Cases (Instagram/Facebook/Whatsapp/X /Telegram etc),108,8,45,33,2025-03,-12,-26.666666666666668
660,B - SPECIAL & LOCAL LAWS,CYBER CRIME (INFORMATION TECHNOLOGY ACT),"Crypto Currency, Bitcoin, etc.",35,0,12,15,2025-03,3,25.0
661,B - SPECIAL & LOCAL LAWS,CYBER CRIME (INFORMATION TECHNOLOGY ACT),Remote Access Fraud  (Any Desk/ Team Viewer),2,0,2,0,2025-03,-2,-100.0
662,B - SPECIAL & LOCAL LAWS,CYBER CRIME (INFORMATION TECHNOLOGY ACT),OLX Fraud,55,0,14,24,2025-03,10,71.42857142857143
663,B - SPECIAL & LOCAL LAWS,CYBER CRIME (INFORMATION TECHNOLOGY ACT),Data Theft,17,0,6,3,2025-03,-3,-50.0
664,B - SPECIAL & LOCAL LAWS,CYBER CRIME (INFORMATION TECHNOLOGY ACT),Fedex,19,4,4,4,2025-03,0,0.0
665,B - SPECIAL & LOCAL LAWS,CYBER CRIME (INFORMATION TECHNOLOGY ACT),"OTP Frauds (KYC Update, Apk Link)",188,3,47,67,2025-03,20,42.5531914893617
666,B - SPECIAL & LOCAL LAWS,CYBER CRIME (INFORMATION TECHNOLOGY ACT),Matrimony Fraud,27,0,9,7,2025-03,-2,-22.22222222222222
667,B - SPECIAL & LOCAL LAWS,CYBER CRIME (INFORMATION TECHNOLOGY ACT),Sextortion and Revenge Porn,27,0,4,14,2025-03,10,250.0
668,B - SPECIAL & LOCAL LAWS,CYBER CRIME (INFORMATION TECHNOLOGY ACT),Advertising Frauds,11,1,2,3,2025-03,1,50.0
669,B - SPECIAL & LOCAL LAWS,CYBER CRIME (INFORMATION TECHNOLOGY ACT),Investment Fraud (Trading & Share Trading),978,14,290,306,2025-03,16,5.517241379310345
670,B - SPECIAL & LOCAL LAWS,CYBER CRIME (INFORMATION TECHNOLOGY ACT),Fake Customer Care,86,0,23,27,2025-03,4,17.391304347826086
671,B - SPECIAL & LOCAL LAWS,CYBER CRIME (INFORMATION TECHNOLOGY ACT),ATM Fraud,8,0,3,0,2025-03,-3,-100.0
672,B - SPECIAL & LOCAL LAWS,CYBER CRIME (INFORMATION TECHNOLOGY ACT),Digital Arrest,109,0,23,16,2025-03,-7,-30.434782608695656
673,B - SPECIAL & LOCAL LAWS,CYBER CRIME (INFORMATION TECHNOLOGY ACT),AEPS (Aadhaar),0,2,0,0,2025-03,0,0.0
674,B - SPECIAL & LOCAL LAWS,CYBER CRIME (INFORMATION TECHNOLOGY ACT),Others ,424,40,153,119,2025-03,-34,-22.22222222222222
675,B - SPECIAL & LOCAL LAWS,NATIONAL SECURITY ACT,ALL / NOT SPECIFIED,0,0,0,0,2025-03,0,0.0
676,B - SPECIAL & LOCAL LAWS,POCSO,Custodial Rape,0,0,0,0,2025-03,0,0.0
677,B - SPECIAL & LOCAL LAWS,POCSO,Gang Rape,1,0,0,0,2025-03,0,0.0
678,B - SPECIAL & LOCAL LAWS,POCSO,Rape with Murder,3,1,2,1,2025-03,-1,-50.0
679,B - SPECIAL & LOCAL LAWS,POCSO,Rape,706,259,228,216,2025-03,-12,-5.263157894736842
680,B - SPECIAL & LOCAL LAWS,POCSO,Others ,287,85,76,115,2025-03,39,51.31578947368421
681,B - SPECIAL & LOCAL LAWS,Aadhar Act,Offence by Company,0,0,0,0,2025-03,0,0.0
682,B - SPECIAL & LOCAL LAWS,Aadhar Act,Impersonation,0,0,0,0,2025-03,0,0.0
683,B - SPECIAL & LOCAL LAWS,Aadhar Act,Offence by Individual,1,0,0,1,2025-03,1,100.0
684,C. CRIMES AGAINST WOMEN,Rape (Sec. 376 IPC),1.1  Custodial Rape,0,0,0,0,2025-03,0,0.0
685,C. CRIMES AGAINST WOMEN,Rape (Sec. 376 IPC),1.2  Gang Rape,3,2,1,1,2025-03,0,0.0
686,C. CRIMES AGAINST WOMEN,Rape (Sec. 376 IPC),1.3  other Cases of Rape,235,61,76,95,2025-03,19,25.0
687,C. CRIMES AGAINST WOMEN,Outraging modesty (Molestation) (sec.354 IPC),ALL / NOT SPECIFIED,1445,633,449,540,2025-03,91,20.26726057906459
688,C. CRIMES AGAINST WOMEN,Kidnapping & Abduction of Women: (Sec.366 IPC),ALL / NOT SPECIFIED,23,13,6,11,2025-03,5,83.33333333333334
689,C. CRIMES AGAINST WOMEN,Insulting modesty (Eve-Teasing) (Sec.294 & 509 IPC if victim is a woman),ALL / NOT SPECIFIED,114,9,46,39,2025-03,-7,-15.217391304347828
690,C. CRIMES AGAINST WOMEN,Murder for Dowry - by burning (Sec.302 IPC),ALL / NOT SPECIFIED,1,0,0,0,2025-03,0,0.0
691,C. CRIMES AGAINST WOMEN,"Murder for Dowry - by other means
(Sec.302 IPC)",ALL / NOT SPECIFIED,3,0,0,3,2025-03,3,300.0
692,C. CRIMES AGAINST WOMEN,Murder for other reasons,ALL / NOT SPECIFIED,93,36,31,27,2025-03,-4,-12.903225806451612
693,C. CRIMES AGAINST WOMEN,Attempt to Commit Murder for dowry by burning (Sec.307 IPC),ALL / NOT SPECIFIED,0,0,0,0,2025-03,0,0.0
694,C. CRIMES AGAINST WOMEN,Attempt to Commit Murder for dowry by other means (Sec.307 IPC),ALL / NOT SPECIFIED,7,0,5,2,2025-03,-3,-60.0
695,C. CRIMES AGAINST WOMEN,Attempt to Commit murder for other reasons,ALL / NOT SPECIFIED,265,67,74,89,2025-03,15,20.27027027027027
696,C. CRIMES AGAINST WOMEN,"Dowry Death-by burning
(Sec.304-B IPC)",ALL / NOT SPECIFIED,0,0,0,0,2025-03,0,0.0
697,C. CRIMES AGAINST WOMEN,Dowry Death-by other Means (Sec.304(B) IPC),ALL / NOT SPECIFIED,31,7,9,10,2025-03,1,11.11111111111111
698,C. CRIMES AGAINST WOMEN,Cruelty by Husband or Relatives of Husband (Sec.498-A IPC),ALL / NOT SPECIFIED,704,299,211,255,2025-03,44,20.85308056872038
699,C. CRIMES AGAINST WOMEN,Abetment of Suicide (Sec.306 IPC),ALL / NOT SPECIFIED,38,19,15,10,2025-03,-5,-33.33333333333333
700,C. CRIMES AGAINST WOMEN,Immoral Traffic (prevention) Act.,ALL / NOT SPECIFIED,81,39,21,31,2025-03,10,47.61904761904761
701,C. CRIMES AGAINST WOMEN,Indecent Representation of Women(Prohibition) Act-1986,ALL / NOT SPECIFIED,0,0,0,0,2025-03,0,0.0
702,C. CRIMES AGAINST WOMEN,Pornography,ALL / NOT SPECIFIED,1,0,0,1,2025-03,1,100.0
703,C. CRIMES AGAINST WOMEN,Offences against Public Servants (Sec.182-188-333-353 IPC),ALL / NOT SPECIFIED,31,15,15,10,2025-03,-5,-33.33333333333333
704,C. CRIMES AGAINST WOMEN,Offences related to Marriage,ALL / NOT SPECIFIED,9,1,1,4,2025-03,3,300.0
705,C. CRIMES AGAINST WOMEN,Cyber Crimes,ALL / NOT SPECIFIED,1130,591,359,372,2025-03,13,3.6211699164345403
706,D.CRIME AGAINST CHILDREN,"Infanticide/ Foeticide 
(Sec. 315 & 316 IPC)",ALL / NOT SPECIFIED,2,0,1,0,2025-03,-1,-100.0
707,D.CRIME AGAINST CHILDREN,Rape on Minor,ALL / NOT SPECIFIED,0,0,0,0,2025-03,0,0.0
708,D.CRIME AGAINST CHILDREN,Exposure & abandonment (Sec. 317 IPC),ALL / NOT SPECIFIED,16,6,1,10,2025-03,9,900.0
709,D.CRIME AGAINST CHILDREN,Kidnapping & Abduction of Children,ALL / NOT SPECIFIED,1010,295,318,394,2025-03,76,23.89937106918239
710,D.CRIME AGAINST CHILDREN,For Ransom - of Children,ALL / NOT SPECIFIED,4,2,1,0,2025-03,-1,-100.0
711,D.CRIME AGAINST CHILDREN,of Children - for begging,ALL / NOT SPECIFIED,0,0,0,0,2025-03,0,0.0
712,D.CRIME AGAINST CHILDREN,of Girls - Immoral Purpose,ALL / NOT SPECIFIED,1,0,0,1,2025-03,1,100.0
713,D.CRIME AGAINST CHILDREN,With intent to Steal from Child,ALL / NOT SPECIFIED,0,0,0,0,2025-03,0,0.0
714,D.CRIME AGAINST CHILDREN,Lawful Guardianship,ALL / NOT SPECIFIED,1,0,0,1,2025-03,1,100.0
715,D.CRIME AGAINST CHILDREN,Procuration of Minor Girls - For Prostitution,ALL / NOT SPECIFIED,0,0,0,0,2025-03,0,0.0
716,D.CRIME AGAINST CHILDREN,Procuration of Minor Girls - Importing of Girl,ALL / NOT SPECIFIED,0,0,0,0,2025-03,0,0.0
717,D.CRIME AGAINST CHILDREN,Procuration of Minor Girls - For Other Purposes,ALL / NOT SPECIFIED,7,1,2,4,2025-03,2,100.0
718,D.CRIME AGAINST CHILDREN,Sub Total ,ALL / NOT SPECIFIED,1023,298,321,400,2025-03,79,24.610591900311526
719,D.CRIME AGAINST CHILDREN,Selling of girls for Prostitution (Sec.372 IPC),ALL / NOT SPECIFIED,0,0,0,0,2025-03,0,0.0
720,D.CRIME AGAINST CHILDREN,The Prohibition of Child Marriage Act - 2006,ALL / NOT SPECIFIED,37,9,12,15,2025-03,3,25.0
721,D.CRIME AGAINST CHILDREN,POCSO Act,ALL / NOT SPECIFIED,997,345,306,332,2025-03,26,8.49673202614379
722,D.CRIME AGAINST CHILDREN,Death of Children due to miscarriage,ALL / NOT SPECIFIED,4,1,0,4,2025-03,4,400.0
723,D.CRIME AGAINST CHILDREN,Juvenile Justice Act,ALL / NOT SPECIFIED,56,13,12,31,2025-03,19,158.33333333333331
724,D.CRIME AGAINST CHILDREN,Child Labour (Pro.& Reg.) Act,ALL / NOT SPECIFIED,18,2,6,2,2025-03,-4,-66.66666666666666
725,D.CRIME AGAINST CHILDREN,Probation of Offenders Act,ALL / NOT SPECIFIED,0,0,0,0,2025-03,0,0.0
726,"    E. CRIME AGAINST SCHEDULED CASTES /TRIBES BY NON SCs/STs 
",Murder,ALL / NOT SPECIFIED,19,8,5,5,2025-03,0,0.0
727,"    E. CRIME AGAINST SCHEDULED CASTES /TRIBES BY NON SCs/STs 
",Rape,ALL / NOT SPECIFIED,34,11,8,16,2025-03,8,100.0
728,"    E. CRIME AGAINST SCHEDULED CASTES /TRIBES BY NON SCs/STs 
",Kidnapping,ALL / NOT SPECIFIED,40,22,13,14,2025-03,1,7.6923076923076925
729,"    E. CRIME AGAINST SCHEDULED CASTES /TRIBES BY NON SCs/STs 
",Offences under the Protection of Civil Rights Act.,ALL / NOT SPECIFIED,0,0,0,0,2025-03,0,0.0
1,A - IPC Crime,"Murder (Sec.302/303 IPC/103,104 BNS)",For gain,15,3,4,3,2025-04,-1,-25.0
2,A - IPC Crime,"Murder (Sec.302/303 IPC/103,104 BNS)",Over Property Dispute,9,5,1,1,2025-04,0,0.0
3,A - IPC Crime,"Murder (Sec.302/303 IPC/103,104 BNS)",Due to Personal Vendetta or enemity,10,3,1,1,2025-04,0,0.0
4,A - IPC Crime,"Murder (Sec.302/303 IPC/103,104 BNS)",Due to Sexual jealousy,12,2,2,4,2025-04,2,100.0
5,A - IPC Crime,"Murder (Sec.302/303 IPC/103,104 BNS)",For dowry by burning,1,0,0,0,2025-04,0,0.0
6,A - IPC Crime,"Murder (Sec.302/303 IPC/103,104 BNS)",For dowry by other means,4,1,3,1,2025-04,-2,-66.66666666666666
7,A - IPC Crime,"Murder (Sec.302/303 IPC/103,104 BNS)",Due to Communalism,0,0,0,0,2025-04,0,0.0
8,A - IPC Crime,"Murder (Sec.302/303 IPC/103,104 BNS)",Due to Casteism,0,0,0,0,2025-04,0,0.0
9,A - IPC Crime,"Murder (Sec.302/303 IPC/103,104 BNS)",Witch Craft (Sorcery),0,0,0,0,2025-04,0,0.0
10,A - IPC Crime,"Murder (Sec.302/303 IPC/103,104 BNS)",For Human Sacrifice,0,0,0,0,2025-04,0,0.0
11,A - IPC Crime,"Murder (Sec.302/303 IPC/103,104 BNS)",Due to Terrorism/Naxalism / Extremism,0,0,0,0,2025-04,0,0.0
12,A - IPC Crime,"Murder (Sec.302/303 IPC/103,104 BNS)",For Political Reasons,0,0,0,0,2025-04,0,0.0
13,A - IPC Crime,"Murder (Sec.302/303 IPC/103,104 BNS)",Due to Adultery,6,4,2,2,2025-04,0,0.0
14,A - IPC Crime,"Murder (Sec.302/303 IPC/103,104 BNS)",Civil Disputes,20,2,3,6,2025-04,3,100.0
15,A - IPC Crime,"Murder (Sec.302/303 IPC/103,104 BNS)",Electoral Gain,0,0,0,0,2025-04,0,0.0
16,A - IPC Crime,"Murder (Sec.302/303 IPC/103,104 BNS)",Gang Rivalry,0,0,0,0,2025-04,0,0.0
17,A - IPC Crime,"Murder (Sec.302/303 IPC/103,104 BNS)",Love Intrigue,8,0,5,0,2025-04,-5,-100.0
18,A - IPC Crime,"Murder (Sec.302/303 IPC/103,104 BNS)",Professional ,0,0,0,0,2025-04,0,0.0
19,A - IPC Crime,"Murder (Sec.302/303 IPC/103,104 BNS)",Psychopathic/Serial Killer/Lunacy,0,0,0,0,2025-04,0,0.0
20,A - IPC Crime,"Murder (Sec.302/303 IPC/103,104 BNS)",Rape with Murder,4,1,1,0,2025-04,-1,-100.0
21,A - IPC Crime,"Murder (Sec.302/303 IPC/103,104 BNS)",Revenge/Enemity,15,2,7,3,2025-04,-4,-57.14285714285714
22,A - IPC Crime,"Murder (Sec.302/303 IPC/103,104 BNS)",Sudden Quarrel,33,9,3,11,2025-04,8,266.66666666666663
23,A - IPC Crime,"Murder (Sec.302/303 IPC/103,104 BNS)",Village Dispute,0,0,0,0,2025-04,0,0.0
24,A - IPC Crime,"Murder (Sec.302/303 IPC/103,104 BNS)",Custodial,0,0,0,0,2025-04,0,0.0
25,A - IPC Crime,"Murder (Sec.302/303 IPC/103,104 BNS)",Due to Other Causes,289,92,71,89,2025-04,18,25.352112676056336
26,A - IPC Crime,ATTEMPT TO MURDER (Sec. 307 IPC/109BNS),For Gain ,4,1,1,2,2025-04,1,100.0
27,A - IPC Crime,ATTEMPT TO MURDER (Sec. 307 IPC/109BNS),Over Property Dispute,24,3,9,8,2025-04,-1,-11.11111111111111
28,A - IPC Crime,ATTEMPT TO MURDER (Sec. 307 IPC/109BNS),Due to Personal Vendetta or enemity,28,12,6,4,2025-04,-2,-33.33333333333333
29,A - IPC Crime,ATTEMPT TO MURDER (Sec. 307 IPC/109BNS),Due to Sexual jealousy,4,1,0,4,2025-04,4,400.0
30,A - IPC Crime,ATTEMPT TO MURDER (Sec. 307 IPC/109BNS),For Dowry other Means,9,1,2,2,2025-04,0,0.0
31,A - IPC Crime,ATTEMPT TO MURDER (Sec. 307 IPC/109BNS),Dowry By Burning,0,0,0,0,2025-04,0,0.0
32,A - IPC Crime,ATTEMPT TO MURDER (Sec. 307 IPC/109BNS),Due to Communalism,0,0,0,0,2025-04,0,0.0
33,A - IPC Crime,ATTEMPT TO MURDER (Sec. 307 IPC/109BNS),Due to Casteism,0,0,0,0,2025-04,0,0.0
34,A - IPC Crime,ATTEMPT TO MURDER (Sec. 307 IPC/109BNS),Witch Craft (Sorcery),0,0,0,0,2025-04,0,0.0
35,A - IPC Crime,ATTEMPT TO MURDER (Sec. 307 IPC/109BNS),For Human Sacrifice,0,0,0,0,2025-04,0,0.0
36,A - IPC Crime,ATTEMPT TO MURDER (Sec. 307 IPC/109BNS),Terrorism /Naxalism / Extremism,0,0,0,0,2025-04,0,0.0
37,A - IPC Crime,ATTEMPT TO MURDER (Sec. 307 IPC/109BNS),For Political Reasons,3,3,2,0,2025-04,-2,-100.0
38,A - IPC Crime,ATTEMPT TO MURDER (Sec. 307 IPC/109BNS),Adultery,3,2,1,1,2025-04,0,0.0
39,A - IPC Crime,ATTEMPT TO MURDER (Sec. 307 IPC/109BNS),Electoral Gain,0,0,0,0,2025-04,0,0.0
40,A - IPC Crime,ATTEMPT TO MURDER (Sec. 307 IPC/109BNS),Gang Rivalry,1,0,0,0,2025-04,0,0.0
41,A - IPC Crime,ATTEMPT TO MURDER (Sec. 307 IPC/109BNS),Love Intrigue,6,1,1,1,2025-04,0,0.0
42,A - IPC Crime,ATTEMPT TO MURDER (Sec. 307 IPC/109BNS),Professional ,0,0,0,0,2025-04,0,0.0
43,A - IPC Crime,ATTEMPT TO MURDER (Sec. 307 IPC/109BNS),Rape,1,0,1,0,2025-04,-1,-100.0
44,A - IPC Crime,ATTEMPT TO MURDER (Sec. 307 IPC/109BNS),Revenge/Enemity,92,21,20,22,2025-04,2,10.0
45,A - IPC Crime,ATTEMPT TO MURDER (Sec. 307 IPC/109BNS),Sudden Quarrel,92,21,21,23,2025-04,2,9.523809523809524
46,A - IPC Crime,ATTEMPT TO MURDER (Sec. 307 IPC/109BNS),Village Dispute,2,0,0,0,2025-04,0,0.0
47,A - IPC Crime,ATTEMPT TO MURDER (Sec. 307 IPC/109BNS),Due to Other Causes,778,169,220,210,2025-04,-10,-4.545454545454546
48,A - IPC Crime,ATTEMPT TO MURDER (Sec. 307 IPC/109BNS),Civil Disputes,118,22,25,32,2025-04,7,28.000000000000004
49,A - IPC Crime,CULPABLE HOMICIDE NOT AMOUNTING TO MUDER (Sec.304 IPC/105 BNS),For Gain,0,0,0,0,2025-04,0,0.0
50,A - IPC Crime,CULPABLE HOMICIDE NOT AMOUNTING TO MUDER (Sec.304 IPC/105 BNS),Over Civil Dispute,0,0,0,0,2025-04,0,0.0
51,A - IPC Crime,CULPABLE HOMICIDE NOT AMOUNTING TO MUDER (Sec.304 IPC/105 BNS),Due to Personal Vendetta or enemity,0,0,0,0,2025-04,0,0.0
52,A - IPC Crime,CULPABLE HOMICIDE NOT AMOUNTING TO MUDER (Sec.304 IPC/105 BNS),Due to Sexual jealousy,0,0,0,0,2025-04,0,0.0
53,A - IPC Crime,CULPABLE HOMICIDE NOT AMOUNTING TO MUDER (Sec.304 IPC/105 BNS),For Dowry,0,0,0,0,2025-04,0,0.0
54,A - IPC Crime,CULPABLE HOMICIDE NOT AMOUNTING TO MUDER (Sec.304 IPC/105 BNS),Due to Communalism,0,0,0,0,2025-04,0,0.0
55,A - IPC Crime,CULPABLE HOMICIDE NOT AMOUNTING TO MUDER (Sec.304 IPC/105 BNS),Due to Casteism,0,0,0,0,2025-04,0,0.0
56,A - IPC Crime,CULPABLE HOMICIDE NOT AMOUNTING TO MUDER (Sec.304 IPC/105 BNS),Witch Craft (Sorcery),0,0,0,0,2025-04,0,0.0
57,A - IPC Crime,CULPABLE HOMICIDE NOT AMOUNTING TO MUDER (Sec.304 IPC/105 BNS),For Human Sacrifice,0,0,0,0,2025-04,0,0.0
58,A - IPC Crime,CULPABLE HOMICIDE NOT AMOUNTING TO MUDER (Sec.304 IPC/105 BNS),Terrorism /Naxalism / Extremism,0,0,0,0,2025-04,0,0.0
59,A - IPC Crime,CULPABLE HOMICIDE NOT AMOUNTING TO MUDER (Sec.304 IPC/105 BNS),For Political Reasons,0,0,0,0,2025-04,0,0.0
60,A - IPC Crime,CULPABLE HOMICIDE NOT AMOUNTING TO MUDER (Sec.304 IPC/105 BNS),Adultery,0,0,0,0,2025-04,0,0.0
61,A - IPC Crime,CULPABLE HOMICIDE NOT AMOUNTING TO MUDER (Sec.304 IPC/105 BNS),Property Disputes,0,0,0,0,2025-04,0,0.0
62,A - IPC Crime,CULPABLE HOMICIDE NOT AMOUNTING TO MUDER (Sec.304 IPC/105 BNS),Electoral Gain,1,0,0,0,2025-04,0,0.0
63,A - IPC Crime,CULPABLE HOMICIDE NOT AMOUNTING TO MUDER (Sec.304 IPC/105 BNS),Gang Rivalry,0,0,0,0,2025-04,0,0.0
64,A - IPC Crime,CULPABLE HOMICIDE NOT AMOUNTING TO MUDER (Sec.304 IPC/105 BNS),Love Intrigue,0,0,0,0,2025-04,0,0.0
65,A - IPC Crime,CULPABLE HOMICIDE NOT AMOUNTING TO MUDER (Sec.304 IPC/105 BNS),Professional ,0,0,0,0,2025-04,0,0.0
66,A - IPC Crime,CULPABLE HOMICIDE NOT AMOUNTING TO MUDER (Sec.304 IPC/105 BNS),Sudden Quarrel,6,0,1,1,2025-04,0,0.0
67,A - IPC Crime,CULPABLE HOMICIDE NOT AMOUNTING TO MUDER (Sec.304 IPC/105 BNS),Due to Other Causes,40,11,11,11,2025-04,0,0.0
68,A - IPC Crime,ATTEMPT TO CULPABLE HOMICIDE NOT AMOUNTING TO MURDER (Sec. 308 IPC/110 BNS),For Gain,0,0,0,0,2025-04,0,0.0
69,A - IPC Crime,ATTEMPT TO CULPABLE HOMICIDE NOT AMOUNTING TO MURDER (Sec. 308 IPC/110 BNS),Over Civil Dispute,0,0,0,0,2025-04,0,0.0
70,A - IPC Crime,ATTEMPT TO CULPABLE HOMICIDE NOT AMOUNTING TO MURDER (Sec. 308 IPC/110 BNS),Due to Personal Vendetta or enemity,0,0,0,0,2025-04,0,0.0
71,A - IPC Crime,ATTEMPT TO CULPABLE HOMICIDE NOT AMOUNTING TO MURDER (Sec. 308 IPC/110 BNS),Due to Sexual jealousy,0,0,0,0,2025-04,0,0.0
72,A - IPC Crime,ATTEMPT TO CULPABLE HOMICIDE NOT AMOUNTING TO MURDER (Sec. 308 IPC/110 BNS),For Dowry,0,0,0,0,2025-04,0,0.0
73,A - IPC Crime,ATTEMPT TO CULPABLE HOMICIDE NOT AMOUNTING TO MURDER (Sec. 308 IPC/110 BNS),Due to Communalism,0,0,0,0,2025-04,0,0.0
74,A - IPC Crime,ATTEMPT TO CULPABLE HOMICIDE NOT AMOUNTING TO MURDER (Sec. 308 IPC/110 BNS),Due to Casteism,0,0,0,0,2025-04,0,0.0
75,A - IPC Crime,ATTEMPT TO CULPABLE HOMICIDE NOT AMOUNTING TO MURDER (Sec. 308 IPC/110 BNS),Witch Craft (Sorcery),0,0,0,0,2025-04,0,0.0
76,A - IPC Crime,ATTEMPT TO CULPABLE HOMICIDE NOT AMOUNTING TO MURDER (Sec. 308 IPC/110 BNS),For Human Sacrifice,0,0,0,0,2025-04,0,0.0
77,A - IPC Crime,ATTEMPT TO CULPABLE HOMICIDE NOT AMOUNTING TO MURDER (Sec. 308 IPC/110 BNS),Terrorism /Naxalism / Extremism,0,0,0,0,2025-04,0,0.0
78,A - IPC Crime,ATTEMPT TO CULPABLE HOMICIDE NOT AMOUNTING TO MURDER (Sec. 308 IPC/110 BNS),For Political Reasons,0,1,0,0,2025-04,0,0.0
79,A - IPC Crime,ATTEMPT TO CULPABLE HOMICIDE NOT AMOUNTING TO MURDER (Sec. 308 IPC/110 BNS),Due to Other Causes,17,8,3,8,2025-04,5,166.66666666666669
80,A - IPC Crime,ATTEMPT TO CULPABLE HOMICIDE NOT AMOUNTING TO MURDER (Sec. 308 IPC/110 BNS),Adultery,1,0,0,0,2025-04,0,0.0
81,A - IPC Crime,ATTEMPT TO CULPABLE HOMICIDE NOT AMOUNTING TO MURDER (Sec. 308 IPC/110 BNS),Property Disputes,0,0,0,0,2025-04,0,0.0
82,A - IPC Crime,ATTEMPT TO CULPABLE HOMICIDE NOT AMOUNTING TO MURDER (Sec. 308 IPC/110 BNS),Electoral Gain,0,0,0,0,2025-04,0,0.0
83,A - IPC Crime,ATTEMPT TO CULPABLE HOMICIDE NOT AMOUNTING TO MURDER (Sec. 308 IPC/110 BNS),Gang Rivalry,0,0,0,0,2025-04,0,0.0
84,A - IPC Crime,ATTEMPT TO CULPABLE HOMICIDE NOT AMOUNTING TO MURDER (Sec. 308 IPC/110 BNS),Love Intrigue,0,0,0,0,2025-04,0,0.0
85,A - IPC Crime,ATTEMPT TO CULPABLE HOMICIDE NOT AMOUNTING TO MURDER (Sec. 308 IPC/110 BNS),Professional ,0,1,0,0,2025-04,0,0.0
86,A - IPC Crime,ATTEMPT TO CULPABLE HOMICIDE NOT AMOUNTING TO MURDER (Sec. 308 IPC/110 BNS),Sudden Quarrel,3,1,1,1,2025-04,0,0.0
87,A - IPC Crime,"RAPE (Sec.376, 376(A) to 376 (D) IPC/64 TO 71 BNS)",Custodial Rape,0,0,0,0,2025-04,0,0.0
88,A - IPC Crime,"RAPE (Sec.376, 376(A) to 376 (D) IPC/64 TO 71 BNS)",Attempt to Commit,5,1,1,0,2025-04,-1,-100.0
89,A - IPC Crime,"RAPE (Sec.376, 376(A) to 376 (D) IPC/64 TO 71 BNS)",By a Gang,5,1,1,2,2025-04,1,100.0
90,A - IPC Crime,"RAPE (Sec.376, 376(A) to 376 (D) IPC/64 TO 71 BNS)",By Parents,2,0,2,0,2025-04,-2,-100.0
91,A - IPC Crime,"RAPE (Sec.376, 376(A) to 376 (D) IPC/64 TO 71 BNS)",By Hospital Staff,1,0,1,0,2025-04,-1,-100.0
92,A - IPC Crime,"RAPE (Sec.376, 376(A) to 376 (D) IPC/64 TO 71 BNS)",By Husband During Sepearation,1,0,1,0,2025-04,-1,-100.0
93,A - IPC Crime,"RAPE (Sec.376, 376(A) to 376 (D) IPC/64 TO 71 BNS)",By Neighbours,15,6,4,3,2025-04,-1,-25.0
94,A - IPC Crime,"RAPE (Sec.376, 376(A) to 376 (D) IPC/64 TO 71 BNS)",By Relatives,11,3,4,4,2025-04,0,0.0
95,A - IPC Crime,"RAPE (Sec.376, 376(A) to 376 (D) IPC/64 TO 71 BNS)",In Jail Custody,0,0,0,0,2025-04,0,0.0
96,A - IPC Crime,"RAPE (Sec.376, 376(A) to 376 (D) IPC/64 TO 71 BNS)",In Remand Home,0,0,0,0,2025-04,0,0.0
97,A - IPC Crime,"RAPE (Sec.376, 376(A) to 376 (D) IPC/64 TO 71 BNS)",InCest,0,0,0,0,2025-04,0,0.0
98,A - IPC Crime,"RAPE (Sec.376, 376(A) to 376 (D) IPC/64 TO 71 BNS)",Known Person,172,32,48,44,2025-04,-4,-8.333333333333332
99,A - IPC Crime,"RAPE (Sec.376, 376(A) to 376 (D) IPC/64 TO 71 BNS)",Unknown Person,3,0,1,1,2025-04,0,0.0
100,A - IPC Crime,"RAPE (Sec.376, 376(A) to 376 (D) IPC/64 TO 71 BNS)",Due to Other Causes,102,14,33,25,2025-04,-8,-24.242424242424242
101,A - IPC Crime,"RAPE (Sec.376, 376(A) to 376 (D) IPC/64 TO 71 BNS)",On Minor,0,0,0,0,2025-04,0,0.0
102,A - IPC Crime,"KIDNAPPING AND ABDUCTION (Sec.360, 361, 363 to 369 IPC/137(1)(A),137(1)(B),137(2),140 TO 142,97 BNS)",Missing - Boy,301,58,77,83,2025-04,6,7.792207792207792
103,A - IPC Crime,"KIDNAPPING AND ABDUCTION (Sec.360, 361, 363 to 369 IPC/137(1)(A),137(1)(B),137(2),140 TO 142,97 BNS)",Missing - Girl,998,186,255,334,2025-04,79,30.980392156862745
104,A - IPC Crime,"KIDNAPPING AND ABDUCTION (Sec.360, 361, 363 to 369 IPC/137(1)(A),137(1)(B),137(2),140 TO 142,97 BNS)",For Ransom - of Children,3,1,0,0,2025-04,0,0.0
105,A - IPC Crime,"KIDNAPPING AND ABDUCTION (Sec.360, 361, 363 to 369 IPC/137(1)(A),137(1)(B),137(2),140 TO 142,97 BNS)",For Ransom - of Cildren for Begging,0,0,0,0,2025-04,0,0.0
106,A - IPC Crime,"KIDNAPPING AND ABDUCTION (Sec.360, 361, 363 to 369 IPC/137(1)(A),137(1)(B),137(2),140 TO 142,97 BNS)",For Ransom - of Women,2,1,0,0,2025-04,0,0.0
107,A - IPC Crime,"KIDNAPPING AND ABDUCTION (Sec.360, 361, 363 to 369 IPC/137(1)(A),137(1)(B),137(2),140 TO 142,97 BNS)",For Ransom - of Girls for Immoral Purpose,1,0,1,0,2025-04,-1,-100.0
108,A - IPC Crime,"KIDNAPPING AND ABDUCTION (Sec.360, 361, 363 to 369 IPC/137(1)(A),137(1)(B),137(2),140 TO 142,97 BNS)",For Ransom - of  Others,23,5,5,8,2025-04,3,60.0
109,A - IPC Crime,"KIDNAPPING AND ABDUCTION (Sec.360, 361, 363 to 369 IPC/137(1)(A),137(1)(B),137(2),140 TO 142,97 BNS)",Procuration of Minor Girls - For Prostitution,0,0,0,0,2025-04,0,0.0
110,A - IPC Crime,"KIDNAPPING AND ABDUCTION (Sec.360, 361, 363 to 369 IPC/137(1)(A),137(1)(B),137(2),140 TO 142,97 BNS)",Procuration of Minor Girls - Importring of Girl,0,0,0,0,2025-04,0,0.0
111,A - IPC Crime,"KIDNAPPING AND ABDUCTION (Sec.360, 361, 363 to 369 IPC/137(1)(A),137(1)(B),137(2),140 TO 142,97 BNS)",Procuration of Minor Girls - For other Purpose,8,4,3,2,2025-04,-1,-33.33333333333333
112,A - IPC Crime,"KIDNAPPING AND ABDUCTION (Sec.360, 361, 363 to 369 IPC/137(1)(A),137(1)(B),137(2),140 TO 142,97 BNS)",Espionage,0,0,0,0,2025-04,0,0.0
113,A - IPC Crime,"KIDNAPPING AND ABDUCTION (Sec.360, 361, 363 to 369 IPC/137(1)(A),137(1)(B),137(2),140 TO 142,97 BNS)",Intent to Steal From Child,0,0,0,0,2025-04,0,0.0
114,A - IPC Crime,"KIDNAPPING AND ABDUCTION (Sec.360, 361, 363 to 369 IPC/137(1)(A),137(1)(B),137(2),140 TO 142,97 BNS)",Murder (Homicide),0,0,0,0,2025-04,0,0.0
115,A - IPC Crime,"KIDNAPPING AND ABDUCTION (Sec.360, 361, 363 to 369 IPC/137(1)(A),137(1)(B),137(2),140 TO 142,97 BNS)",Obtain Signature Forcibly,0,0,0,0,2025-04,0,0.0
116,A - IPC Crime,"KIDNAPPING AND ABDUCTION (Sec.360, 361, 363 to 369 IPC/137(1)(A),137(1)(B),137(2),140 TO 142,97 BNS)",Recovering Loan,1,0,1,0,2025-04,-1,-100.0
117,A - IPC Crime,"KIDNAPPING AND ABDUCTION (Sec.360, 361, 363 to 369 IPC/137(1)(A),137(1)(B),137(2),140 TO 142,97 BNS)",Settling any Disputes,3,0,1,1,2025-04,0,0.0
118,A - IPC Crime,"KIDNAPPING AND ABDUCTION (Sec.360, 361, 363 to 369 IPC/137(1)(A),137(1)(B),137(2),140 TO 142,97 BNS)",Unnatural Lust / Illicit Intercourse,0,0,0,0,2025-04,0,0.0
119,A - IPC Crime,"KIDNAPPING AND ABDUCTION (Sec.360, 361, 363 to 369 IPC/137(1)(A),137(1)(B),137(2),140 TO 142,97 BNS)",Wrongful Confinement,3,1,1,1,2025-04,0,0.0
120,A - IPC Crime,"KIDNAPPING AND ABDUCTION (Sec.360, 361, 363 to 369 IPC/137(1)(A),137(1)(B),137(2),140 TO 142,97 BNS)",For Exporting,0,0,0,0,2025-04,0,0.0
121,A - IPC Crime,"KIDNAPPING AND ABDUCTION (Sec.360, 361, 363 to 369 IPC/137(1)(A),137(1)(B),137(2),140 TO 142,97 BNS)",From Lawful Guardianship,1,0,1,0,2025-04,-1,-100.0
122,A - IPC Crime,"KIDNAPPING AND ABDUCTION (Sec.360, 361, 363 to 369 IPC/137(1)(A),137(1)(B),137(2),140 TO 142,97 BNS)",For Camel Racing Etc.,0,0,0,0,2025-04,0,0.0
123,A - IPC Crime,"KIDNAPPING AND ABDUCTION (Sec.360, 361, 363 to 369 IPC/137(1)(A),137(1)(B),137(2),140 TO 142,97 BNS)",To Compel For Marriage,3,1,2,1,2025-04,-1,-50.0
124,A - IPC Crime,"KIDNAPPING AND ABDUCTION (Sec.360, 361, 363 to 369 IPC/137(1)(A),137(1)(B),137(2),140 TO 142,97 BNS)",For Slavery,0,0,0,0,2025-04,0,0.0
125,A - IPC Crime,"KIDNAPPING AND ABDUCTION (Sec.360, 361, 363 to 369 IPC/137(1)(A),137(1)(B),137(2),140 TO 142,97 BNS)",For Stealing From its Person,1,0,0,1,2025-04,1,100.0
126,A - IPC Crime,"KIDNAPPING AND ABDUCTION (Sec.360, 361, 363 to 369 IPC/137(1)(A),137(1)(B),137(2),140 TO 142,97 BNS)",Others,151,42,41,38,2025-04,-3,-7.317073170731707
127,A - IPC Crime,"DACOITY (Sec. 395 to 398 IPC/310(2),310(4),311,312 BNS)",At ATM,0,0,0,0,2025-04,0,0.0
128,A - IPC Crime,"DACOITY (Sec. 395 to 398 IPC/310(2),310(4),311,312 BNS)",At Residential Premises,11,1,2,2,2025-04,0,0.0
129,A - IPC Crime,"DACOITY (Sec. 395 to 398 IPC/310(2),310(4),311,312 BNS)",On Highways,7,3,1,2,2025-04,1,100.0
130,A - IPC Crime,"DACOITY (Sec. 395 to 398 IPC/310(2),310(4),311,312 BNS)",In Trains,1,0,0,0,2025-04,0,0.0
131,A - IPC Crime,"DACOITY (Sec. 395 to 398 IPC/310(2),310(4),311,312 BNS)",At Banks,1,0,0,0,2025-04,0,0.0
132,A - IPC Crime,"DACOITY (Sec. 395 to 398 IPC/310(2),310(4),311,312 BNS)",At Commercial Places / Establishments,4,0,2,1,2025-04,-1,-50.0
133,A - IPC Crime,"DACOITY (Sec. 395 to 398 IPC/310(2),310(4),311,312 BNS)",On Other Roads,13,1,4,1,2025-04,-3,-75.0
134,A - IPC Crime,"DACOITY (Sec. 395 to 398 IPC/310(2),310(4),311,312 BNS)",In Other Places,10,5,5,2,2025-04,-3,-60.0
135,A - IPC Crime,"DACOITY (Sec. 395 to 398 IPC/310(2),310(4),311,312 BNS)",River & Sea,0,0,0,0,2025-04,0,0.0
136,A - IPC Crime,"DACOITY (Sec. 395 to 398 IPC/310(2),310(4),311,312 BNS)",Preparation And Assembly for Dacoity,23,6,2,7,2025-04,5,250.0
137,A - IPC Crime,"Robbery (Sec.392 to 394 IPC/309(4),309(5),309(6) BNS)",At ATM,0,0,0,0,2025-04,0,0.0
138,A - IPC Crime,"Robbery (Sec.392 to 394 IPC/309(4),309(5),309(6) BNS)",At Residential Premises,44,17,12,11,2025-04,-1,-8.333333333333332
139,A - IPC Crime,"Robbery (Sec.392 to 394 IPC/309(4),309(5),309(6) BNS)",On Highways,24,4,6,7,2025-04,1,16.666666666666664
140,A - IPC Crime,"Robbery (Sec.392 to 394 IPC/309(4),309(5),309(6) BNS)",In Trains,2,0,0,1,2025-04,1,100.0
141,A - IPC Crime,"Robbery (Sec.392 to 394 IPC/309(4),309(5),309(6) BNS)",At Banks,0,0,0,0,2025-04,0,0.0
142,A - IPC Crime,"Robbery (Sec.392 to 394 IPC/309(4),309(5),309(6) BNS)",At Commercial Places / Establishments,12,5,3,5,2025-04,2,66.66666666666666
143,A - IPC Crime,"Robbery (Sec.392 to 394 IPC/309(4),309(5),309(6) BNS)",In Other Places,98,64,26,21,2025-04,-5,-19.230769230769234
144,A - IPC Crime,"Robbery (Sec.392 to 394 IPC/309(4),309(5),309(6) BNS)",Chain Snatching,156,54,41,38,2025-04,-3,-7.317073170731707
145,A - IPC Crime,"Robbery (Sec.392 to 394 IPC/309(4),309(5),309(6) BNS)",Attempt to Commit,12,6,3,1,2025-04,-2,-66.66666666666666
146,A - IPC Crime,"BURGLARY - NIGHT (Sec. 380 IPC R/W 453 TO 460, 462 IPC/305,R/W 331(1) TO 331(8),334(2) BNS)",At Residential Premises,782,212,163,214,2025-04,51,31.28834355828221
147,A - IPC Crime,"BURGLARY - NIGHT (Sec. 380 IPC R/W 453 TO 460, 462 IPC/305,R/W 331(1) TO 331(8),334(2) BNS)",On Highways,1,1,0,0,2025-04,0,0.0
148,A - IPC Crime,"BURGLARY - NIGHT (Sec. 380 IPC R/W 453 TO 460, 462 IPC/305,R/W 331(1) TO 331(8),334(2) BNS)",In Trains,0,0,0,0,2025-04,0,0.0
149,A - IPC Crime,"BURGLARY - NIGHT (Sec. 380 IPC R/W 453 TO 460, 462 IPC/305,R/W 331(1) TO 331(8),334(2) BNS)",At Banks,7,2,1,2,2025-04,1,100.0
150,A - IPC Crime,"BURGLARY - NIGHT (Sec. 380 IPC R/W 453 TO 460, 462 IPC/305,R/W 331(1) TO 331(8),334(2) BNS)",At Commercial Places / Establishments,192,50,52,35,2025-04,-17,-32.69230769230769
151,A - IPC Crime,"BURGLARY - NIGHT (Sec. 380 IPC R/W 453 TO 460, 462 IPC/305,R/W 331(1) TO 331(8),334(2) BNS)",In Other Places,169,38,55,39,2025-04,-16,-29.09090909090909
152,A - IPC Crime,"BURGLARY - NIGHT (Sec. 380 IPC R/W 453 TO 460, 462 IPC/305,R/W 331(1) TO 331(8),334(2) BNS)",Temple Theft,82,22,20,23,2025-04,3,15.0
153,A - IPC Crime,"BURGLARY - DAY (Sec. 380 IPC R/W 453 TO 460, 462 IPC/305,R/W 331(1) TO 331(8), 334(2) BNS)",At Residential Premises,318,60,75,87,2025-04,12,16.0
154,A - IPC Crime,"BURGLARY - DAY (Sec. 380 IPC R/W 453 TO 460, 462 IPC/305,R/W 331(1) TO 331(8), 334(2) BNS)",On Highways,0,0,0,0,2025-04,0,0.0
155,A - IPC Crime,"BURGLARY - DAY (Sec. 380 IPC R/W 453 TO 460, 462 IPC/305,R/W 331(1) TO 331(8), 334(2) BNS)",In Trains,0,0,0,0,2025-04,0,0.0
156,A - IPC Crime,"BURGLARY - DAY (Sec. 380 IPC R/W 453 TO 460, 462 IPC/305,R/W 331(1) TO 331(8), 334(2) BNS)",At Banks,0,0,0,0,2025-04,0,0.0
157,A - IPC Crime,"BURGLARY - DAY (Sec. 380 IPC R/W 453 TO 460, 462 IPC/305,R/W 331(1) TO 331(8), 334(2) BNS)",At Commercial Places / Establishments,9,3,4,1,2025-04,-3,-75.0
158,A - IPC Crime,"BURGLARY - DAY (Sec. 380 IPC R/W 453 TO 460, 462 IPC/305,R/W 331(1) TO 331(8), 334(2) BNS)",In Other Places,9,8,1,3,2025-04,2,200.0
159,A - IPC Crime,"BURGLARY - DAY (Sec. 380 IPC R/W 453 TO 460, 462 IPC/305,R/W 331(1) TO 331(8), 334(2) BNS)",Temple Theft,3,2,1,0,2025-04,-1,-100.0
160,A - IPC Crime,THEFT (Sec.379 to 389 IPC/303(2) TO 308(7) BNS),Attempt to commit,16,3,5,1,2025-04,-4,-80.0
161,A - IPC Crime,THEFT (Sec.379 to 389 IPC/303(2) TO 308(7) BNS),Of Automobiles - Of Tractors,35,6,12,5,2025-04,-7,-58.333333333333336
162,A - IPC Crime,THEFT (Sec.379 to 389 IPC/303(2) TO 308(7) BNS),In Running Bus,44,0,11,13,2025-04,2,18.181818181818183
163,A - IPC Crime,THEFT (Sec.379 to 389 IPC/303(2) TO 308(7) BNS),Of Snatching,207,0,70,61,2025-04,-9,-12.857142857142856
164,A - IPC Crime,THEFT (Sec.379 to 389 IPC/303(2) TO 308(7) BNS),At ATM,10,0,2,3,2025-04,1,50.0
165,A - IPC Crime,THEFT (Sec.379 to 389 IPC/303(2) TO 308(7) BNS),Of Sand,531,110,146,147,2025-04,1,0.684931506849315
166,A - IPC Crime,THEFT (Sec.379 to 389 IPC/303(2) TO 308(7) BNS),Government Office,11,0,6,2,2025-04,-4,-66.66666666666666
167,A - IPC Crime,THEFT (Sec.379 to 389 IPC/303(2) TO 308(7) BNS),Of Mines,24,2,2,11,2025-04,9,450.0
168,A - IPC Crime,THEFT (Sec.379 to 389 IPC/303(2) TO 308(7) BNS),Communication And Elec. Wire,91,14,22,21,2025-04,-1,-4.545454545454546
169,A - IPC Crime,THEFT (Sec.379 to 389 IPC/303(2) TO 308(7) BNS),Of Cattle,187,31,48,50,2025-04,2,4.166666666666666
170,A - IPC Crime,THEFT (Sec.379 to 389 IPC/303(2) TO 308(7) BNS),Of Cycle,18,18,3,4,2025-04,1,33.33333333333333
171,A - IPC Crime,THEFT (Sec.379 to 389 IPC/303(2) TO 308(7) BNS),Of Automobiles - Of Lorries/Trucks,42,5,14,10,2025-04,-4,-28.57142857142857
172,A - IPC Crime,THEFT (Sec.379 to 389 IPC/303(2) TO 308(7) BNS),Of Automobiles - Of Buses,1,0,0,0,2025-04,0,0.0
173,A - IPC Crime,THEFT (Sec.379 to 389 IPC/303(2) TO 308(7) BNS),Of Automobiles - Of Cars / Jeeps,72,11,15,16,2025-04,1,6.666666666666667
174,A - IPC Crime,THEFT (Sec.379 to 389 IPC/303(2) TO 308(7) BNS),Of Automobiles - Of Two Wheelers ,3055,833,781,760,2025-04,-21,-2.6888604353393086
175,A - IPC Crime,THEFT (Sec.379 to 389 IPC/303(2) TO 308(7) BNS),Of Automobies - of Three Wheelers,81,13,10,22,2025-04,12,120.0
176,A - IPC Crime,THEFT (Sec.379 to 389 IPC/303(2) TO 308(7) BNS),Of Accessories of Motor Vehicle,90,29,16,22,2025-04,6,37.5
177,A - IPC Crime,THEFT (Sec.379 to 389 IPC/303(2) TO 308(7) BNS),Govt. Vehicle,1,1,1,0,2025-04,-1,-100.0
178,A - IPC Crime,THEFT (Sec.379 to 389 IPC/303(2) TO 308(7) BNS),"Electronic Goods (Radio, TV, VCR, Acs, Office Automation Equipments)",333,109,88,86,2025-04,-2,-2.272727272727273
179,A - IPC Crime,THEFT (Sec.379 to 389 IPC/303(2) TO 308(7) BNS),Of Fire Arms,3,1,2,0,2025-04,-2,-100.0
180,A - IPC Crime,THEFT (Sec.379 to 389 IPC/303(2) TO 308(7) BNS),Of Explosives,0,0,0,0,2025-04,0,0.0
181,A - IPC Crime,THEFT (Sec.379 to 389 IPC/303(2) TO 308(7) BNS),Of Cultural - Idols,2,0,0,2,2025-04,2,200.0
182,A - IPC Crime,THEFT (Sec.379 to 389 IPC/303(2) TO 308(7) BNS),Of Cultural - Painting,0,0,0,0,2025-04,0,0.0
183,A - IPC Crime,THEFT (Sec.379 to 389 IPC/303(2) TO 308(7) BNS),Of Cultrual - Others,77,22,17,19,2025-04,2,11.76470588235294
184,A - IPC Crime,THEFT (Sec.379 to 389 IPC/303(2) TO 308(7) BNS),Cash,174,42,44,47,2025-04,3,6.8181818181818175
185,A - IPC Crime,THEFT (Sec.379 to 389 IPC/303(2) TO 308(7) BNS),Jewellery,555,166,129,142,2025-04,13,10.077519379844961
186,A - IPC Crime,THEFT (Sec.379 to 389 IPC/303(2) TO 308(7) BNS),Other Items Not Included Above,579,116,149,131,2025-04,-18,-12.080536912751679
187,A - IPC Crime,THEFT (Sec.379 to 389 IPC/303(2) TO 308(7) BNS),In Running Train,21,3,7,6,2025-04,-1,-14.285714285714285
188,A - IPC Crime,THEFT (Sec.379 to 389 IPC/303(2) TO 308(7) BNS),Extortion,90,21,20,17,2025-04,-3,-15.0
189,A - IPC Crime,THEFT (Sec.379 to 389 IPC/303(2) TO 308(7) BNS),House Theft,582,172,157,148,2025-04,-9,-5.7324840764331215
190,A - IPC Crime,THEFT (Sec.379 to 389 IPC/303(2) TO 308(7) BNS),Servant Theft,143,32,39,36,2025-04,-3,-7.6923076923076925
191,A - IPC Crime,"RIOTS (Sec.141 to 153 IPC/189(1) TO 189(6),191(1)TO 191(3), 190,192,195 BNS))",Land Dispute,324,70,74,97,2025-04,23,31.08108108108108
192,A - IPC Crime,"RIOTS (Sec.141 to 153 IPC/189(1) TO 189(6),191(1)TO 191(3), 190,192,195 BNS))",Employee - Govt.,0,0,0,0,2025-04,0,0.0
193,A - IPC Crime,"RIOTS (Sec.141 to 153 IPC/189(1) TO 189(6),191(1)TO 191(3), 190,192,195 BNS))",Labour - Private Sector,0,0,0,0,2025-04,0,0.0
194,A - IPC Crime,"RIOTS (Sec.141 to 153 IPC/189(1) TO 189(6),191(1)TO 191(3), 190,192,195 BNS))",Labour - Public Sector,0,0,0,0,2025-04,0,0.0
195,A - IPC Crime,"RIOTS (Sec.141 to 153 IPC/189(1) TO 189(6),191(1)TO 191(3), 190,192,195 BNS))",Linguistic,0,0,0,0,2025-04,0,0.0
196,A - IPC Crime,"RIOTS (Sec.141 to 153 IPC/189(1) TO 189(6),191(1)TO 191(3), 190,192,195 BNS))",Political ,3,2,2,1,2025-04,-1,-50.0
197,A - IPC Crime,"RIOTS (Sec.141 to 153 IPC/189(1) TO 189(6),191(1)TO 191(3), 190,192,195 BNS))",Regional,2,2,0,2,2025-04,2,200.0
198,A - IPC Crime,"RIOTS (Sec.141 to 153 IPC/189(1) TO 189(6),191(1)TO 191(3), 190,192,195 BNS))",Sectarian,0,0,0,0,2025-04,0,0.0
199,A - IPC Crime,"RIOTS (Sec.141 to 153 IPC/189(1) TO 189(6),191(1)TO 191(3), 190,192,195 BNS))",Students,1,0,1,0,2025-04,-1,-100.0
200,A - IPC Crime,"RIOTS (Sec.141 to 153 IPC/189(1) TO 189(6),191(1)TO 191(3), 190,192,195 BNS))",Tribal,0,0,0,0,2025-04,0,0.0
201,A - IPC Crime,"RIOTS (Sec.141 to 153 IPC/189(1) TO 189(6),191(1)TO 191(3), 190,192,195 BNS))",Due to Village Disputes,6,5,4,1,2025-04,-3,-75.0
202,A - IPC Crime,"RIOTS (Sec.141 to 153 IPC/189(1) TO 189(6),191(1)TO 191(3), 190,192,195 BNS))",Communal,2,0,0,1,2025-04,1,100.0
203,A - IPC Crime,"RIOTS (Sec.141 to 153 IPC/189(1) TO 189(6),191(1)TO 191(3), 190,192,195 BNS))",Industrial,2,0,0,2,2025-04,2,200.0
204,A - IPC Crime,"RIOTS (Sec.141 to 153 IPC/189(1) TO 189(6),191(1)TO 191(3), 190,192,195 BNS))",Caste,2,1,1,0,2025-04,-1,-100.0
205,A - IPC Crime,"RIOTS (Sec.141 to 153 IPC/189(1) TO 189(6),191(1)TO 191(3), 190,192,195 BNS))",Agrarian,0,1,0,0,2025-04,0,0.0
206,A - IPC Crime,"RIOTS (Sec.141 to 153 IPC/189(1) TO 189(6),191(1)TO 191(3), 190,192,195 BNS))",Others,784,259,212,191,2025-04,-21,-9.90566037735849
207,A - IPC Crime,"OFFENCES AGAINST STATE (Sec. 121 to 130, except 124(A) IPC/147 TO 158 BNS)",ALL / NOT SPECIFIED,0,0,0,0,2025-04,0,0.0
208,A - IPC Crime,"OFFENCES PROMOTING ENEMITY (Sec. 153(A), 154(B) & 505 IPC/196, 197 & 353 BNS",ALL / NOT SPECIFIED,40,7,17,14,2025-04,-3,-17.647058823529413
209,A - IPC Crime,CRIMINAL BREACH OF TRUST (Sec. 406 to 409 IPC/316(2) to 316(5) BNS),ALL / NOT SPECIFIED,222,33,62,48,2025-04,-14,-22.58064516129032
210,A - IPC Crime,"CHEATING (Sec.417 to 420 IPC/318(2)to 318(4), 319(2) BNS)",ALL / NOT SPECIFIED,1946,413,518,458,2025-04,-60,-11.583011583011583
211,A - IPC Crime,"COUNTERFEITING (Sec. 231 to 263 (A), 489(A) to 489 (E) IPC/178 TO 185 BNS)","Stock Share, Debentrue Certificate",0,0,0,0,2025-04,0,0.0
212,A - IPC Crime,"COUNTERFEITING (Sec. 231 to 263 (A), 489(A) to 489 (E) IPC/178 TO 185 BNS)",Usage of Counterfeit Stamp,0,0,0,0,2025-04,0,0.0
213,A - IPC Crime,"COUNTERFEITING (Sec. 231 to 263 (A), 489(A) to 489 (E) IPC/178 TO 185 BNS)",Of Coins (Sec 231 to 254 IPC),0,0,0,0,2025-04,0,0.0
214,A - IPC Crime,"COUNTERFEITING (Sec. 231 to 263 (A), 489(A) to 489 (E) IPC/178 TO 185 BNS)",Of Stamps (Sec.255 to 263(A) IPC),0,0,0,0,2025-04,0,0.0
215,A - IPC Crime,"COUNTERFEITING (Sec. 231 to 263 (A), 489(A) to 489 (E) IPC/178 TO 185 BNS)",Of Currency Notes And Bank Notes (Sec. 489 (A) to 489 (E) IPC),8,5,1,3,2025-04,2,200.0
216,A - IPC Crime,"COUNTERFEITING (Sec. 231 to 263 (A), 489(A) to 489 (E) IPC/178 TO 185 BNS)",Of Others,0,0,0,0,2025-04,0,0.0
217,A - IPC Crime,"FORGERY (Sec. 465, 468, 471, 473, 476, 477 & 477(A) IPC/336(2),336(3),340(2),341(2),342(2),343,
344 BNS)",Forgery  ,147,25,41,33,2025-04,-8,-19.51219512195122
218,A - IPC Crime,"FORGERY (Sec. 465, 468, 471, 473, 476, 477 & 477(A) IPC/336(2),336(3),340(2),341(2),342(2),343,
344 BNS)",Organised (Racket),0,0,0,0,2025-04,0,0.0
219,A - IPC Crime,"FORGERY (Sec. 465, 468, 471, 473, 476, 477 & 477(A) IPC/336(2),336(3),340(2),341(2),342(2),343,
344 BNS)",Forgery of Passport,0,0,0,0,2025-04,0,0.0
220,A - IPC Crime,"FORGERY (Sec. 465, 468, 471, 473, 476, 477 & 477(A) IPC/336(2),336(3),340(2),341(2),342(2),343,
344 BNS)",Other Forgery,61,12,18,8,2025-04,-10,-55.55555555555556
221,A - IPC Crime,"CASES OF HURT (Sec. 323 to 335 IPC except 328, 332, 333/115(2) TO 122(2) EXCEPT 121(1),121(2) BNS)",Acid Attack (326(a)),5,0,2,1,2025-04,-1,-50.0
222,A - IPC Crime,"CASES OF HURT (Sec. 323 to 335 IPC except 328, 332, 333/115(2) TO 122(2) EXCEPT 121(1),121(2) BNS)",Attempt to Acid Attack (326(b)),0,0,0,0,2025-04,0,0.0
223,A - IPC Crime,"CASES OF HURT (Sec. 323 to 335 IPC except 328, 332, 333/115(2) TO 122(2) EXCEPT 121(1),121(2) BNS)",Grievous Hurt,387,113,105,111,2025-04,6,5.714285714285714
224,A - IPC Crime,"CASES OF HURT (Sec. 323 to 335 IPC except 328, 332, 333/115(2) TO 122(2) EXCEPT 121(1),121(2) BNS)",Simple Hurt,5220,1535,1473,1416,2025-04,-57,-3.8696537678207736
225,A - IPC Crime,"CASES OF HURT (Sec. 323 to 335 IPC except 328, 332, 333/115(2) TO 122(2) EXCEPT 121(1),121(2) BNS)",Custodial,0,0,0,0,2025-04,0,0.0
226,A - IPC Crime,"ADULTERATION (Sec. 272, 273 to 276 IPC/274,275 TO 278 BNS)",Attempt to Commit,0,0,0,0,2025-04,0,0.0
227,A - IPC Crime,"ADULTERATION (Sec. 272, 273 to 276 IPC/274,275 TO 278 BNS)",Alcoholic Drink (Liquor),3,0,1,0,2025-04,-1,-100.0
228,A - IPC Crime,"ADULTERATION (Sec. 272, 273 to 276 IPC/274,275 TO 278 BNS)",Cement & Chemical/Fertiliser,0,0,0,0,2025-04,0,0.0
229,A - IPC Crime,"ADULTERATION (Sec. 272, 273 to 276 IPC/274,275 TO 278 BNS)",Cosmetics,0,0,0,0,2025-04,0,0.0
230,A - IPC Crime,"ADULTERATION (Sec. 272, 273 to 276 IPC/274,275 TO 278 BNS)",Diesel,0,0,0,0,2025-04,0,0.0
231,A - IPC Crime,"ADULTERATION (Sec. 272, 273 to 276 IPC/274,275 TO 278 BNS)",Drug/Medicine,1,0,1,0,2025-04,-1,-100.0
232,A - IPC Crime,"ADULTERATION (Sec. 272, 273 to 276 IPC/274,275 TO 278 BNS)",Edible Oil,0,0,0,0,2025-04,0,0.0
233,A - IPC Crime,"ADULTERATION (Sec. 272, 273 to 276 IPC/274,275 TO 278 BNS)",Food Grain,1,0,0,0,2025-04,0,0.0
234,A - IPC Crime,"ADULTERATION (Sec. 272, 273 to 276 IPC/274,275 TO 278 BNS)",Kerosene,0,0,0,0,2025-04,0,0.0
235,A - IPC Crime,"ADULTERATION (Sec. 272, 273 to 276 IPC/274,275 TO 278 BNS)",Life Saving Drug,0,0,0,0,2025-04,0,0.0
236,A - IPC Crime,"ADULTERATION (Sec. 272, 273 to 276 IPC/274,275 TO 278 BNS)",Mobile Oil,0,0,0,0,2025-04,0,0.0
237,A - IPC Crime,"ADULTERATION (Sec. 272, 273 to 276 IPC/274,275 TO 278 BNS)",Petrol,0,0,0,0,2025-04,0,0.0
238,A - IPC Crime,"ADULTERATION (Sec. 272, 273 to 276 IPC/274,275 TO 278 BNS)",Petroleum Product,0,0,0,0,2025-04,0,0.0
239,A - IPC Crime,"ADULTERATION (Sec. 272, 273 to 276 IPC/274,275 TO 278 BNS)",Soft Drinks,0,0,0,0,2025-04,0,0.0
240,A - IPC Crime,"ADULTERATION (Sec. 272, 273 to 276 IPC/274,275 TO 278 BNS)",Spices,0,0,0,0,2025-04,0,0.0
241,A - IPC Crime,"ADULTERATION (Sec. 272, 273 to 276 IPC/274,275 TO 278 BNS)",Others,4,2,2,0,2025-04,-2,-100.0
242,A - IPC Crime,AFFRAY (Sec. 160 IPC/194(2) BNS),ALL / NOT SPECIFIED,241,43,89,66,2025-04,-23,-25.842696629213485
243,A - IPC Crime,"ARSON (Sec. 435, 436, 438 IPC/326(f),326(g),327(g) BNS)",Agricultural Produce,24,6,3,4,2025-04,1,33.33333333333333
244,A - IPC Crime,"ARSON (Sec. 435, 436, 438 IPC/326(f),326(g),327(g) BNS)",Attemp to Commit,0,0,0,0,2025-04,0,0.0
245,A - IPC Crime,"ARSON (Sec. 435, 436, 438 IPC/326(f),326(g),327(g) BNS)",Boat / Ship,0,0,0,0,2025-04,0,0.0
246,A - IPC Crime,"ARSON (Sec. 435, 436, 438 IPC/326(f),326(g),327(g) BNS)",Dwelling House,4,1,1,1,2025-04,0,0.0
247,A - IPC Crime,"ARSON (Sec. 435, 436, 438 IPC/326(f),326(g),327(g) BNS)",Educational Institution,0,0,0,0,2025-04,0,0.0
248,A - IPC Crime,"ARSON (Sec. 435, 436, 438 IPC/326(f),326(g),327(g) BNS)",Govt. Property,3,1,2,0,2025-04,-2,-100.0
249,A - IPC Crime,"ARSON (Sec. 435, 436, 438 IPC/326(f),326(g),327(g) BNS)",Industrial Establishment,0,0,0,0,2025-04,0,0.0
250,A - IPC Crime,"ARSON (Sec. 435, 436, 438 IPC/326(f),326(g),327(g) BNS)",Place of worship,1,0,1,0,2025-04,-1,-100.0
251,A - IPC Crime,"ARSON (Sec. 435, 436, 438 IPC/326(f),326(g),327(g) BNS)",Public Place,2,1,0,0,2025-04,0,0.0
252,A - IPC Crime,"ARSON (Sec. 435, 436, 438 IPC/326(f),326(g),327(g) BNS)",Railway Property,0,0,0,0,2025-04,0,0.0
253,A - IPC Crime,"ARSON (Sec. 435, 436, 438 IPC/326(f),326(g),327(g) BNS)",Vital Installation,0,0,0,0,2025-04,0,0.0
254,A - IPC Crime,"ARSON (Sec. 435, 436, 438 IPC/326(f),326(g),327(g) BNS)",Warehouse (Godown),2,1,1,0,2025-04,-1,-100.0
255,A - IPC Crime,"ARSON (Sec. 435, 436, 438 IPC/326(f),326(g),327(g) BNS)",Others,45,14,11,10,2025-04,-1,-9.090909090909092
256,A - IPC Crime,"ASSAULT (Sec 356, 357 IPC/134,135 BNS)",Attempt To Commit,2,0,0,0,2025-04,0,0.0
257,A - IPC Crime,"ASSAULT (Sec 356, 357 IPC/134,135 BNS)",On Contractor,0,0,0,0,2025-04,0,0.0
258,A - IPC Crime,"ASSAULT (Sec 356, 357 IPC/134,135 BNS)",On Domestic Servant,0,0,0,0,2025-04,0,0.0
259,A - IPC Crime,"ASSAULT (Sec 356, 357 IPC/134,135 BNS)",On Labourer,1,0,1,0,2025-04,-1,-100.0
260,A - IPC Crime,"ASSAULT (Sec 356, 357 IPC/134,135 BNS)",On Man (General),4,2,1,0,2025-04,-1,-100.0
261,A - IPC Crime,"ASSAULT (Sec 356, 357 IPC/134,135 BNS)",On Man (SC),0,0,0,0,2025-04,0,0.0
262,A - IPC Crime,"ASSAULT (Sec 356, 357 IPC/134,135 BNS)",On Man (ST),0,0,0,0,2025-04,0,0.0
263,A - IPC Crime,"ASSAULT (Sec 356, 357 IPC/134,135 BNS)",On Manager/Executive (Other Than Public Servant),0,0,0,0,2025-04,0,0.0
264,A - IPC Crime,"ASSAULT (Sec 356, 357 IPC/134,135 BNS)","On Member of Clergy (Christian, Budhist, Jain, Sikh)",0,0,0,0,2025-04,0,0.0
265,A - IPC Crime,"ASSAULT (Sec 356, 357 IPC/134,135 BNS)",Member of Legislative Assembly / Council (MLA/MLC),0,0,0,0,2025-04,0,0.0
266,A - IPC Crime,"ASSAULT (Sec 356, 357 IPC/134,135 BNS)",On Member of Parliament (MP),0,0,0,0,2025-04,0,0.0
267,A - IPC Crime,"ASSAULT (Sec 356, 357 IPC/134,135 BNS)",On other Dignitaries /Public Figures,0,0,0,0,2025-04,0,0.0
268,A - IPC Crime,"ASSAULT (Sec 356, 357 IPC/134,135 BNS)",On Press,0,0,0,0,2025-04,0,0.0
269,A - IPC Crime,"ASSAULT (Sec 356, 357 IPC/134,135 BNS)",On Professional ,0,1,0,0,2025-04,0,0.0
270,A - IPC Crime,"ASSAULT (Sec 356, 357 IPC/134,135 BNS)",On Public Servant,0,0,0,0,2025-04,0,0.0
271,A - IPC Crime,"ASSAULT (Sec 356, 357 IPC/134,135 BNS)",On Student,0,0,0,0,2025-04,0,0.0
272,A - IPC Crime,"ASSAULT (Sec 356, 357 IPC/134,135 BNS)",On Teacher,0,0,0,0,2025-04,0,0.0
273,A - IPC Crime,"ASSAULT (Sec 356, 357 IPC/134,135 BNS)",On Women (General),0,0,0,0,2025-04,0,0.0
274,A - IPC Crime,"ASSAULT (Sec 356, 357 IPC/134,135 BNS)",On Woman (SC),0,0,0,0,2025-04,0,0.0
275,A - IPC Crime,"ASSAULT (Sec 356, 357 IPC/134,135 BNS)",On Woman (ST),0,0,0,0,2025-04,0,0.0
276,A - IPC Crime,COMMUNAL / RELIGION (Sec. 295 to 297 IPC/298 TO 301 BNS),Attempt to Commit,1,0,1,0,2025-04,-1,-100.0
277,A - IPC Crime,COMMUNAL / RELIGION (Sec. 295 to 297 IPC/298 TO 301 BNS),Caste Issue,2,2,0,0,2025-04,0,0.0
278,A - IPC Crime,COMMUNAL / RELIGION (Sec. 295 to 297 IPC/298 TO 301 BNS),Communal Issue,15,7,5,5,2025-04,0,0.0
279,A - IPC Crime,COMMUNAL / RELIGION (Sec. 295 to 297 IPC/298 TO 301 BNS),Linguistic Issue,0,0,0,0,2025-04,0,0.0
280,A - IPC Crime,COMMUNAL / RELIGION (Sec. 295 to 297 IPC/298 TO 301 BNS),Political Issue,0,6,0,0,2025-04,0,0.0
281,A - IPC Crime,COMMUNAL / RELIGION (Sec. 295 to 297 IPC/298 TO 301 BNS),Racial/Ethnic Issue,0,0,0,0,2025-04,0,0.0
282,A - IPC Crime,COMMUNAL / RELIGION (Sec. 295 to 297 IPC/298 TO 301 BNS),Regional Issue,7,2,1,1,2025-04,0,0.0
283,A - IPC Crime,COMMUNAL / RELIGION (Sec. 295 to 297 IPC/298 TO 301 BNS),Religious Issue,40,9,10,13,2025-04,3,30.0
284,A - IPC Crime,COMMUNAL / RELIGION (Sec. 295 to 297 IPC/298 TO 301 BNS),Sectarian Issue,0,0,0,0,2025-04,0,0.0
285,A - IPC Crime,COMMUNAL / RELIGION (Sec. 295 to 297 IPC/298 TO 301 BNS),Others,27,14,4,10,2025-04,6,150.0
286,A - IPC Crime,"CRIMINAL CONSPIRACY (Sec. 120(B), 121(A) IPC/61(2),148 BNS)",Conspiracy To Wage War,0,0,0,0,2025-04,0,0.0
287,A - IPC Crime,"CRIMINAL CONSPIRACY (Sec. 120(B), 121(A) IPC/61(2),148 BNS)",Related to Substantive Offence,0,1,0,0,2025-04,0,0.0
288,A - IPC Crime,"CRIMINAL CONSPIRACY (Sec. 120(B), 121(A) IPC/61(2),148 BNS)",Others,8,2,2,2,2025-04,0,0.0
289,A - IPC Crime,CRIMINAL INTIMIDATION (Sec. 504 to 508 IPC/352 TO 354 BNS),ALL / NOT SPECIFIED,993,196,251,245,2025-04,-6,-2.3904382470119523
290,A - IPC Crime,"CRIMINAL MISAPPROPRIATION (Sec. 403, 404 IPC/314,315 BNS)",Attempt to Commit,0,0,0,0,2025-04,0,0.0
291,A - IPC Crime,"CRIMINAL MISAPPROPRIATION (Sec. 403, 404 IPC/314,315 BNS)",Bank,0,1,0,0,2025-04,0,0.0
292,A - IPC Crime,"CRIMINAL MISAPPROPRIATION (Sec. 403, 404 IPC/314,315 BNS)",Business Establishment,1,0,0,0,2025-04,0,0.0
293,A - IPC Crime,"CRIMINAL MISAPPROPRIATION (Sec. 403, 404 IPC/314,315 BNS)",Charitable Organisation,0,0,0,0,2025-04,0,0.0
294,A - IPC Crime,"CRIMINAL MISAPPROPRIATION (Sec. 403, 404 IPC/314,315 BNS)",Chitfund Organisation,0,0,0,0,2025-04,0,0.0
295,A - IPC Crime,"CRIMINAL MISAPPROPRIATION (Sec. 403, 404 IPC/314,315 BNS)",Co-operative Organisation,2,0,2,0,2025-04,-2,-100.0
296,A - IPC Crime,"CRIMINAL MISAPPROPRIATION (Sec. 403, 404 IPC/314,315 BNS)",Commercial Establishment/Shop,0,0,0,0,2025-04,0,0.0
297,A - IPC Crime,"CRIMINAL MISAPPROPRIATION (Sec. 403, 404 IPC/314,315 BNS)",Customs Department,0,0,0,0,2025-04,0,0.0
298,A - IPC Crime,"CRIMINAL MISAPPROPRIATION (Sec. 403, 404 IPC/314,315 BNS)",Excise Department,0,0,0,0,2025-04,0,0.0
299,A - IPC Crime,"CRIMINAL MISAPPROPRIATION (Sec. 403, 404 IPC/314,315 BNS)",Financial Institution,0,0,0,0,2025-04,0,0.0
300,A - IPC Crime,"CRIMINAL MISAPPROPRIATION (Sec. 403, 404 IPC/314,315 BNS)",Income Tax Department,0,0,0,0,2025-04,0,0.0
301,A - IPC Crime,"CRIMINAL MISAPPROPRIATION (Sec. 403, 404 IPC/314,315 BNS)",Other Government Organisation,1,0,1,0,2025-04,-1,-100.0
302,A - IPC Crime,"CRIMINAL MISAPPROPRIATION (Sec. 403, 404 IPC/314,315 BNS)",Postal Department,0,0,0,0,2025-04,0,0.0
303,A - IPC Crime,"CRIMINAL MISAPPROPRIATION (Sec. 403, 404 IPC/314,315 BNS)",Public Sector Undertakings,0,0,0,0,2025-04,0,0.0
304,A - IPC Crime,"CRIMINAL MISAPPROPRIATION (Sec. 403, 404 IPC/314,315 BNS)",Railway Department,0,0,0,0,2025-04,0,0.0
305,A - IPC Crime,"CRIMINAL MISAPPROPRIATION (Sec. 403, 404 IPC/314,315 BNS)",Revenue Department,0,0,0,0,2025-04,0,0.0
306,A - IPC Crime,"CRIMINAL MISAPPROPRIATION (Sec. 403, 404 IPC/314,315 BNS)",Sales Tax Department,0,0,0,0,2025-04,0,0.0
307,A - IPC Crime,"CRIMINAL MISAPPROPRIATION (Sec. 403, 404 IPC/314,315 BNS)",Social Organisation (Aided) (N),0,0,0,0,2025-04,0,0.0
308,A - IPC Crime,"CRIMINAL MISAPPROPRIATION (Sec. 403, 404 IPC/314,315 BNS)",Transport Authority,0,0,0,0,2025-04,0,0.0
309,A - IPC Crime,"CRIMINAL MISAPPROPRIATION (Sec. 403, 404 IPC/314,315 BNS)",Trust - Other than religious,0,0,0,0,2025-04,0,0.0
310,A - IPC Crime,"CRIMINAL MISAPPROPRIATION (Sec. 403, 404 IPC/314,315 BNS)",Trust - Religious,0,0,0,0,2025-04,0,0.0
311,A - IPC Crime,"CRIMINAL MISAPPROPRIATION (Sec. 403, 404 IPC/314,315 BNS)",Others,1,0,0,0,2025-04,0,0.0
312,A - IPC Crime,CRIMINAL TRESPASS (Sec.447 to 452 IPC/329(3) TO 333 BNS),Attempt to Commit,4,1,2,0,2025-04,-2,-100.0
313,A - IPC Crime,CRIMINAL TRESPASS (Sec.447 to 452 IPC/329(3) TO 333 BNS),Club,2,0,2,0,2025-04,-2,-100.0
314,A - IPC Crime,CRIMINAL TRESPASS (Sec.447 to 452 IPC/329(3) TO 333 BNS),Hostel,1,0,0,0,2025-04,0,0.0
315,A - IPC Crime,CRIMINAL TRESPASS (Sec.447 to 452 IPC/329(3) TO 333 BNS),Hotel,2,2,1,0,2025-04,-1,-100.0
316,A - IPC Crime,CRIMINAL TRESPASS (Sec.447 to 452 IPC/329(3) TO 333 BNS),House,258,47,62,58,2025-04,-4,-6.451612903225806
317,A - IPC Crime,CRIMINAL TRESPASS (Sec.447 to 452 IPC/329(3) TO 333 BNS),Land,509,96,124,124,2025-04,0,0.0
318,A - IPC Crime,CRIMINAL TRESPASS (Sec.447 to 452 IPC/329(3) TO 333 BNS),Office,23,4,6,8,2025-04,2,33.33333333333333
319,A - IPC Crime,CRIMINAL TRESPASS (Sec.447 to 452 IPC/329(3) TO 333 BNS),Prohibited Places,7,0,2,3,2025-04,1,50.0
320,A - IPC Crime,CRIMINAL TRESPASS (Sec.447 to 452 IPC/329(3) TO 333 BNS),Religious Place,2,2,1,0,2025-04,-1,-100.0
321,A - IPC Crime,CRIMINAL TRESPASS (Sec.447 to 452 IPC/329(3) TO 333 BNS),Restricted Area,5,1,3,1,2025-04,-2,-66.66666666666666
322,A - IPC Crime,CRIMINAL TRESPASS (Sec.447 to 452 IPC/329(3) TO 333 BNS),Others,71,21,23,9,2025-04,-14,-60.86956521739131
323,A - IPC Crime,CRUELTY BY HUSBAND (Sec. 498(A) IPC/85 BNS),Husband ,340,101,92,78,2025-04,-14,-15.217391304347828
324,A - IPC Crime,CRUELTY BY HUSBAND (Sec. 498(A) IPC/85 BNS),Husband And Relative(S) in Law,418,81,114,116,2025-04,2,1.7543859649122806
325,A - IPC Crime,CRUELTY BY HUSBAND (Sec. 498(A) IPC/85 BNS),Relative(S) in Law,11,3,4,3,2025-04,-1,-25.0
326,A - IPC Crime,CRUELTY BY HUSBAND (Sec. 498(A) IPC/85 BNS),Dowry Harassment,177,27,43,51,2025-04,8,18.6046511627907
327,A - IPC Crime,CRUELTY BY HUSBAND (Sec. 498(A) IPC/85 BNS),Prevention of Gaming,0,0,0,0,2025-04,0,0.0
328,A - IPC Crime,DOWRY DEATHS (Sec.304(B) IPC/80 BNS),By Husband  ,2,0,1,1,2025-04,0,0.0
329,A - IPC Crime,DOWRY DEATHS (Sec.304(B) IPC/80 BNS),By Husband And Relatives In Law,17,3,4,5,2025-04,1,25.0
330,A - IPC Crime,DOWRY DEATHS (Sec.304(B) IPC/80 BNS),By Relatives in Law,1,0,0,1,2025-04,1,100.0
331,A - IPC Crime,DOWRY DEATHS (Sec.304(B) IPC/80 BNS),By Burning,1,0,0,1,2025-04,1,100.0
332,A - IPC Crime,DOWRY DEATHS (Sec.304(B) IPC/80 BNS),By Hanging,22,7,4,7,2025-04,3,75.0
333,A - IPC Crime,DOWRY DEATHS (Sec.304(B) IPC/80 BNS),By Other Means,2,0,0,0,2025-04,0,0.0
334,A - IPC Crime,DEATHS DUE TO RASHNESS/NEGLIGENCE (Sec.304(A) IPC/106 BNS),Electrocution,6,0,3,1,2025-04,-2,-66.66666666666666
335,A - IPC Crime,DEATHS DUE TO RASHNESS/NEGLIGENCE (Sec.304(A) IPC/106 BNS),Adulterated Food/Drug,0,0,0,0,2025-04,0,0.0
336,A - IPC Crime,DEATHS DUE TO RASHNESS/NEGLIGENCE (Sec.304(A) IPC/106 BNS),Accident by Air,0,0,0,0,2025-04,0,0.0
337,A - IPC Crime,DEATHS DUE TO RASHNESS/NEGLIGENCE (Sec.304(A) IPC/106 BNS),Boad Accident,0,0,0,0,2025-04,0,0.0
338,A - IPC Crime,DEATHS DUE TO RASHNESS/NEGLIGENCE (Sec.304(A) IPC/106 BNS),Bridge/Dam Collapse,0,0,0,0,2025-04,0,0.0
339,A - IPC Crime,DEATHS DUE TO RASHNESS/NEGLIGENCE (Sec.304(A) IPC/106 BNS),Building Collapse,1,0,0,1,2025-04,1,100.0
340,A - IPC Crime,DEATHS DUE TO RASHNESS/NEGLIGENCE (Sec.304(A) IPC/106 BNS),Caused By Animal,1,0,6,1,2025-04,-5,-83.33333333333334
341,A - IPC Crime,DEATHS DUE TO RASHNESS/NEGLIGENCE (Sec.304(A) IPC/106 BNS),Death Due to Other Cause,22,7,4,6,2025-04,2,50.0
342,A - IPC Crime,DEATHS DUE TO RASHNESS/NEGLIGENCE (Sec.304(A) IPC/106 BNS),Electrocution Accident,10,2,0,3,2025-04,3,300.0
343,A - IPC Crime,DEATHS DUE TO RASHNESS/NEGLIGENCE (Sec.304(A) IPC/106 BNS),Explosion Accident,0,1,0,0,2025-04,0,0.0
344,A - IPC Crime,DEATHS DUE TO RASHNESS/NEGLIGENCE (Sec.304(A) IPC/106 BNS),Fire accident,0,0,0,0,2025-04,0,0.0
345,A - IPC Crime,DEATHS DUE TO RASHNESS/NEGLIGENCE (Sec.304(A) IPC/106 BNS),Gas Leakage Accident,0,1,7,0,2025-04,-7,-100.0
346,A - IPC Crime,DEATHS DUE TO RASHNESS/NEGLIGENCE (Sec.304(A) IPC/106 BNS),Improper Infrastucture In Construction,24,5,3,5,2025-04,2,66.66666666666666
347,A - IPC Crime,DEATHS DUE TO RASHNESS/NEGLIGENCE (Sec.304(A) IPC/106 BNS),Improper Medical Treatment,3,0,0,0,2025-04,0,0.0
348,A - IPC Crime,DEATHS DUE TO RASHNESS/NEGLIGENCE (Sec.304(A) IPC/106 BNS),In Custody of Public Servant,0,0,0,0,2025-04,0,0.0
349,A - IPC Crime,DEATHS DUE TO RASHNESS/NEGLIGENCE (Sec.304(A) IPC/106 BNS),In Jail/Judicial Custody,0,0,0,0,2025-04,0,0.0
350,A - IPC Crime,DEATHS DUE TO RASHNESS/NEGLIGENCE (Sec.304(A) IPC/106 BNS),In Police Custody,0,0,0,0,2025-04,0,0.0
351,A - IPC Crime,DEATHS DUE TO RASHNESS/NEGLIGENCE (Sec.304(A) IPC/106 BNS),Industrial Accident (Factory),1,0,0,1,2025-04,1,100.0
352,A - IPC Crime,DEATHS DUE TO RASHNESS/NEGLIGENCE (Sec.304(A) IPC/106 BNS),Inflammable Substance,0,0,0,0,2025-04,0,0.0
353,A - IPC Crime,DEATHS DUE TO RASHNESS/NEGLIGENCE (Sec.304(A) IPC/106 BNS),Mine Accident,1,0,0,0,2025-04,0,0.0
354,A - IPC Crime,DEATHS DUE TO RASHNESS/NEGLIGENCE (Sec.304(A) IPC/106 BNS),Poisonous Substance,0,0,0,0,2025-04,0,0.0
355,A - IPC Crime,DEATHS DUE TO RASHNESS/NEGLIGENCE (Sec.304(A) IPC/106 BNS),Quarry Accident,0,0,0,0,2025-04,0,0.0
356,A - IPC Crime,DEATHS DUE TO RASHNESS/NEGLIGENCE (Sec.304(A) IPC/106 BNS),Spurious Liquor (Hooch) Accident,0,0,0,0,2025-04,0,0.0
357,A - IPC Crime,DEATHS DUE TO RASHNESS/NEGLIGENCE (Sec.304(A) IPC/106 BNS),Railway Accident,0,0,0,0,2025-04,0,0.0
358,A - IPC Crime,DEATHS DUE TO RASHNESS/NEGLIGENCE (Sec.304(A) IPC/106 BNS),Others,26,6,10,8,2025-04,-2,-20.0
359,A - IPC Crime,MOTOR VEHICLE ACCIDENTS FATAL (Sec.304(A) IPC/106 BNS),National Highways,1336,349,333,335,2025-04,2,0.6006006006006006
360,A - IPC Crime,MOTOR VEHICLE ACCIDENTS FATAL (Sec.304(A) IPC/106 BNS),State Highways,1086,289,260,241,2025-04,-19,-7.307692307692308
361,A - IPC Crime,MOTOR VEHICLE ACCIDENTS FATAL (Sec.304(A) IPC/106 BNS),Other Roads,1453,402,372,301,2025-04,-71,-19.086021505376344
362,A - IPC Crime,MOTOR VEHICLE ACCIDENTS FATAL (Sec.304(A) IPC/106 BNS),Other Places,61,13,16,18,2025-04,2,12.5
363,A - IPC Crime,"MOTOR VEHICLE ACCIDENTS NON-FATAL (Sec.279, 337, 338 IPC/281,125(a),125(b) BNS)",National Highways,3468,931,825,918,2025-04,93,11.272727272727273
364,A - IPC Crime,"MOTOR VEHICLE ACCIDENTS NON-FATAL (Sec.279, 337, 338 IPC/281,125(a),125(b) BNS)",State Highways,2512,621,609,629,2025-04,20,3.284072249589491
365,A - IPC Crime,"MOTOR VEHICLE ACCIDENTS NON-FATAL (Sec.279, 337, 338 IPC/281,125(a),125(b) BNS)",Other Roads,4576,1137,1125,1166,2025-04,41,3.644444444444445
366,A - IPC Crime,"MOTOR VEHICLE ACCIDENTS NON-FATAL (Sec.279, 337, 338 IPC/281,125(a),125(b) BNS)",Other Places,158,37,42,39,2025-04,-3,-7.142857142857142
367,A - IPC Crime,"DEATHS-MISCARRIAGE (Sec.312, 313, 314 IPC/88,89,90 BNS)",Child,6,1,4,2,2025-04,-2,-50.0
368,A - IPC Crime,"DEATHS-MISCARRIAGE (Sec.312, 313, 314 IPC/88,89,90 BNS)",Woman,1,1,0,1,2025-04,1,100.0
369,A - IPC Crime,"DEATHS-MISCARRIAGE (Sec.312, 313, 314 IPC/88,89,90 BNS)",Women and Child,0,0,0,0,2025-04,0,0.0
370,A - IPC Crime,"DEFENCE FORCES OFFENCES RELATING (also relating to desertion) (Sec.131 to 140, except 136 IPC/159 TO 168 EXCEPT 164 BNS)",Air Force,0,0,0,0,2025-04,0,0.0
371,A - IPC Crime,"DEFENCE FORCES OFFENCES RELATING (also relating to desertion) (Sec.131 to 140, except 136 IPC/159 TO 168 EXCEPT 164 BNS)",Army,0,0,0,0,2025-04,0,0.0
372,A - IPC Crime,"DEFENCE FORCES OFFENCES RELATING (also relating to desertion) (Sec.131 to 140, except 136 IPC/159 TO 168 EXCEPT 164 BNS)",Navy,0,0,0,0,2025-04,0,0.0
373,A - IPC Crime,"ESCAPE FROM LAWFUL CUSTODY AND RESISTANCE (Sec.224, 225, 225(B) IPC/262,263,265 BNS)",From Jail Custody,1,0,0,0,2025-04,0,0.0
374,A - IPC Crime,"ESCAPE FROM LAWFUL CUSTODY AND RESISTANCE (Sec.224, 225, 225(B) IPC/262,263,265 BNS)",From Police Custody,7,1,4,2,2025-04,-2,-50.0
375,A - IPC Crime,"ESCAPE FROM LAWFUL CUSTODY AND RESISTANCE (Sec.224, 225, 225(B) IPC/262,263,265 BNS)",Others,3,0,0,1,2025-04,1,100.0
376,A - IPC Crime,"IMPERSONATION (Sec.170, 171 IPC/204,205 BNS)",Attempt to Commit,3,0,1,0,2025-04,-1,-100.0
377,A - IPC Crime,"IMPERSONATION (Sec.170, 171 IPC/204,205 BNS)",Non-Uniformed Authority,2,1,0,2,2025-04,2,200.0
378,A - IPC Crime,"IMPERSONATION (Sec.170, 171 IPC/204,205 BNS)",Uniformed Authority,1,0,0,1,2025-04,1,100.0
379,A - IPC Crime,"MISCHIEF (Sec.427 to 440 except 434, 435, 436, 438 IPC/324(4) TO 324(6) BNS)",ALL / NOT SPECIFIED,148,33,40,33,2025-04,-7,-17.5
380,A - IPC Crime,MOLESTATION (Sec.354 IPC/74 BNS),Attempt to Commit,18,10,4,6,2025-04,2,50.0
381,A - IPC Crime,MOLESTATION (Sec.354 IPC/74 BNS),Private Place,312,97,95,74,2025-04,-21,-22.105263157894736
382,A - IPC Crime,MOLESTATION (Sec.354 IPC/74 BNS),Public Conveyance,1,2,1,0,2025-04,-1,-100.0
383,A - IPC Crime,MOLESTATION (Sec.354 IPC/74 BNS),Public Place,730,225,193,185,2025-04,-8,-4.145077720207254
384,A - IPC Crime,MOLESTATION (Sec.354 IPC/74 BNS),Other Places,879,278,252,221,2025-04,-31,-12.3015873015873
385,A - IPC Crime,POISONING-PROFESSIONAL (Sec. 328 IPC/123 BNS),Attempt to Commit,4,1,0,1,2025-04,1,100.0
386,A - IPC Crime,POISONING-PROFESSIONAL (Sec. 328 IPC/123 BNS),Fatal,0,0,0,0,2025-04,0,0.0
387,A - IPC Crime,POISONING-PROFESSIONAL (Sec. 328 IPC/123 BNS),Non Fatal,2,1,1,0,2025-04,-1,-100.0
388,A - IPC Crime,PORNOGRAPHY (Sec.292 to 294 IPC/294 TO 296 BNS),Advertisement,0,0,0,0,2025-04,0,0.0
389,A - IPC Crime,PORNOGRAPHY (Sec.292 to 294 IPC/294 TO 296 BNS),Audio Tape,0,0,0,0,2025-04,0,0.0
390,A - IPC Crime,PORNOGRAPHY (Sec.292 to 294 IPC/294 TO 296 BNS),Book,0,0,0,0,2025-04,0,0.0
391,A - IPC Crime,PORNOGRAPHY (Sec.292 to 294 IPC/294 TO 296 BNS),Computer Software,0,0,0,0,2025-04,0,0.0
392,A - IPC Crime,PORNOGRAPHY (Sec.292 to 294 IPC/294 TO 296 BNS),Figures,0,0,0,0,2025-04,0,0.0
393,A - IPC Crime,PORNOGRAPHY (Sec.292 to 294 IPC/294 TO 296 BNS),Film (Blue),0,0,0,0,2025-04,0,0.0
394,A - IPC Crime,PORNOGRAPHY (Sec.292 to 294 IPC/294 TO 296 BNS),Painting,0,0,0,0,2025-04,0,0.0
395,A - IPC Crime,PORNOGRAPHY (Sec.292 to 294 IPC/294 TO 296 BNS),Pamphlet,0,0,0,0,2025-04,0,0.0
396,A - IPC Crime,PORNOGRAPHY (Sec.292 to 294 IPC/294 TO 296 BNS),Paper,1,0,1,0,2025-04,-1,-100.0
397,A - IPC Crime,PORNOGRAPHY (Sec.292 to 294 IPC/294 TO 296 BNS),Photography,0,0,0,0,2025-04,0,0.0
398,A - IPC Crime,PORNOGRAPHY (Sec.292 to 294 IPC/294 TO 296 BNS),Poster,0,0,0,0,2025-04,0,0.0
399,A - IPC Crime,PORNOGRAPHY (Sec.292 to 294 IPC/294 TO 296 BNS),Video Film(Blue),0,0,0,0,2025-04,0,0.0
400,A - IPC Crime,PORNOGRAPHY (Sec.292 to 294 IPC/294 TO 296 BNS),Others,3,0,0,1,2025-04,1,100.0
401,A - IPC Crime,PUBLIC JUSTICE (Sec.213 to 215 IPC/250 TO 252 BNS),ALL / NOT SPECIFIED,2,0,0,1,2025-04,1,100.0
402,A - IPC Crime,"PUBLIC NUISANCE (Sec.291 and 510 IPC/293,355 BNS)",ALL / NOT SPECIFIED,62,6,14,31,2025-04,17,121.42857142857142
403,A - IPC Crime,"PUBLIC SAFETY (Sec.269 to 271, 277, 283, 289 IPC/271 to 273, 279,285,291 BNS)",ALL / NOT SPECIFIED,977,316,323,138,2025-04,-185,-57.27554179566563
404,A - IPC Crime,"OFFENCES AGAINST PUBLIC SERVANTS (Public servant is a victim) (Sec 182-188, 332, 333, 353 IPC/217-223,121(1),121(2), 132 BNS)",Attempt to Commit,9,0,0,0,2025-04,0,0.0
405,A - IPC Crime,"OFFENCES AGAINST PUBLIC SERVANTS (Public servant is a victim) (Sec 182-188, 332, 333, 353 IPC/217-223,121(1),121(2), 132 BNS)",Defence Personnel,1,0,0,0,2025-04,0,0.0
406,A - IPC Crime,"OFFENCES AGAINST PUBLIC SERVANTS (Public servant is a victim) (Sec 182-188, 332, 333, 353 IPC/217-223,121(1),121(2), 132 BNS)",Jail Personnel,4,1,1,1,2025-04,0,0.0
407,A - IPC Crime,"OFFENCES AGAINST PUBLIC SERVANTS (Public servant is a victim) (Sec 182-188, 332, 333, 353 IPC/217-223,121(1),121(2), 132 BNS)",Judicial Official,12,2,3,2,2025-04,-1,-33.33333333333333
408,A - IPC Crime,"OFFENCES AGAINST PUBLIC SERVANTS (Public servant is a victim) (Sec 182-188, 332, 333, 353 IPC/217-223,121(1),121(2), 132 BNS)",Minister,0,0,0,0,2025-04,0,0.0
409,A - IPC Crime,"OFFENCES AGAINST PUBLIC SERVANTS (Public servant is a victim) (Sec 182-188, 332, 333, 353 IPC/217-223,121(1),121(2), 132 BNS)",MLA,0,0,0,0,2025-04,0,0.0
410,A - IPC Crime,"OFFENCES AGAINST PUBLIC SERVANTS (Public servant is a victim) (Sec 182-188, 332, 333, 353 IPC/217-223,121(1),121(2), 132 BNS)",MP,0,1,0,0,2025-04,0,0.0
411,A - IPC Crime,"OFFENCES AGAINST PUBLIC SERVANTS (Public servant is a victim) (Sec 182-188, 332, 333, 353 IPC/217-223,121(1),121(2), 132 BNS)",Nationalised Bank Personnel,1,0,0,0,2025-04,0,0.0
412,A - IPC Crime,"OFFENCES AGAINST PUBLIC SERVANTS (Public servant is a victim) (Sec 182-188, 332, 333, 353 IPC/217-223,121(1),121(2), 132 BNS)",Other Elected Member,3,0,1,0,2025-04,-1,-100.0
413,A - IPC Crime,"OFFENCES AGAINST PUBLIC SERVANTS (Public servant is a victim) (Sec 182-188, 332, 333, 353 IPC/217-223,121(1),121(2), 132 BNS)",Other Enforcement Official,0,1,0,0,2025-04,0,0.0
414,A - IPC Crime,"OFFENCES AGAINST PUBLIC SERVANTS (Public servant is a victim) (Sec 182-188, 332, 333, 353 IPC/217-223,121(1),121(2), 132 BNS)",Other Govt. Official,161,37,48,38,2025-04,-10,-20.833333333333336
415,A - IPC Crime,"OFFENCES AGAINST PUBLIC SERVANTS (Public servant is a victim) (Sec 182-188, 332, 333, 353 IPC/217-223,121(1),121(2), 132 BNS)",Para Military Personnel,1,0,0,0,2025-04,0,0.0
416,A - IPC Crime,"OFFENCES AGAINST PUBLIC SERVANTS (Public servant is a victim) (Sec 182-188, 332, 333, 353 IPC/217-223,121(1),121(2), 132 BNS)",Police Personnel,180,36,54,45,2025-04,-9,-16.666666666666664
417,A - IPC Crime,"OFFENCES AGAINST PUBLIC SERVANTS (Public servant is a victim) (Sec 182-188, 332, 333, 353 IPC/217-223,121(1),121(2), 132 BNS)",Public Sector Undertaking Official,50,11,12,11,2025-04,-1,-8.333333333333332
418,A - IPC Crime,"OFFENCES BY PUBLIC SERVANTS (EXCEPT CORRUPTION) (Public servant is accused) (Sec.128, 129, 167, 218, 221, 222 IPC/156,157,201,256,259,260 BNS)",Defence Personnel,0,0,0,0,2025-04,0,0.0
419,A - IPC Crime,"OFFENCES BY PUBLIC SERVANTS (EXCEPT CORRUPTION) (Public servant is accused) (Sec.128, 129, 167, 218, 221, 222 IPC/156,157,201,256,259,260 BNS)",Jail Personnel,0,0,0,0,2025-04,0,0.0
420,A - IPC Crime,"OFFENCES BY PUBLIC SERVANTS (EXCEPT CORRUPTION) (Public servant is accused) (Sec.128, 129, 167, 218, 221, 222 IPC/156,157,201,256,259,260 BNS)",Judicial Official,0,0,0,0,2025-04,0,0.0
421,A - IPC Crime,"OFFENCES BY PUBLIC SERVANTS (EXCEPT CORRUPTION) (Public servant is accused) (Sec.128, 129, 167, 218, 221, 222 IPC/156,157,201,256,259,260 BNS)",Minister,0,0,0,0,2025-04,0,0.0
422,A - IPC Crime,"OFFENCES BY PUBLIC SERVANTS (EXCEPT CORRUPTION) (Public servant is accused) (Sec.128, 129, 167, 218, 221, 222 IPC/156,157,201,256,259,260 BNS)",MLA,0,0,0,0,2025-04,0,0.0
423,A - IPC Crime,"OFFENCES BY PUBLIC SERVANTS (EXCEPT CORRUPTION) (Public servant is accused) (Sec.128, 129, 167, 218, 221, 222 IPC/156,157,201,256,259,260 BNS)",MP,0,0,0,0,2025-04,0,0.0
424,A - IPC Crime,"OFFENCES BY PUBLIC SERVANTS (EXCEPT CORRUPTION) (Public servant is accused) (Sec.128, 129, 167, 218, 221, 222 IPC/156,157,201,256,259,260 BNS)",Nationalised Bank Personnel,0,0,0,0,2025-04,0,0.0
425,A - IPC Crime,"OFFENCES BY PUBLIC SERVANTS (EXCEPT CORRUPTION) (Public servant is accused) (Sec.128, 129, 167, 218, 221, 222 IPC/156,157,201,256,259,260 BNS)",Other Elected Member,0,0,0,0,2025-04,0,0.0
426,A - IPC Crime,"OFFENCES BY PUBLIC SERVANTS (EXCEPT CORRUPTION) (Public servant is accused) (Sec.128, 129, 167, 218, 221, 222 IPC/156,157,201,256,259,260 BNS)",Other Enforcement Official,0,0,0,0,2025-04,0,0.0
427,A - IPC Crime,"OFFENCES BY PUBLIC SERVANTS (EXCEPT CORRUPTION) (Public servant is accused) (Sec.128, 129, 167, 218, 221, 222 IPC/156,157,201,256,259,260 BNS)",Other Govt. Official,0,0,0,0,2025-04,0,0.0
428,A - IPC Crime,"OFFENCES BY PUBLIC SERVANTS (EXCEPT CORRUPTION) (Public servant is accused) (Sec.128, 129, 167, 218, 221, 222 IPC/156,157,201,256,259,260 BNS)",Para Military Personnel,0,0,0,0,2025-04,0,0.0
429,A - IPC Crime,"OFFENCES BY PUBLIC SERVANTS (EXCEPT CORRUPTION) (Public servant is accused) (Sec.128, 129, 167, 218, 221, 222 IPC/156,157,201,256,259,260 BNS)",Police Personnel,0,0,0,0,2025-04,0,0.0
430,A - IPC Crime,"OFFENCES BY PUBLIC SERVANTS (EXCEPT CORRUPTION) (Public servant is accused) (Sec.128, 129, 167, 218, 221, 222 IPC/156,157,201,256,259,260 BNS)",Public Sector Undertaking Official,1,0,0,0,2025-04,0,0.0
431,A - IPC Crime,"OFFENCES BY PUBLIC SERVANTS (EXCEPT CORRUPTION) (Public servant is accused) (Sec.128, 129, 167, 218, 221, 222 IPC/156,157,201,256,259,260 BNS)",Others,0,0,0,0,2025-04,0,0.0
432,A - IPC Crime,"NEGLIGENT ACT (Sec.280 to 289, 336 to 338 except 283 IPC/282 to 291,125 to 125(b) except 285 BNS)",Death Causeed By Electric Shock,33,6,9,17,2025-04,8,88.88888888888889
433,A - IPC Crime,"NEGLIGENT ACT (Sec.280 to 289, 336 to 338 except 283 IPC/282 to 291,125 to 125(b) except 285 BNS)",Animal -Related,20,2,8,6,2025-04,-2,-25.0
434,A - IPC Crime,"NEGLIGENT ACT (Sec.280 to 289, 336 to 338 except 283 IPC/282 to 291,125 to 125(b) except 285 BNS)",Boat/Vessel - Related,0,0,0,0,2025-04,0,0.0
435,A - IPC Crime,"NEGLIGENT ACT (Sec.280 to 289, 336 to 338 except 283 IPC/282 to 291,125 to 125(b) except 285 BNS)",Explosive/Explosive Substances - Related,11,3,3,3,2025-04,0,0.0
436,A - IPC Crime,"NEGLIGENT ACT (Sec.280 to 289, 336 to 338 except 283 IPC/282 to 291,125 to 125(b) except 285 BNS)",Inflammable Substance- Related ,9,3,4,2,2025-04,-2,-50.0
437,A - IPC Crime,"NEGLIGENT ACT (Sec.280 to 289, 336 to 338 except 283 IPC/282 to 291,125 to 125(b) except 285 BNS)",Machinery - Related,48,3,9,15,2025-04,6,66.66666666666666
438,A - IPC Crime,"NEGLIGENT ACT (Sec.280 to 289, 336 to 338 except 283 IPC/282 to 291,125 to 125(b) except 285 BNS)",Poisonous Substance - Related,6,0,2,1,2025-04,-1,-50.0
439,A - IPC Crime,"NEGLIGENT ACT (Sec.280 to 289, 336 to 338 except 283 IPC/282 to 291,125 to 125(b) except 285 BNS)",Other - Related,654,90,319,109,2025-04,-210,-65.8307210031348
440,A - IPC Crime,"NEGLIGENT ACT (Sec.280 to 289, 336 to 338 except 283 IPC/282 to 291,125 to 125(b) except 285 BNS)",Human - Related,509,21,257,78,2025-04,-179,-69.64980544747081
441,A - IPC Crime,RECEIVING OF STOLEN PROPERTY (Sec.411 to 414 IPC/317(2) TO 317(5) BNS),ALL / NOT SPECIFIED,1,0,0,0,2025-04,0,0.0
442,A - IPC Crime,SEDITION (Sec. 124A IPC/IN BNS Deleted),Attempt to Commit,0,0,0,0,2025-04,0,0.0
443,A - IPC Crime,SEDITION (Sec. 124A IPC/IN BNS Deleted),By Foreigner,0,0,0,0,2025-04,0,0.0
444,A - IPC Crime,SEDITION (Sec. 124A IPC/IN BNS Deleted),By National,0,0,0,0,2025-04,0,0.0
445,A - IPC Crime,SEDITION (Sec. 124A IPC/IN BNS Deleted),By National And Foreigner,0,0,0,0,2025-04,0,0.0
446,A - IPC Crime,INSULTING MODESTY OF WOMEN (EVE TEASING) (Sec.509 IPC/79 BNS),Attempt to Commit,7,0,2,2,2025-04,0,0.0
447,A - IPC Crime,INSULTING MODESTY OF WOMEN (EVE TEASING) (Sec.509 IPC/79 BNS),Office,3,0,1,0,2025-04,-1,-100.0
448,A - IPC Crime,INSULTING MODESTY OF WOMEN (EVE TEASING) (Sec.509 IPC/79 BNS),Public Conveyance,1,0,1,0,2025-04,-1,-100.0
449,A - IPC Crime,INSULTING MODESTY OF WOMEN (EVE TEASING) (Sec.509 IPC/79 BNS),Public Place,40,6,8,14,2025-04,6,75.0
450,A - IPC Crime,INSULTING MODESTY OF WOMEN (EVE TEASING) (Sec.509 IPC/79 BNS),Other Places,76,6,15,27,2025-04,12,80.0
451,A - IPC Crime,"SUICIDE (Sec.305, 306, 309 IPC/107,108 BNS)",Dowry,3,0,2,0,2025-04,-2,-100.0
452,A - IPC Crime,"SUICIDE (Sec.305, 306, 309 IPC/107,108 BNS)",Abetment of Suicide,132,26,35,37,2025-04,2,5.714285714285714
453,A - IPC Crime,"SUICIDE (Sec.305, 306, 309 IPC/107,108 BNS)",Other Reasons,111,18,28,22,2025-04,-6,-21.428571428571427
454,A - IPC Crime,"SUICIDE (Sec.305, 306, 309 IPC/107,108 BNS)",Attempt to Commit suicide,33,4,7,8,2025-04,1,14.285714285714285
455,A - IPC Crime,UNNATURAL SEX (Sec.377 IPC/IN BNS Deleted),Abetment  ,0,0,0,0,2025-04,0,0.0
456,A - IPC Crime,UNNATURAL SEX (Sec.377 IPC/IN BNS Deleted),Animal  ,0,0,0,0,2025-04,0,0.0
457,A - IPC Crime,UNNATURAL SEX (Sec.377 IPC/IN BNS Deleted),Attempt,0,0,0,0,2025-04,0,0.0
458,A - IPC Crime,UNNATURAL SEX (Sec.377 IPC/IN BNS Deleted),Major - Man,0,0,0,0,2025-04,0,0.0
459,A - IPC Crime,UNNATURAL SEX (Sec.377 IPC/IN BNS Deleted),Major - Woman,0,0,0,0,2025-04,0,0.0
460,A - IPC Crime,UNNATURAL SEX (Sec.377 IPC/IN BNS Deleted),Minor - Boy,0,0,0,0,2025-04,0,0.0
461,A - IPC Crime,UNNATURAL SEX (Sec.377 IPC/IN BNS Deleted),Minor - Girl,0,0,0,0,2025-04,0,0.0
462,A - IPC Crime,"WRONGFUL RESTRAINT/CONFINEMENT (Sec.341 to 348 IPC/126(2),127(2)-127(8) BNS)",Attempt to Commit,9,1,4,1,2025-04,-3,-75.0
463,A - IPC Crime,"WRONGFUL RESTRAINT/CONFINEMENT (Sec.341 to 348 IPC/126(2),127(2)-127(8) BNS)",To Extort Confession,2,0,0,2,2025-04,2,200.0
464,A - IPC Crime,"WRONGFUL RESTRAINT/CONFINEMENT (Sec.341 to 348 IPC/126(2),127(2)-127(8) BNS)",To Extort Property,11,2,3,4,2025-04,1,33.33333333333333
465,A - IPC Crime,"WRONGFUL RESTRAINT/CONFINEMENT (Sec.341 to 348 IPC/126(2),127(2)-127(8) BNS)",To settle Dispute,8,1,2,2,2025-04,0,0.0
466,A - IPC Crime,"WRONGFUL RESTRAINT/CONFINEMENT (Sec.341 to 348 IPC/126(2),127(2)-127(8) BNS)",Others,129,40,31,26,2025-04,-5,-16.129032258064516
467,A - IPC Crime,"INFANTICIDE (Sec.315, 316 IPC/91,92 BNS)",Male,2,0,0,0,2025-04,0,0.0
468,A - IPC Crime,"INFANTICIDE (Sec.315, 316 IPC/91,92 BNS)",Female,0,0,0,0,2025-04,0,0.0
469,A - IPC Crime,"OFFENCES RELATED TO MARRIAGE (Sec.493 to 498 IPC/81,84 BNS)",ALL / NOT SPECIFIED,14,0,4,3,2025-04,-1,-25.0
470,A - IPC Crime,"BUYING & SELLING MINOR FOR PROSTITUTION (Sec.372, 373 IPC/98,99 BNS)",ALL / NOT SPECIFIED,0,0,0,0,2025-04,0,0.0
471,A - IPC Crime,DOCUMENTS & PROPERTY MARKS (Sec.483 to 489 IPC/346-350(2) BNS),Documents  ,0,0,0,0,2025-04,0,0.0
472,A - IPC Crime,DOCUMENTS & PROPERTY MARKS (Sec.483 to 489 IPC/346-350(2) BNS),Property  ,0,0,0,0,2025-04,0,0.0
473,A - IPC Crime,DEFAMATION (Sec.500 to 502 IPC/350(2)-356(4) BNS),Persons ,1,0,1,0,2025-04,-1,-100.0
474,A - IPC Crime,DEFAMATION (Sec.500 to 502 IPC/350(2)-356(4) BNS),Printed Matter,0,0,0,0,2025-04,0,0.0
475,A - IPC Crime,DEFAMATION (Sec.500 to 502 IPC/350(2)-356(4) BNS),Others,0,0,0,0,2025-04,0,0.0
476,A - IPC Crime,ELECTION(Sec.171(E) to 171(1) IPC/173-177 BNS),Assembly,0,3,0,0,2025-04,0,0.0
477,A - IPC Crime,ELECTION(Sec.171(E) to 171(1) IPC/173-177 BNS),Parliament,1,93,0,1,2025-04,1,100.0
478,A - IPC Crime,ELECTION(Sec.171(E) to 171(1) IPC/173-177 BNS),Other Elected Bodies,0,0,0,0,2025-04,0,0.0
479,A - IPC Crime,"SLAVERY (Sec.370, 371, 374 IPC/143,145,146 BNS)",Man,0,0,0,0,2025-04,0,0.0
480,A - IPC Crime,"SLAVERY (Sec.370, 371, 374 IPC/143,145,146 BNS)",Woman,0,0,0,0,2025-04,0,0.0
481,A - IPC Crime,"SLAVERY (Sec.370, 371, 374 IPC/143,145,146 BNS)",Boy,1,0,1,0,2025-04,-1,-100.0
482,A - IPC Crime,"SLAVERY (Sec.370, 371, 374 IPC/143,145,146 BNS)",Girl,0,0,0,0,2025-04,0,0.0
483,A - IPC Crime,Attempting to commit offences (Sec.511 IPC/62 BNS),Attempting to commit offences,77,16,22,23,2025-04,1,4.545454545454546
484,A - IPC Crime,ILLEGAL DETENTION (Sec.342 IPC/127(2) BNS),ALL / NOT SPECIFIED,0,0,0,0,2025-04,0,0.0
485,A - IPC Crime,FALSE EVIDENCE (Sec.191 to 205 IPC/227-242 BNS),ALL / NOT SPECIFIED,2,1,0,1,2025-04,1,100.0
486,A - IPC Crime,EXPOSURE AND ABANDONMENT OF CHILD (Sec.317 IPC/93 BNS),Boy ,10,2,6,2,2025-04,-4,-66.66666666666666
487,A - IPC Crime,EXPOSURE AND ABANDONMENT OF CHILD (Sec.317 IPC/93 BNS),Girl,12,0,4,4,2025-04,0,0.0
488,A - IPC Crime,OF ABETMENT (Sec.107 to 120 IPC/45-60 BNS),ALL / NOT SPECIFIED,6,0,2,1,2025-04,-1,-50.0
489,A - IPC Crime,"FAILURE TO APPEAR TO COURT (Sec.174A, 229A IPC/209,269 BNS)",IPC 174 A/BNS 209,88,5,37,16,2025-04,-21,-56.75675675675676
490,A - IPC Crime,"FAILURE TO APPEAR TO COURT (Sec.174A, 229A IPC/209,269 BNS)",IPC 229 A/BNS 269,256,28,61,41,2025-04,-20,-32.78688524590164
491,A - IPC Crime,Concealment of birth by secret disposal of Child,Girl,9,0,5,2,2025-04,-3,-60.0
492,A - IPC Crime,Concealment of birth by secret disposal of Child,Boy,11,5,3,5,2025-04,2,66.66666666666666
493,A - IPC Crime,ASSAULT OR USE OF CRIMINAL FORCE TO DISROBE WOMEN,ALL / NOT SPECIFIED,1,0,0,0,2025-04,0,0.0
494,A - IPC Crime,Disobedience to Order Promulgated by Public/Servant,By Others,5,0,1,0,2025-04,-1,-100.0
495,A - IPC Crime,Disobedience to Order Promulgated by Public/Servant,By Private Institution,4,6,2,0,2025-04,-2,-100.0
496,A - IPC Crime,Disobedience to Order Promulgated by Public/Servant,By Govt. Institution,0,0,0,0,2025-04,0,0.0
497,A - IPC Crime,Human Trafficking,Eunuch,1,1,0,0,2025-04,0,0.0
498,A - IPC Crime,Human Trafficking,Men,0,0,0,0,2025-04,0,0.0
499,A - IPC Crime,Human Trafficking,Boy,1,0,0,0,2025-04,0,0.0
500,A - IPC Crime,Human Trafficking,Women,0,0,0,0,2025-04,0,0.0
501,A - IPC Crime,Human Trafficking,Girl,2,0,1,1,2025-04,0,0.0
502,A - IPC Crime,Giving false information respecting an offence committed,Giving false information respecting an offence committed,4,1,0,2,2025-04,2,200.0
503,B - SPECIAL & LOCAL LAWS,ANTIQUES (CULTURAL PROPERTY),Antiques & Art Treasures Act 1972,0,0,0,0,2025-04,0,0.0
504,B - SPECIAL & LOCAL LAWS,ANTIQUES (CULTURAL PROPERTY),Ancient Monument & Archaelogical Sites And Remains Act 1958,4,1,0,1,2025-04,1,100.0
505,B - SPECIAL & LOCAL LAWS,ARMS ACT 1959,Country Made - Non Prohibited Bore - In Disturbed Area,3,3,0,2,2025-04,2,200.0
506,B - SPECIAL & LOCAL LAWS,ARMS ACT 1960,Country Made - Non Prohibited Bore - In Other Area,55,11,8,14,2025-04,6,75.0
507,B - SPECIAL & LOCAL LAWS,ARMS ACT 1961,Country Made - Prohibited Bore - In Disturbed Area,2,0,1,1,2025-04,0,0.0
508,B - SPECIAL & LOCAL LAWS,ARMS ACT 1962,Country Made - Prohibited Bore - In Other Area,39,9,16,7,2025-04,-9,-56.25
509,B - SPECIAL & LOCAL LAWS,ARMS ACT 1963,Factory Made - Non Prohibited Bore - In Disturbed Area,3,0,2,0,2025-04,-2,-100.0
510,B - SPECIAL & LOCAL LAWS,ARMS ACT 1964,Factory Made - Non Prohibited Bore - In Other Area,11,1,1,3,2025-04,2,200.0
511,B - SPECIAL & LOCAL LAWS,ARMS ACT 1965,Factory Made - Prohibited Bore - In Disturbed Area,4,0,0,0,2025-04,0,0.0
512,B - SPECIAL & LOCAL LAWS,ARMS ACT 1966,Factory Made - Prohibited Bore - In Other Area,16,2,6,3,2025-04,-3,-50.0
513,B - SPECIAL & LOCAL LAWS,ANIMAL,The Karnataka Prevention of Slaughter and Preservation of Cattle Ordinance 2020,33,13,13,9,2025-04,-4,-30.76923076923077
514,B - SPECIAL & LOCAL LAWS,ANIMAL,Wild Life Preservation Act 1972,0,0,0,0,2025-04,0,0.0
515,B - SPECIAL & LOCAL LAWS,ANIMAL,Wild Life Protection Act 1972,3,0,1,0,2025-04,-1,-100.0
516,B - SPECIAL & LOCAL LAWS,ANIMAL,Prevention of Cruelty to Animals Act 1960,72,11,18,15,2025-04,-3,-16.666666666666664
517,B - SPECIAL & LOCAL LAWS,ANIMAL,Elephant (Preservation) Act 1879,0,0,0,0,2025-04,0,0.0
518,B - SPECIAL & LOCAL LAWS,ANIMAL,Cattle Tresspass Act 1871,2,0,0,1,2025-04,1,100.0
519,B - SPECIAL & LOCAL LAWS,CINEMATOGRAPHY ACT 1952,Films,0,0,0,0,2025-04,0,0.0
520,B - SPECIAL & LOCAL LAWS,CINEMATOGRAPHY ACT 1953,Video,0,0,0,0,2025-04,0,0.0
521,B - SPECIAL & LOCAL LAWS,CONSUMER,Liquified Petroleum Gas Supply & Control Order 2000 ,38,6,10,11,2025-04,1,10.0
522,B - SPECIAL & LOCAL LAWS,CONSUMER,Consumer (Protection) Act 1986,1,1,0,1,2025-04,1,100.0
523,B - SPECIAL & LOCAL LAWS,CONSUMER,Essential Commodities Act 1955,172,46,62,54,2025-04,-8,-12.903225806451612
524,B - SPECIAL & LOCAL LAWS,CONSUMER,Prevention of Food Adulternation Act 1954,2,0,1,1,2025-04,0,0.0
525,B - SPECIAL & LOCAL LAWS,CONSUMER,Packaged Commodities (Regulation) order 1975,0,0,0,0,2025-04,0,0.0
526,B - SPECIAL & LOCAL LAWS,COPY RIGHT ACT 1957,By Company,57,6,12,8,2025-04,-4,-33.33333333333333
527,B - SPECIAL & LOCAL LAWS,COPY RIGHT ACT 1958,By Individual,28,5,5,6,2025-04,1,20.0
528,B - SPECIAL & LOCAL LAWS,CIVIL RIGHTS,Protection of Civil Rights Act 1955,3,0,0,3,2025-04,3,300.0
529,B - SPECIAL & LOCAL LAWS,SCHEDULED CASTE AND THE SCHEDULED TRIBES,Scheduled Caste  ,439,114,124,103,2025-04,-21,-16.93548387096774
530,B - SPECIAL & LOCAL LAWS,SCHEDULED CASTE AND THE SCHEDULED TRIBES,Scheduled Tribes,98,25,27,30,2025-04,3,11.11111111111111
531,B - SPECIAL & LOCAL LAWS,SCHEDULED CASTE AND THE SCHEDULED TRIBES,Scheduled Caste Women,169,42,44,44,2025-04,0,0.0
532,B - SPECIAL & LOCAL LAWS,SCHEDULED CASTE AND THE SCHEDULED TRIBES,Scheduled Tribes Women,40,10,7,9,2025-04,2,28.57142857142857
533,B - SPECIAL & LOCAL LAWS,CHILDREN ACT,Child Labour (Prohibition & Regulation) Act1986,20,7,2,2,2025-04,0,0.0
534,B - SPECIAL & LOCAL LAWS,CHILDREN ACT,Child Marriage (Restraint) Act - 1929,53,17,14,18,2025-04,4,28.57142857142857
535,B - SPECIAL & LOCAL LAWS,CHILDREN ACT,Juvenile Justice Act 1986,65,25,31,8,2025-04,-23,-74.19354838709677
536,B - SPECIAL & LOCAL LAWS,CHILDREN ACT,Probation of offenders Act 1958,0,0,0,0,2025-04,0,0.0
537,B - SPECIAL & LOCAL LAWS,CHILDREN ACT,Protection of Children from Sexual Offences Act 2012 (POCSO),0,0,0,0,2025-04,0,0.0
538,B - SPECIAL & LOCAL LAWS,PREVENTION OF CORRUPTION ACT 1988,Public Servant - Elected,0,0,0,0,2025-04,0,0.0
539,B - SPECIAL & LOCAL LAWS,PREVENTION OF CORRUPTION ACT 1989,Public Servant - Gazetted - Central,0,0,0,0,2025-04,0,0.0
540,B - SPECIAL & LOCAL LAWS,PREVENTION OF CORRUPTION ACT 1990,Public Servant - Gazetted - Defence,0,0,0,0,2025-04,0,0.0
541,B - SPECIAL & LOCAL LAWS,PREVENTION OF CORRUPTION ACT 1991,Public Servant - Gazetted - Public Sector Undertaking,0,0,0,0,2025-04,0,0.0
542,B - SPECIAL & LOCAL LAWS,PREVENTION OF CORRUPTION ACT 1992,Public Servant - Gazetted - State,0,0,0,0,2025-04,0,0.0
543,B - SPECIAL & LOCAL LAWS,PREVENTION OF CORRUPTION ACT 1993,Public Servant - Non-Gazetted - Central,0,0,0,0,2025-04,0,0.0
544,B - SPECIAL & LOCAL LAWS,PREVENTION OF CORRUPTION ACT 1994,Public Servant - Non-Gazetted - Defence,0,0,0,0,2025-04,0,0.0
545,B - SPECIAL & LOCAL LAWS,PREVENTION OF CORRUPTION ACT 1995,Public Servant - Non-Gazetted - State,0,0,0,0,2025-04,0,0.0
546,B - SPECIAL & LOCAL LAWS,CUSTOMS,Customs Act 1962,0,0,0,0,2025-04,0,0.0
547,B - SPECIAL & LOCAL LAWS,CUSTOMS,Import/Export (Control) Act 1947,0,0,0,0,2025-04,0,0.0
548,B - SPECIAL & LOCAL LAWS,Explosives,Explosives Substances Act 1908,18,1,3,4,2025-04,1,33.33333333333333
549,B - SPECIAL & LOCAL LAWS,Explosives,Explosives Act 1884,17,4,8,2,2025-04,-6,-75.0
550,B - SPECIAL & LOCAL LAWS,Explosives,Inflammable Substance Act 1952,0,0,0,0,2025-04,0,0.0
551,B - SPECIAL & LOCAL LAWS,FOREIGN EXCHANGE,Smugglers and Foreign Exchange Manipulator Act 1976,0,0,0,0,2025-04,0,0.0
552,B - SPECIAL & LOCAL LAWS,FOREIGN EXCHANGE,Foreign Exchange Regulation Act 1973,0,0,0,0,2025-04,0,0.0
553,B - SPECIAL & LOCAL LAWS,FOREIGN EXCHANGE,Foreign Exchange Regulation Act 1952,0,0,0,0,2025-04,0,0.0
554,B - SPECIAL & LOCAL LAWS,FOREIGNER,Foreigners Act 1946,18,0,10,2,2025-04,-8,-80.0
555,B - SPECIAL & LOCAL LAWS,FOREIGNER,Registration of Foreigners Act 1939,0,0,0,0,2025-04,0,0.0
556,B - SPECIAL & LOCAL LAWS,FOREST,Indian Forest Act 1927,0,0,0,0,2025-04,0,0.0
557,B - SPECIAL & LOCAL LAWS,FOREST,Forest (Conservation) Act 1980,3,0,1,0,2025-04,-1,-100.0
558,B - SPECIAL & LOCAL LAWS,HIJACKING,Foreign Aircraft - In India,0,0,0,0,2025-04,0,0.0
559,B - SPECIAL & LOCAL LAWS,HIJACKING,Foreign Aircraft - Outside India,0,0,0,0,2025-04,0,0.0
560,B - SPECIAL & LOCAL LAWS,HIJACKING,Indian Aircraft - In India,0,0,0,0,2025-04,0,0.0
561,B - SPECIAL & LOCAL LAWS,HIJACKING,Indian Aircraft - Outside India,0,0,0,0,2025-04,0,0.0
562,B - SPECIAL & LOCAL LAWS,IMMORAL TRAFFIC,Organised,58,10,17,10,2025-04,-7,-41.17647058823529
563,B - SPECIAL & LOCAL LAWS,IMMORAL TRAFFIC,Un-Organised,37,2,15,2,2025-04,-13,-86.66666666666667
564,B - SPECIAL & LOCAL LAWS,BONDED LABOUR SYSTEM,ALL / NOT SPECIFIED,1,0,0,0,2025-04,0,0.0
565,B - SPECIAL & LOCAL LAWS,INDIAN MOTOR VEHICLE,ALL / NOT SPECIFIED,38,5,18,13,2025-04,-5,-27.77777777777778
566,B - SPECIAL & LOCAL LAWS,NARCOTIC DRUGS & PSYCHOTROPIC SUBSTANCES ACT,Cultivated/Processed,714,79,171,196,2025-04,25,14.619883040935672
567,B - SPECIAL & LOCAL LAWS,NARCOTIC DRUGS & PSYCHOTROPIC SUBSTANCES ACT,Synthetic,1079,138,262,321,2025-04,59,22.519083969465647
568,B - SPECIAL & LOCAL LAWS,PASSPORT ACT,Foreigner,0,1,0,0,2025-04,0,0.0
569,B - SPECIAL & LOCAL LAWS,PASSPORT ACT,Indian,2,0,0,0,2025-04,0,0.0
570,B - SPECIAL & LOCAL LAWS,REPRESENTATIVE OF PEOPLE ACT 1951 & 1988,Assembly,0,2,0,0,2025-04,0,0.0
571,B - SPECIAL & LOCAL LAWS,REPRESENTATIVE OF PEOPLE ACT 1951 & 1989,Parliament,0,68,0,0,2025-04,0,0.0
572,B - SPECIAL & LOCAL LAWS,REPRESENTATIVE OF PEOPLE ACT 1951 & 1990,Other Elected Bodies,0,3,0,0,2025-04,0,0.0
573,B - SPECIAL & LOCAL LAWS,KARNATAKA POLICE ACT 1963,Gambling - Matka (78 Class C),2090,291,654,531,2025-04,-123,-18.807339449541285
574,B - SPECIAL & LOCAL LAWS,KARNATAKA POLICE ACT 1964,Street Gambling (87),2610,720,978,676,2025-04,-302,-30.879345603271986
575,B - SPECIAL & LOCAL LAWS,KARNATAKA POLICE ACT 1965,House Gambling (79 & 80),99,19,37,20,2025-04,-17,-45.94594594594595
576,B - SPECIAL & LOCAL LAWS,KARNATAKA POLICE ACT 1966,Betting ,437,171,68,327,2025-04,259,380.88235294117646
577,B - SPECIAL & LOCAL LAWS,KARNATAKA POLICE ACT 1967,Others ,231,47,70,44,2025-04,-26,-37.142857142857146
578,B - SPECIAL & LOCAL LAWS,PREVENTION OF DAMAGE TO PUBLIC PROPERTY ACT 1984,ALL / NOT SPECIFIED,39,11,11,12,2025-04,1,9.090909090909092
579,B - SPECIAL & LOCAL LAWS,"POST & TELEGRAPH, TELEGRAPH WIRES (UNLAWFUL POSSESSION) ACT 1980",ALL / NOT SPECIFIED,0,0,0,0,2025-04,0,0.0
580,B - SPECIAL & LOCAL LAWS,OFFICIAL SECURITY RELATED ACTS,Official Secrets Act 1923,0,0,0,0,2025-04,0,0.0
581,B - SPECIAL & LOCAL LAWS,OFFICIAL SECURITY RELATED ACTS,Essential Services Maintenance Act 1981,0,0,0,0,2025-04,0,0.0
582,B - SPECIAL & LOCAL LAWS,PREVENTION OF TERRORISM ACT (POTA),ALL / NOT SPECIFIED,0,0,0,0,2025-04,0,0.0
583,B - SPECIAL & LOCAL LAWS,RAILWAYS ACT,Indian Railways Act 1989,1,0,0,1,2025-04,1,100.0
584,B - SPECIAL & LOCAL LAWS,RAILWAYS ACT,Railway Property (Unlawful Possession) Act 1966,0,0,0,0,2025-04,0,0.0
585,B - SPECIAL & LOCAL LAWS,UNLAWFUL ACTIVITIES (Prevention) Act 1967,ALL / NOT SPECIFIED,0,1,0,0,2025-04,0,0.0
586,B - SPECIAL & LOCAL LAWS,CRIMES RELATED TO WOMEN,Dowry Prohibition,552,153,152,150,2025-04,-2,-1.3157894736842104
587,B - SPECIAL & LOCAL LAWS,CRIMES RELATED TO WOMEN,Commission of SATI (Prevention) Act 1987,0,0,0,0,2025-04,0,0.0
588,B - SPECIAL & LOCAL LAWS,CRIMES RELATED TO WOMEN,Indecent Representation of Women (Prohibition) Act 1986,0,0,0,0,2025-04,0,0.0
589,B - SPECIAL & LOCAL LAWS,INDIAN LUNACY ACT,ALL / NOT SPECIFIED,0,0,0,0,2025-04,0,0.0
590,B - SPECIAL & LOCAL LAWS,INDIAN ELECTRICITY ACT,ALL / NOT SPECIFIED,6,1,2,1,2025-04,-1,-50.0
591,B - SPECIAL & LOCAL LAWS,"COTPA, CIGARETTES AND OTHER TOBACCO PRODUCTS",ALL / NOT SPECIFIED,474,35,161,65,2025-04,-96,-59.62732919254658
592,B - SPECIAL & LOCAL LAWS,KARNATAKA STATE LOCAL ACTS,Prevention of Insult to National Hounours Act 1971,5,0,1,0,2025-04,-1,-100.0
593,B - SPECIAL & LOCAL LAWS,KARNATAKA STATE LOCAL ACTS,"Prevention of violence against Doctors, Medical professionals and Medical institutions",6,0,2,0,2025-04,-2,-100.0
594,B - SPECIAL & LOCAL LAWS,KARNATAKA STATE LOCAL ACTS,"The Karnataka Prevention of Dangerous Activities of Bootleggers, Drug-offenders, Gamblers, Goonda Act",0,0,0,0,2025-04,0,0.0
595,B - SPECIAL & LOCAL LAWS,KARNATAKA STATE LOCAL ACTS,Karnataka Cow Slaughters Act,72,22,18,18,2025-04,0,0.0
596,B - SPECIAL & LOCAL LAWS,KARNATAKA STATE LOCAL ACTS,Banning of Unregulated Deposit Schemes Act,11,0,1,1,2025-04,0,0.0
597,B - SPECIAL & LOCAL LAWS,KARNATAKA STATE LOCAL ACTS,"Motor Spirit and High Speed Diesel (Regulation of upply, Distribution and Prevention of Malpractice",0,0,0,0,2025-04,0,0.0
598,B - SPECIAL & LOCAL LAWS,KARNATAKA STATE LOCAL ACTS,Karnataka Epidemic Deseases Act 2020,0,0,0,0,2025-04,0,0.0
599,B - SPECIAL & LOCAL LAWS,KARNATAKA STATE LOCAL ACTS,Karnataka Prevention of Slaughter and Preservation of Cattle Act 2020,65,8,22,15,2025-04,-7,-31.818181818181817
600,B - SPECIAL & LOCAL LAWS,KARNATAKA STATE LOCAL ACTS,Disaster Management Act 2005,0,0,0,0,2025-04,0,0.0
601,B - SPECIAL & LOCAL LAWS,KARNATAKA STATE LOCAL ACTS,Karnataka Excise Act 1965,3563,879,1286,980,2025-04,-306,-23.79471228615863
602,B - SPECIAL & LOCAL LAWS,KARNATAKA STATE LOCAL ACTS,Karnataka Forest Act 1963,6,2,1,3,2025-04,2,200.0
603,B - SPECIAL & LOCAL LAWS,KARNATAKA STATE LOCAL ACTS,Karnataka Education Act 1983 As Amended Upto Date,2,0,0,1,2025-04,1,100.0
604,B - SPECIAL & LOCAL LAWS,KARNATAKA STATE LOCAL ACTS,Karnataka Kerosene Restriction Unuse Act 1956,0,0,0,0,2025-04,0,0.0
605,B - SPECIAL & LOCAL LAWS,KARNATAKA STATE LOCAL ACTS,Karnataka University Act,0,0,0,0,2025-04,0,0.0
606,B - SPECIAL & LOCAL LAWS,KARNATAKA STATE LOCAL ACTS,Karnataka Corruption Act,0,0,0,0,2025-04,0,0.0
607,B - SPECIAL & LOCAL LAWS,KARNATAKA STATE LOCAL ACTS,Karnataka Medical Registration Act 1965,1,0,0,0,2025-04,0,0.0
608,B - SPECIAL & LOCAL LAWS,KARNATAKA STATE LOCAL ACTS,Karnataka Land & Revenue Act 1964 & 2007,14,1,6,2,2025-04,-4,-66.66666666666666
609,B - SPECIAL & LOCAL LAWS,KARNATAKA STATE LOCAL ACTS,Karnataka Kerosene Dealers License Order 1969,0,0,0,0,2025-04,0,0.0
610,B - SPECIAL & LOCAL LAWS,KARNATAKA STATE LOCAL ACTS,Karnataka Society Registration Act,0,0,0,0,2025-04,0,0.0
611,B - SPECIAL & LOCAL LAWS,KARNATAKA STATE LOCAL ACTS,Karnataka Minor Mineral Consistent Rule 1994,5,5,1,0,2025-04,-1,-100.0
612,B - SPECIAL & LOCAL LAWS,KARNATAKA STATE LOCAL ACTS,Bangalore Development Authority Act,0,0,0,0,2025-04,0,0.0
613,B - SPECIAL & LOCAL LAWS,KARNATAKA STATE LOCAL ACTS,Karnataka Prohibition of Beggery Act 1975,13,0,0,0,2025-04,0,0.0
614,B - SPECIAL & LOCAL LAWS,KARNATAKA STATE LOCAL ACTS,Karnataka Municipalities Act 1964,0,0,0,0,2025-04,0,0.0
615,B - SPECIAL & LOCAL LAWS,KARNATAKA STATE LOCAL ACTS,Karnataka Irrigation Act 1963,3,0,1,1,2025-04,0,0.0
616,B - SPECIAL & LOCAL LAWS,KARNATAKA STATE LOCAL ACTS,Karnataka Fire Force act 1964,2,0,1,0,2025-04,-1,-100.0
617,B - SPECIAL & LOCAL LAWS,KARNATAKA STATE LOCAL ACTS,Karnataka Consumer Protection Act 1986,0,0,0,0,2025-04,0,0.0
618,B - SPECIAL & LOCAL LAWS,KARNATAKA STATE LOCAL ACTS,Karnataka Lottery Act,29,4,12,2,2025-04,-10,-83.33333333333334
619,B - SPECIAL & LOCAL LAWS,KARNATAKA STATE LOCAL ACTS,Karnataka Weight & Measurement Act,0,0,0,0,2025-04,0,0.0
620,B - SPECIAL & LOCAL LAWS,KARNATAKA STATE LOCAL ACTS,Karnataka Agriculture Marketing Regulation Act,0,0,0,0,2025-04,0,0.0
621,B - SPECIAL & LOCAL LAWS,KARNATAKA STATE LOCAL ACTS,Karnataka Revenue Act,0,0,0,0,2025-04,0,0.0
622,B - SPECIAL & LOCAL LAWS,KARNATAKA STATE LOCAL ACTS,Karnataka Mining Act,0,0,0,0,2025-04,0,0.0
623,B - SPECIAL & LOCAL LAWS,KARNATAKA STATE LOCAL ACTS,Karnataka Betting Tax Act,0,0,0,0,2025-04,0,0.0
624,B - SPECIAL & LOCAL LAWS,KARNATAKA STATE LOCAL ACTS,Karnataka Panchayat Raj Act,1,0,0,0,2025-04,0,0.0
625,B - SPECIAL & LOCAL LAWS,KARNATAKA STATE LOCAL ACTS,Karnataka Open Place Disfigurement Act 1951,62,9,25,16,2025-04,-9,-36.0
626,B - SPECIAL & LOCAL LAWS,KARNATAKA STATE LOCAL ACTS,Karnataka Right To Information Act 2000 & 2008,1,0,0,0,2025-04,0,0.0
627,B - SPECIAL & LOCAL LAWS,KARNATAKA STATE LOCAL ACTS,Karnataka Urban Development Act 1987,0,0,0,0,2025-04,0,0.0
628,B - SPECIAL & LOCAL LAWS,KARNATAKA STATE LOCAL ACTS,Karnataka Town & City Planning Act 1961,0,0,0,0,2025-04,0,0.0
629,B - SPECIAL & LOCAL LAWS,KARNATAKA STATE LOCAL ACTS,Karnataka Race Betting Act,0,0,0,0,2025-04,0,0.0
630,B - SPECIAL & LOCAL LAWS,KARNATAKA STATE LOCAL ACTS,Karnataka Devadasi's (Prohibition Of Dedication) Act 1982,0,0,0,0,2025-04,0,0.0
631,B - SPECIAL & LOCAL LAWS,KARNATAKA STATE LOCAL ACTS,Cooperative Society Act,1,0,0,0,2025-04,0,0.0
632,B - SPECIAL & LOCAL LAWS,KARNATAKA STATE LOCAL ACTS,Karnataka Entertainment Tax Act 1958,2,0,1,1,2025-04,0,0.0
633,B - SPECIAL & LOCAL LAWS,KARNATAKA STATE LOCAL ACTS,Karnataka Land Acquisition (Prohibition) Act 2007,0,0,0,0,2025-04,0,0.0
634,B - SPECIAL & LOCAL LAWS,KARNATAKA STATE LOCAL ACTS,Karnataka Money Lender Act 1961,11,1,3,6,2025-04,3,100.0
635,B - SPECIAL & LOCAL LAWS,KARNATAKA STATE LOCAL ACTS,Karnataka Stamp Act 1957,0,0,0,0,2025-04,0,0.0
636,B - SPECIAL & LOCAL LAWS,KARNATAKA STATE LOCAL ACTS,Karnataka Prisoners Act 1963 & 1974,19,9,2,4,2025-04,2,100.0
637,B - SPECIAL & LOCAL LAWS,KARNATAKA STATE LOCAL ACTS,Karnataka Private Medical Institution Act 2007,2,0,1,0,2025-04,-1,-100.0
638,B - SPECIAL & LOCAL LAWS,KARNATAKA STATE LOCAL ACTS,MMRD (Mines & Minerals Regulation Development ) Act 1957,33,5,13,12,2025-04,-1,-7.6923076923076925
639,B - SPECIAL & LOCAL LAWS,KARNATAKA STATE LOCAL ACTS,Karnataka Treasure Trove Act 1962,1,0,0,0,2025-04,0,0.0
640,B - SPECIAL & LOCAL LAWS,KARNATAKA STATE LOCAL ACTS,Karnataka Prohibition of Charging Exorbitant Interest Act 2004,8,0,2,0,2025-04,-2,-100.0
641,B - SPECIAL & LOCAL LAWS,KARNATAKA STATE LOCAL ACTS,Karnataka Ayurvedic And Unani Pract. Regis. & Medical Prac. Misc. Prov. Act,0,0,0,0,2025-04,0,0.0
642,B - SPECIAL & LOCAL LAWS,KARNATAKA STATE LOCAL ACTS,Other Local Acts,53,16,21,8,2025-04,-13,-61.904761904761905
643,B - SPECIAL & LOCAL LAWS,CYBER CRIME (INFORMATION TECHNOLOGY ACT),"Information Technology Act 2000, 2009",53,1529,12,17,2025-04,5,41.66666666666667
644,B - SPECIAL & LOCAL LAWS,CYBER CRIME (INFORMATION TECHNOLOGY ACT),CSAM (Child Pornography). Cyber Tip Line,11,0,5,0,2025-04,-5,-100.0
645,B - SPECIAL & LOCAL LAWS,CYBER CRIME (INFORMATION TECHNOLOGY ACT),Online Money Transfer,423,6,117,101,2025-04,-16,-13.675213675213676
646,B - SPECIAL & LOCAL LAWS,CYBER CRIME (INFORMATION TECHNOLOGY ACT),Credit Card Fraud,246,6,64,48,2025-04,-16,-25.0
647,B - SPECIAL & LOCAL LAWS,CYBER CRIME (INFORMATION TECHNOLOGY ACT),Loan App,70,1,16,11,2025-04,-5,-31.25
648,B - SPECIAL & LOCAL LAWS,CYBER CRIME (INFORMATION TECHNOLOGY ACT),"Ransomeware Attack, Installing Spyware & Troman, Using Other Malware & Viruses to infect degital serv",3,0,2,1,2025-04,-1,-50.0
649,B - SPECIAL & LOCAL LAWS,CYBER CRIME (INFORMATION TECHNOLOGY ACT),"Gifts, iPhone & Lottery Fraud",54,0,20,12,2025-04,-8,-40.0
650,B - SPECIAL & LOCAL LAWS,CYBER CRIME (INFORMATION TECHNOLOGY ACT),Deep Fake/Deep Nudes,12,0,5,2,2025-04,-3,-60.0
651,B - SPECIAL & LOCAL LAWS,CYBER CRIME (INFORMATION TECHNOLOGY ACT),"Investment Fraud (Part Time Job, Task, Review)",1023,13,278,232,2025-04,-46,-16.546762589928058
652,B - SPECIAL & LOCAL LAWS,CYBER CRIME (INFORMATION TECHNOLOGY ACT),Card Skimming,5,0,2,1,2025-04,-1,-50.0
653,B - SPECIAL & LOCAL LAWS,CYBER CRIME (INFORMATION TECHNOLOGY ACT),Job Fraud,219,2,53,64,2025-04,11,20.754716981132077
654,B - SPECIAL & LOCAL LAWS,CYBER CRIME (INFORMATION TECHNOLOGY ACT),Business Fraud,51,0,10,15,2025-04,5,50.0
655,B - SPECIAL & LOCAL LAWS,CYBER CRIME (INFORMATION TECHNOLOGY ACT),Hacking of Accounts & Ids,50,4,17,9,2025-04,-8,-47.05882352941176
656,B - SPECIAL & LOCAL LAWS,CYBER CRIME (INFORMATION TECHNOLOGY ACT),Phishing (Taking Password & Information),20,0,8,6,2025-04,-2,-25.0
657,B - SPECIAL & LOCAL LAWS,CYBER CRIME (INFORMATION TECHNOLOGY ACT),Email Spoofing / Fraud,19,0,5,3,2025-04,-2,-40.0
658,B - SPECIAL & LOCAL LAWS,CYBER CRIME (INFORMATION TECHNOLOGY ACT),SIM card Swapping / SIM Jacking / SIM Cloning,1,0,1,0,2025-04,-1,-100.0
659,B - SPECIAL & LOCAL LAWS,CYBER CRIME (INFORMATION TECHNOLOGY ACT),Social Media Cases (Instagram/Facebook/Whatsapp/X /Telegram etc),150,4,33,42,2025-04,9,27.27272727272727
660,B - SPECIAL & LOCAL LAWS,CYBER CRIME (INFORMATION TECHNOLOGY ACT),"Crypto Currency, Bitcoin, etc.",40,1,15,5,2025-04,-10,-66.66666666666666
661,B - SPECIAL & LOCAL LAWS,CYBER CRIME (INFORMATION TECHNOLOGY ACT),Remote Access Fraud  (Any Desk/ Team Viewer),2,0,0,0,2025-04,0,0.0
662,B - SPECIAL & LOCAL LAWS,CYBER CRIME (INFORMATION TECHNOLOGY ACT),OLX Fraud,68,0,24,13,2025-04,-11,-45.83333333333333
663,B - SPECIAL & LOCAL LAWS,CYBER CRIME (INFORMATION TECHNOLOGY ACT),Data Theft,24,0,3,7,2025-04,4,133.33333333333331
664,B - SPECIAL & LOCAL LAWS,CYBER CRIME (INFORMATION TECHNOLOGY ACT),Fedex,21,2,4,2,2025-04,-2,-50.0
665,B - SPECIAL & LOCAL LAWS,CYBER CRIME (INFORMATION TECHNOLOGY ACT),"OTP Frauds (KYC Update, Apk Link)",234,3,67,46,2025-04,-21,-31.343283582089555
666,B - SPECIAL & LOCAL LAWS,CYBER CRIME (INFORMATION TECHNOLOGY ACT),Matrimony Fraud,34,0,7,7,2025-04,0,0.0
667,B - SPECIAL & LOCAL LAWS,CYBER CRIME (INFORMATION TECHNOLOGY ACT),Sextortion and Revenge Porn,39,0,14,12,2025-04,-2,-14.285714285714285
668,B - SPECIAL & LOCAL LAWS,CYBER CRIME (INFORMATION TECHNOLOGY ACT),Advertising Frauds,17,0,3,6,2025-04,3,100.0
669,B - SPECIAL & LOCAL LAWS,CYBER CRIME (INFORMATION TECHNOLOGY ACT),Investment Fraud (Trading & Share Trading),1182,8,306,204,2025-04,-102,-33.33333333333333
670,B - SPECIAL & LOCAL LAWS,CYBER CRIME (INFORMATION TECHNOLOGY ACT),Fake Customer Care,101,0,27,15,2025-04,-12,-44.44444444444444
671,B - SPECIAL & LOCAL LAWS,CYBER CRIME (INFORMATION TECHNOLOGY ACT),ATM Fraud,9,0,0,1,2025-04,1,100.0
672,B - SPECIAL & LOCAL LAWS,CYBER CRIME (INFORMATION TECHNOLOGY ACT),Digital Arrest,120,0,16,11,2025-04,-5,-31.25
673,B - SPECIAL & LOCAL LAWS,CYBER CRIME (INFORMATION TECHNOLOGY ACT),AEPS (Aadhaar),0,0,0,0,2025-04,0,0.0
674,B - SPECIAL & LOCAL LAWS,CYBER CRIME (INFORMATION TECHNOLOGY ACT),Others ,545,24,121,112,2025-04,-9,-7.43801652892562
675,B - SPECIAL & LOCAL LAWS,NATIONAL SECURITY ACT,ALL / NOT SPECIFIED,0,0,0,0,2025-04,0,0.0
676,B - SPECIAL & LOCAL LAWS,POCSO,Custodial Rape,2,0,0,1,2025-04,1,100.0
677,B - SPECIAL & LOCAL LAWS,POCSO,Gang Rape,4,0,1,0,2025-04,-1,-100.0
678,B - SPECIAL & LOCAL LAWS,POCSO,Rape with Murder,1,0,0,1,2025-04,1,100.0
679,B - SPECIAL & LOCAL LAWS,POCSO,Rape,972,267,251,211,2025-04,-40,-15.936254980079681
680,B - SPECIAL & LOCAL LAWS,POCSO,Others ,390,88,116,96,2025-04,-20,-17.24137931034483
681,B - SPECIAL & LOCAL LAWS,Aadhar Act,Offence by Company,0,0,0,0,2025-04,0,0.0
682,B - SPECIAL & LOCAL LAWS,Aadhar Act,Impersonation,0,0,0,0,2025-04,0,0.0
683,B - SPECIAL & LOCAL LAWS,Aadhar Act,Offence by Individual,1,0,1,0,2025-04,-1,-100.0
684,C. CRIMES AGAINST WOMEN,Rape (Sec. 376 IPC),1.1  Custodial Rape,0,0,0,0,2025-04,0,0.0
685,C. CRIMES AGAINST WOMEN,Rape (Sec. 376 IPC),1.2  Gang Rape,5,1,1,2,2025-04,1,100.0
686,C. CRIMES AGAINST WOMEN,Rape (Sec. 376 IPC),1.3  other Cases of Rape,312,56,95,77,2025-04,-18,-18.947368421052634
687,C. CRIMES AGAINST WOMEN,Outraging modesty (Molestation) (sec.354 IPC),ALL / NOT SPECIFIED,1940,612,545,486,2025-04,-59,-10.825688073394495
688,C. CRIMES AGAINST WOMEN,Kidnapping & Abduction of Women: (Sec.366 IPC),ALL / NOT SPECIFIED,34,9,12,10,2025-04,-2,-16.666666666666664
689,C. CRIMES AGAINST WOMEN,Insulting modesty (Eve-Teasing) (Sec.294 & 509 IPC if victim is a woman),ALL / NOT SPECIFIED,127,12,27,43,2025-04,16,59.25925925925925
690,C. CRIMES AGAINST WOMEN,Murder for Dowry - by burning (Sec.302 IPC),ALL / NOT SPECIFIED,1,0,0,0,2025-04,0,0.0
691,C. CRIMES AGAINST WOMEN,"Murder for Dowry - by other means
(Sec.302 IPC)",ALL / NOT SPECIFIED,4,1,3,1,2025-04,-2,-66.66666666666666
692,C. CRIMES AGAINST WOMEN,Murder for other reasons,ALL / NOT SPECIFIED,134,40,28,40,2025-04,12,42.857142857142854
693,C. CRIMES AGAINST WOMEN,Attempt to Commit Murder for dowry by burning (Sec.307 IPC),ALL / NOT SPECIFIED,0,0,0,0,2025-04,0,0.0
694,C. CRIMES AGAINST WOMEN,Attempt to Commit Murder for dowry by other means (Sec.307 IPC),ALL / NOT SPECIFIED,9,1,2,2,2025-04,0,0.0
695,C. CRIMES AGAINST WOMEN,Attempt to Commit murder for other reasons,ALL / NOT SPECIFIED,360,71,88,98,2025-04,10,11.363636363636363
696,C. CRIMES AGAINST WOMEN,"Dowry Death-by burning
(Sec.304-B IPC)",ALL / NOT SPECIFIED,1,0,0,1,2025-04,1,100.0
697,C. CRIMES AGAINST WOMEN,Dowry Death-by other Means (Sec.304(B) IPC),ALL / NOT SPECIFIED,44,10,9,14,2025-04,5,55.55555555555556
698,C. CRIMES AGAINST WOMEN,Cruelty by Husband or Relatives of Husband (Sec.498-A IPC),ALL / NOT SPECIFIED,946,212,253,248,2025-04,-5,-1.9762845849802373
699,C. CRIMES AGAINST WOMEN,Abetment of Suicide (Sec.306 IPC),ALL / NOT SPECIFIED,60,13,11,21,2025-04,10,90.9090909090909
700,C. CRIMES AGAINST WOMEN,Immoral Traffic (prevention) Act.,ALL / NOT SPECIFIED,95,12,32,12,2025-04,-20,-62.5
701,C. CRIMES AGAINST WOMEN,Indecent Representation of Women(Prohibition) Act-1986,ALL / NOT SPECIFIED,0,0,0,0,2025-04,0,0.0
702,C. CRIMES AGAINST WOMEN,Pornography,ALL / NOT SPECIFIED,1,0,1,0,2025-04,-1,-100.0
703,C. CRIMES AGAINST WOMEN,Offences against Public Servants (Sec.182-188-333-353 IPC),ALL / NOT SPECIFIED,46,16,12,13,2025-04,1,8.333333333333332
704,C. CRIMES AGAINST WOMEN,Offences related to Marriage,ALL / NOT SPECIFIED,11,0,4,2,2025-04,-2,-50.0
705,C. CRIMES AGAINST WOMEN,Cyber Crimes,ALL / NOT SPECIFIED,1456,454,372,324,2025-04,-48,-12.903225806451612
706,D.CRIME AGAINST CHILDREN,"Infanticide/ Foeticide 
(Sec. 315 & 316 IPC)",ALL / NOT SPECIFIED,2,0,0,0,2025-04,0,0.0
707,D.CRIME AGAINST CHILDREN,Rape on Minor,ALL / NOT SPECIFIED,0,0,0,0,2025-04,0,0.0
708,D.CRIME AGAINST CHILDREN,Exposure & abandonment (Sec. 317 IPC),ALL / NOT SPECIFIED,22,2,10,6,2025-04,-4,-40.0
709,D.CRIME AGAINST CHILDREN,Kidnapping & Abduction of Children,ALL / NOT SPECIFIED,1393,280,355,447,2025-04,92,25.915492957746476
710,D.CRIME AGAINST CHILDREN,For Ransom - of Children,ALL / NOT SPECIFIED,3,1,0,0,2025-04,0,0.0
711,D.CRIME AGAINST CHILDREN,of Children - for begging,ALL / NOT SPECIFIED,0,0,0,0,2025-04,0,0.0
712,D.CRIME AGAINST CHILDREN,of Girls - Immoral Purpose,ALL / NOT SPECIFIED,1,0,1,0,2025-04,-1,-100.0
713,D.CRIME AGAINST CHILDREN,With intent to Steal from Child,ALL / NOT SPECIFIED,0,0,0,0,2025-04,0,0.0
714,D.CRIME AGAINST CHILDREN,Lawful Guardianship,ALL / NOT SPECIFIED,1,0,1,0,2025-04,-1,-100.0
715,D.CRIME AGAINST CHILDREN,Procuration of Minor Girls - For Prostitution,ALL / NOT SPECIFIED,0,0,0,0,2025-04,0,0.0
716,D.CRIME AGAINST CHILDREN,Procuration of Minor Girls - Importing of Girl,ALL / NOT SPECIFIED,0,0,0,0,2025-04,0,0.0
717,D.CRIME AGAINST CHILDREN,Procuration of Minor Girls - For Other Purposes,ALL / NOT SPECIFIED,8,4,3,2,2025-04,-1,-33.33333333333333
718,D.CRIME AGAINST CHILDREN,Selling of girls for Prostitution (Sec.372 IPC),ALL / NOT SPECIFIED,0,0,0,0,2025-04,0,0.0
719,D.CRIME AGAINST CHILDREN,The Prohibition of Child Marriage Act - 2006,ALL / NOT SPECIFIED,53,17,14,18,2025-04,4,28.57142857142857
720,D.CRIME AGAINST CHILDREN,POCSO Act,ALL / NOT SPECIFIED,1369,355,368,309,2025-04,-59,-16.032608695652172
721,D.CRIME AGAINST CHILDREN,Death of Children due to miscarriage,ALL / NOT SPECIFIED,7,2,4,3,2025-04,-1,-25.0
722,D.CRIME AGAINST CHILDREN,Juvenile Justice Act,ALL / NOT SPECIFIED,65,25,31,8,2025-04,-23,-74.19354838709677
723,D.CRIME AGAINST CHILDREN,Child Labour (Pro.& Reg.) Act,ALL / NOT SPECIFIED,20,7,2,2,2025-04,0,0.0
724,D.CRIME AGAINST CHILDREN,Probation of Offenders Act,ALL / NOT SPECIFIED,0,0,0,0,2025-04,0,0.0
725,"    E. CRIME AGAINST SCHEDULED CASTES /TRIBES BY NON SCs/STs 
",Murder,ALL / NOT SPECIFIED,28,12,6,4,2025-04,-2,-33.33333333333333
726,"    E. CRIME AGAINST SCHEDULED CASTES /TRIBES BY NON SCs/STs 
",Rape,ALL / NOT SPECIFIED,51,12,16,15,2025-04,-1,-6.25
727,"    E. CRIME AGAINST SCHEDULED CASTES /TRIBES BY NON SCs/STs 
",Kidnapping,ALL / NOT SPECIFIED,51,10,19,4,2025-04,-15,-78.94736842105263
728,"    E. CRIME AGAINST SCHEDULED CASTES /TRIBES BY NON SCs/STs 
",Offences under the Protection of Civil Rights Act.,ALL / NOT SPECIFIED,0,0,0,0,2025-04,0,0.0
1,A - IPC Crime,"Murder (Sec.302/303 IPC/103,104 BNS)",For gain,18,5,3,4,2025-05,1,33.33333333333333
2,A - IPC Crime,"Murder (Sec.302/303 IPC/103,104 BNS)",Over Property Dispute,11,0,1,2,2025-05,1,100.0
3,A - IPC Crime,"Murder (Sec.302/303 IPC/103,104 BNS)",Due to Personal Vendetta or enemity,16,3,1,6,2025-05,5,500.0
4,A - IPC Crime,"Murder (Sec.302/303 IPC/103,104 BNS)",Due to Sexual jealousy,11,2,4,0,2025-05,-4,-100.0
5,A - IPC Crime,"Murder (Sec.302/303 IPC/103,104 BNS)",For dowry by burning,1,0,0,0,2025-05,0,0.0
6,A - IPC Crime,"Murder (Sec.302/303 IPC/103,104 BNS)",For dowry by other means,3,0,0,0,2025-05,0,0.0
7,A - IPC Crime,"Murder (Sec.302/303 IPC/103,104 BNS)",Due to Communalism,0,0,0,0,2025-05,0,0.0
8,A - IPC Crime,"Murder (Sec.302/303 IPC/103,104 BNS)",Due to Casteism,0,0,0,0,2025-05,0,0.0
9,A - IPC Crime,"Murder (Sec.302/303 IPC/103,104 BNS)",Witch Craft (Sorcery),0,0,0,0,2025-05,0,0.0
10,A - IPC Crime,"Murder (Sec.302/303 IPC/103,104 BNS)",For Human Sacrifice,0,0,0,0,2025-05,0,0.0
11,A - IPC Crime,"Murder (Sec.302/303 IPC/103,104 BNS)",Due to Terrorism/Naxalism / Extremism,0,0,0,0,2025-05,0,0.0
12,A - IPC Crime,"Murder (Sec.302/303 IPC/103,104 BNS)",For Political Reasons,0,0,0,0,2025-05,0,0.0
13,A - IPC Crime,"Murder (Sec.302/303 IPC/103,104 BNS)",Due to Adultery,9,3,4,1,2025-05,-3,-75.0
14,A - IPC Crime,"Murder (Sec.302/303 IPC/103,104 BNS)",Civil Disputes,26,9,6,6,2025-05,0,0.0
15,A - IPC Crime,"Murder (Sec.302/303 IPC/103,104 BNS)",Electoral Gain,0,0,0,0,2025-05,0,0.0
16,A - IPC Crime,"Murder (Sec.302/303 IPC/103,104 BNS)",Gang Rivalry,1,0,0,1,2025-05,1,100.0
17,A - IPC Crime,"Murder (Sec.302/303 IPC/103,104 BNS)",Love Intrigue,9,1,0,1,2025-05,1,100.0
18,A - IPC Crime,"Murder (Sec.302/303 IPC/103,104 BNS)",Professional ,0,0,0,0,2025-05,0,0.0
19,A - IPC Crime,"Murder (Sec.302/303 IPC/103,104 BNS)",Psychopathic/Serial Killer/Lunacy,0,0,0,0,2025-05,0,0.0
20,A - IPC Crime,"Murder (Sec.302/303 IPC/103,104 BNS)",Rape with Murder,4,1,0,0,2025-05,0,0.0
21,A - IPC Crime,"Murder (Sec.302/303 IPC/103,104 BNS)",Revenge/Enemity,20,8,3,4,2025-05,1,33.33333333333333
22,A - IPC Crime,"Murder (Sec.302/303 IPC/103,104 BNS)",Sudden Quarrel,43,7,12,9,2025-05,-3,-25.0
23,A - IPC Crime,"Murder (Sec.302/303 IPC/103,104 BNS)",Village Dispute,0,0,0,0,2025-05,0,0.0
24,A - IPC Crime,"Murder (Sec.302/303 IPC/103,104 BNS)",Custodial,0,0,0,0,2025-05,0,0.0
25,A - IPC Crime,"Murder (Sec.302/303 IPC/103,104 BNS)",Due to Other Causes,363,71,89,75,2025-05,-14,-15.730337078651685
26,A - IPC Crime,ATTEMPT TO MURDER (Sec. 307 IPC/109BNS),For Gain ,4,3,1,1,2025-05,0,0.0
27,A - IPC Crime,ATTEMPT TO MURDER (Sec. 307 IPC/109BNS),Over Property Dispute,31,7,9,6,2025-05,-3,-33.33333333333333
28,A - IPC Crime,ATTEMPT TO MURDER (Sec. 307 IPC/109BNS),Due to Personal Vendetta or enemity,38,14,4,10,2025-05,6,150.0
29,A - IPC Crime,ATTEMPT TO MURDER (Sec. 307 IPC/109BNS),Due to Sexual jealousy,4,2,4,0,2025-05,-4,-100.0
30,A - IPC Crime,ATTEMPT TO MURDER (Sec. 307 IPC/109BNS),For Dowry other Means,11,4,2,2,2025-05,0,0.0
31,A - IPC Crime,ATTEMPT TO MURDER (Sec. 307 IPC/109BNS),Dowry By Burning,0,0,0,0,2025-05,0,0.0
32,A - IPC Crime,ATTEMPT TO MURDER (Sec. 307 IPC/109BNS),Due to Communalism,1,3,0,1,2025-05,1,100.0
33,A - IPC Crime,ATTEMPT TO MURDER (Sec. 307 IPC/109BNS),Due to Casteism,0,0,0,0,2025-05,0,0.0
34,A - IPC Crime,ATTEMPT TO MURDER (Sec. 307 IPC/109BNS),Witch Craft (Sorcery),0,0,0,0,2025-05,0,0.0
35,A - IPC Crime,ATTEMPT TO MURDER (Sec. 307 IPC/109BNS),For Human Sacrifice,0,0,0,0,2025-05,0,0.0
36,A - IPC Crime,ATTEMPT TO MURDER (Sec. 307 IPC/109BNS),Terrorism /Naxalism / Extremism,0,0,0,0,2025-05,0,0.0
37,A - IPC Crime,ATTEMPT TO MURDER (Sec. 307 IPC/109BNS),For Political Reasons,6,2,0,3,2025-05,3,300.0
38,A - IPC Crime,ATTEMPT TO MURDER (Sec. 307 IPC/109BNS),Adultery,3,2,1,0,2025-05,-1,-100.0
39,A - IPC Crime,ATTEMPT TO MURDER (Sec. 307 IPC/109BNS),Electoral Gain,0,0,0,0,2025-05,0,0.0
40,A - IPC Crime,ATTEMPT TO MURDER (Sec. 307 IPC/109BNS),Gang Rivalry,1,0,0,0,2025-05,0,0.0
41,A - IPC Crime,ATTEMPT TO MURDER (Sec. 307 IPC/109BNS),Love Intrigue,7,2,1,1,2025-05,0,0.0
42,A - IPC Crime,ATTEMPT TO MURDER (Sec. 307 IPC/109BNS),Professional ,2,0,0,2,2025-05,2,200.0
43,A - IPC Crime,ATTEMPT TO MURDER (Sec. 307 IPC/109BNS),Rape,1,0,0,0,2025-05,0,0.0
44,A - IPC Crime,ATTEMPT TO MURDER (Sec. 307 IPC/109BNS),Revenge/Enemity,106,21,22,18,2025-05,-4,-18.181818181818183
45,A - IPC Crime,ATTEMPT TO MURDER (Sec. 307 IPC/109BNS),Sudden Quarrel,114,29,21,25,2025-05,4,19.047619047619047
46,A - IPC Crime,ATTEMPT TO MURDER (Sec. 307 IPC/109BNS),Village Dispute,2,1,0,0,2025-05,0,0.0
47,A - IPC Crime,ATTEMPT TO MURDER (Sec. 307 IPC/109BNS),Due to Other Causes,934,176,207,167,2025-05,-40,-19.32367149758454
48,A - IPC Crime,ATTEMPT TO MURDER (Sec. 307 IPC/109BNS),Civil Disputes,142,23,32,24,2025-05,-8,-25.0
49,A - IPC Crime,CULPABLE HOMICIDE NOT AMOUNTING TO MUDER (Sec.304 IPC/105 BNS),For Gain,0,0,0,0,2025-05,0,0.0
50,A - IPC Crime,CULPABLE HOMICIDE NOT AMOUNTING TO MUDER (Sec.304 IPC/105 BNS),Over Civil Dispute,0,0,0,0,2025-05,0,0.0
51,A - IPC Crime,CULPABLE HOMICIDE NOT AMOUNTING TO MUDER (Sec.304 IPC/105 BNS),Due to Personal Vendetta or enemity,0,0,0,0,2025-05,0,0.0
52,A - IPC Crime,CULPABLE HOMICIDE NOT AMOUNTING TO MUDER (Sec.304 IPC/105 BNS),Due to Sexual jealousy,0,0,0,0,2025-05,0,0.0
53,A - IPC Crime,CULPABLE HOMICIDE NOT AMOUNTING TO MUDER (Sec.304 IPC/105 BNS),For Dowry,0,0,0,0,2025-05,0,0.0
54,A - IPC Crime,CULPABLE HOMICIDE NOT AMOUNTING TO MUDER (Sec.304 IPC/105 BNS),Due to Communalism,0,0,0,0,2025-05,0,0.0
55,A - IPC Crime,CULPABLE HOMICIDE NOT AMOUNTING TO MUDER (Sec.304 IPC/105 BNS),Due to Casteism,0,0,0,0,2025-05,0,0.0
56,A - IPC Crime,CULPABLE HOMICIDE NOT AMOUNTING TO MUDER (Sec.304 IPC/105 BNS),Witch Craft (Sorcery),0,0,0,0,2025-05,0,0.0
57,A - IPC Crime,CULPABLE HOMICIDE NOT AMOUNTING TO MUDER (Sec.304 IPC/105 BNS),For Human Sacrifice,0,0,0,0,2025-05,0,0.0
58,A - IPC Crime,CULPABLE HOMICIDE NOT AMOUNTING TO MUDER (Sec.304 IPC/105 BNS),Terrorism /Naxalism / Extremism,0,0,0,0,2025-05,0,0.0
59,A - IPC Crime,CULPABLE HOMICIDE NOT AMOUNTING TO MUDER (Sec.304 IPC/105 BNS),For Political Reasons,0,0,0,0,2025-05,0,0.0
60,A - IPC Crime,CULPABLE HOMICIDE NOT AMOUNTING TO MUDER (Sec.304 IPC/105 BNS),Adultery,0,0,0,0,2025-05,0,0.0
61,A - IPC Crime,CULPABLE HOMICIDE NOT AMOUNTING TO MUDER (Sec.304 IPC/105 BNS),Property Disputes,0,2,0,0,2025-05,0,0.0
62,A - IPC Crime,CULPABLE HOMICIDE NOT AMOUNTING TO MUDER (Sec.304 IPC/105 BNS),Electoral Gain,2,0,0,1,2025-05,1,100.0
63,A - IPC Crime,CULPABLE HOMICIDE NOT AMOUNTING TO MUDER (Sec.304 IPC/105 BNS),Gang Rivalry,0,0,0,0,2025-05,0,0.0
64,A - IPC Crime,CULPABLE HOMICIDE NOT AMOUNTING TO MUDER (Sec.304 IPC/105 BNS),Love Intrigue,0,0,0,0,2025-05,0,0.0
65,A - IPC Crime,CULPABLE HOMICIDE NOT AMOUNTING TO MUDER (Sec.304 IPC/105 BNS),Professional ,0,0,0,0,2025-05,0,0.0
66,A - IPC Crime,CULPABLE HOMICIDE NOT AMOUNTING TO MUDER (Sec.304 IPC/105 BNS),Sudden Quarrel,7,2,1,0,2025-05,-1,-100.0
67,A - IPC Crime,CULPABLE HOMICIDE NOT AMOUNTING TO MUDER (Sec.304 IPC/105 BNS),Due to Other Causes,44,7,10,5,2025-05,-5,-50.0
68,A - IPC Crime,ATTEMPT TO CULPABLE HOMICIDE NOT AMOUNTING TO MURDER (Sec. 308 IPC/110 BNS),For Gain,0,0,0,0,2025-05,0,0.0
69,A - IPC Crime,ATTEMPT TO CULPABLE HOMICIDE NOT AMOUNTING TO MURDER (Sec. 308 IPC/110 BNS),Over Civil Dispute,0,2,0,0,2025-05,0,0.0
70,A - IPC Crime,ATTEMPT TO CULPABLE HOMICIDE NOT AMOUNTING TO MURDER (Sec. 308 IPC/110 BNS),Due to Personal Vendetta or enemity,0,0,0,0,2025-05,0,0.0
71,A - IPC Crime,ATTEMPT TO CULPABLE HOMICIDE NOT AMOUNTING TO MURDER (Sec. 308 IPC/110 BNS),Due to Sexual jealousy,0,0,0,0,2025-05,0,0.0
72,A - IPC Crime,ATTEMPT TO CULPABLE HOMICIDE NOT AMOUNTING TO MURDER (Sec. 308 IPC/110 BNS),For Dowry,0,0,0,0,2025-05,0,0.0
73,A - IPC Crime,ATTEMPT TO CULPABLE HOMICIDE NOT AMOUNTING TO MURDER (Sec. 308 IPC/110 BNS),Due to Communalism,0,0,0,0,2025-05,0,0.0
74,A - IPC Crime,ATTEMPT TO CULPABLE HOMICIDE NOT AMOUNTING TO MURDER (Sec. 308 IPC/110 BNS),Due to Casteism,0,0,0,0,2025-05,0,0.0
75,A - IPC Crime,ATTEMPT TO CULPABLE HOMICIDE NOT AMOUNTING TO MURDER (Sec. 308 IPC/110 BNS),Witch Craft (Sorcery),0,0,0,0,2025-05,0,0.0
76,A - IPC Crime,ATTEMPT TO CULPABLE HOMICIDE NOT AMOUNTING TO MURDER (Sec. 308 IPC/110 BNS),For Human Sacrifice,0,0,0,0,2025-05,0,0.0
77,A - IPC Crime,ATTEMPT TO CULPABLE HOMICIDE NOT AMOUNTING TO MURDER (Sec. 308 IPC/110 BNS),Terrorism /Naxalism / Extremism,0,0,0,0,2025-05,0,0.0
78,A - IPC Crime,ATTEMPT TO CULPABLE HOMICIDE NOT AMOUNTING TO MURDER (Sec. 308 IPC/110 BNS),For Political Reasons,0,0,0,0,2025-05,0,0.0
79,A - IPC Crime,ATTEMPT TO CULPABLE HOMICIDE NOT AMOUNTING TO MURDER (Sec. 308 IPC/110 BNS),Due to Other Causes,28,6,8,12,2025-05,4,50.0
80,A - IPC Crime,ATTEMPT TO CULPABLE HOMICIDE NOT AMOUNTING TO MURDER (Sec. 308 IPC/110 BNS),Adultery,1,0,0,0,2025-05,0,0.0
81,A - IPC Crime,ATTEMPT TO CULPABLE HOMICIDE NOT AMOUNTING TO MURDER (Sec. 308 IPC/110 BNS),Property Disputes,0,1,0,0,2025-05,0,0.0
82,A - IPC Crime,ATTEMPT TO CULPABLE HOMICIDE NOT AMOUNTING TO MURDER (Sec. 308 IPC/110 BNS),Electoral Gain,0,0,0,0,2025-05,0,0.0
83,A - IPC Crime,ATTEMPT TO CULPABLE HOMICIDE NOT AMOUNTING TO MURDER (Sec. 308 IPC/110 BNS),Gang Rivalry,0,0,0,0,2025-05,0,0.0
84,A - IPC Crime,ATTEMPT TO CULPABLE HOMICIDE NOT AMOUNTING TO MURDER (Sec. 308 IPC/110 BNS),Love Intrigue,0,0,0,0,2025-05,0,0.0
85,A - IPC Crime,ATTEMPT TO CULPABLE HOMICIDE NOT AMOUNTING TO MURDER (Sec. 308 IPC/110 BNS),Professional ,0,0,0,0,2025-05,0,0.0
86,A - IPC Crime,ATTEMPT TO CULPABLE HOMICIDE NOT AMOUNTING TO MURDER (Sec. 308 IPC/110 BNS),Sudden Quarrel,4,1,1,1,2025-05,0,0.0
87,A - IPC Crime,"RAPE (Sec.376, 376(A) to 376 (D) IPC/64 TO 71 BNS)",Custodial Rape,0,0,0,0,2025-05,0,0.0
88,A - IPC Crime,"RAPE (Sec.376, 376(A) to 376 (D) IPC/64 TO 71 BNS)",Attempt to Commit,7,1,0,2,2025-05,2,200.0
89,A - IPC Crime,"RAPE (Sec.376, 376(A) to 376 (D) IPC/64 TO 71 BNS)",By a Gang,7,2,2,2,2025-05,0,0.0
90,A - IPC Crime,"RAPE (Sec.376, 376(A) to 376 (D) IPC/64 TO 71 BNS)",By Parents,2,0,0,0,2025-05,0,0.0
91,A - IPC Crime,"RAPE (Sec.376, 376(A) to 376 (D) IPC/64 TO 71 BNS)",By Hospital Staff,1,1,0,0,2025-05,0,0.0
92,A - IPC Crime,"RAPE (Sec.376, 376(A) to 376 (D) IPC/64 TO 71 BNS)",By Husband During Sepearation,2,1,0,1,2025-05,1,100.0
93,A - IPC Crime,"RAPE (Sec.376, 376(A) to 376 (D) IPC/64 TO 71 BNS)",By Neighbours,19,5,3,4,2025-05,1,33.33333333333333
94,A - IPC Crime,"RAPE (Sec.376, 376(A) to 376 (D) IPC/64 TO 71 BNS)",By Relatives,16,2,4,5,2025-05,1,25.0
95,A - IPC Crime,"RAPE (Sec.376, 376(A) to 376 (D) IPC/64 TO 71 BNS)",In Jail Custody,0,0,0,0,2025-05,0,0.0
96,A - IPC Crime,"RAPE (Sec.376, 376(A) to 376 (D) IPC/64 TO 71 BNS)",In Remand Home,0,0,0,0,2025-05,0,0.0
97,A - IPC Crime,"RAPE (Sec.376, 376(A) to 376 (D) IPC/64 TO 71 BNS)",InCest,0,0,0,0,2025-05,0,0.0
98,A - IPC Crime,"RAPE (Sec.376, 376(A) to 376 (D) IPC/64 TO 71 BNS)",Known Person,198,51,41,39,2025-05,-2,-4.878048780487805
99,A - IPC Crime,"RAPE (Sec.376, 376(A) to 376 (D) IPC/64 TO 71 BNS)",Unknown Person,7,1,1,5,2025-05,4,400.0
100,A - IPC Crime,"RAPE (Sec.376, 376(A) to 376 (D) IPC/64 TO 71 BNS)",Due to Other Causes,144,24,28,34,2025-05,6,21.428571428571427
101,A - IPC Crime,"RAPE (Sec.376, 376(A) to 376 (D) IPC/64 TO 71 BNS)",On Minor,0,0,0,0,2025-05,0,0.0
102,A - IPC Crime,"KIDNAPPING AND ABDUCTION (Sec.360, 361, 363 to 369 IPC/137(1)(A),137(1)(B),137(2),140 TO 142,97 BNS)",Missing - Boy,1218,242,299,271,2025-05,-28,-9.364548494983277
103,A - IPC Crime,"KIDNAPPING AND ABDUCTION (Sec.360, 361, 363 to 369 IPC/137(1)(A),137(1)(B),137(2),140 TO 142,97 BNS)",Missing - Girl,383,65,83,81,2025-05,-2,-2.4096385542168677
104,A - IPC Crime,"KIDNAPPING AND ABDUCTION (Sec.360, 361, 363 to 369 IPC/137(1)(A),137(1)(B),137(2),140 TO 142,97 BNS)",For Ransom - of Children,5,0,0,2,2025-05,2,200.0
105,A - IPC Crime,"KIDNAPPING AND ABDUCTION (Sec.360, 361, 363 to 369 IPC/137(1)(A),137(1)(B),137(2),140 TO 142,97 BNS)",For Ransom - of Cildren for Begging,0,0,0,0,2025-05,0,0.0
106,A - IPC Crime,"KIDNAPPING AND ABDUCTION (Sec.360, 361, 363 to 369 IPC/137(1)(A),137(1)(B),137(2),140 TO 142,97 BNS)",For Ransom - of Women,4,1,0,2,2025-05,2,200.0
107,A - IPC Crime,"KIDNAPPING AND ABDUCTION (Sec.360, 361, 363 to 369 IPC/137(1)(A),137(1)(B),137(2),140 TO 142,97 BNS)",For Ransom - of Girls for Immoral Purpose,0,0,0,0,2025-05,0,0.0
108,A - IPC Crime,"KIDNAPPING AND ABDUCTION (Sec.360, 361, 363 to 369 IPC/137(1)(A),137(1)(B),137(2),140 TO 142,97 BNS)",For Ransom - of  Others,28,5,7,6,2025-05,-1,-14.285714285714285
109,A - IPC Crime,"KIDNAPPING AND ABDUCTION (Sec.360, 361, 363 to 369 IPC/137(1)(A),137(1)(B),137(2),140 TO 142,97 BNS)",Procuration of Minor Girls - For Prostitution,0,0,0,0,2025-05,0,0.0
110,A - IPC Crime,"KIDNAPPING AND ABDUCTION (Sec.360, 361, 363 to 369 IPC/137(1)(A),137(1)(B),137(2),140 TO 142,97 BNS)",Procuration of Minor Girls - Importring of Girl,0,0,0,0,2025-05,0,0.0
111,A - IPC Crime,"KIDNAPPING AND ABDUCTION (Sec.360, 361, 363 to 369 IPC/137(1)(A),137(1)(B),137(2),140 TO 142,97 BNS)",Procuration of Minor Girls - For other Purpose,8,0,1,1,2025-05,0,0.0
112,A - IPC Crime,"KIDNAPPING AND ABDUCTION (Sec.360, 361, 363 to 369 IPC/137(1)(A),137(1)(B),137(2),140 TO 142,97 BNS)",Espionage,0,0,0,0,2025-05,0,0.0
113,A - IPC Crime,"KIDNAPPING AND ABDUCTION (Sec.360, 361, 363 to 369 IPC/137(1)(A),137(1)(B),137(2),140 TO 142,97 BNS)",Intent to Steal From Child,0,0,0,0,2025-05,0,0.0
114,A - IPC Crime,"KIDNAPPING AND ABDUCTION (Sec.360, 361, 363 to 369 IPC/137(1)(A),137(1)(B),137(2),140 TO 142,97 BNS)",Murder (Homicide),0,0,0,0,2025-05,0,0.0
115,A - IPC Crime,"KIDNAPPING AND ABDUCTION (Sec.360, 361, 363 to 369 IPC/137(1)(A),137(1)(B),137(2),140 TO 142,97 BNS)",Obtain Signature Forcibly,0,0,0,0,2025-05,0,0.0
116,A - IPC Crime,"KIDNAPPING AND ABDUCTION (Sec.360, 361, 363 to 369 IPC/137(1)(A),137(1)(B),137(2),140 TO 142,97 BNS)",Recovering Loan,1,1,0,0,2025-05,0,0.0
117,A - IPC Crime,"KIDNAPPING AND ABDUCTION (Sec.360, 361, 363 to 369 IPC/137(1)(A),137(1)(B),137(2),140 TO 142,97 BNS)",Settling any Disputes,2,0,1,0,2025-05,-1,-100.0
118,A - IPC Crime,"KIDNAPPING AND ABDUCTION (Sec.360, 361, 363 to 369 IPC/137(1)(A),137(1)(B),137(2),140 TO 142,97 BNS)",Unnatural Lust / Illicit Intercourse,0,0,0,0,2025-05,0,0.0
119,A - IPC Crime,"KIDNAPPING AND ABDUCTION (Sec.360, 361, 363 to 369 IPC/137(1)(A),137(1)(B),137(2),140 TO 142,97 BNS)",Wrongful Confinement,3,1,1,0,2025-05,-1,-100.0
120,A - IPC Crime,"KIDNAPPING AND ABDUCTION (Sec.360, 361, 363 to 369 IPC/137(1)(A),137(1)(B),137(2),140 TO 142,97 BNS)",For Exporting,0,0,0,0,2025-05,0,0.0
121,A - IPC Crime,"KIDNAPPING AND ABDUCTION (Sec.360, 361, 363 to 369 IPC/137(1)(A),137(1)(B),137(2),140 TO 142,97 BNS)",From Lawful Guardianship,2,0,0,1,2025-05,1,100.0
122,A - IPC Crime,"KIDNAPPING AND ABDUCTION (Sec.360, 361, 363 to 369 IPC/137(1)(A),137(1)(B),137(2),140 TO 142,97 BNS)",For Camel Racing Etc.,0,0,0,0,2025-05,0,0.0
123,A - IPC Crime,"KIDNAPPING AND ABDUCTION (Sec.360, 361, 363 to 369 IPC/137(1)(A),137(1)(B),137(2),140 TO 142,97 BNS)",To Compel For Marriage,4,1,1,1,2025-05,0,0.0
124,A - IPC Crime,"KIDNAPPING AND ABDUCTION (Sec.360, 361, 363 to 369 IPC/137(1)(A),137(1)(B),137(2),140 TO 142,97 BNS)",For Slavery,0,0,0,0,2025-05,0,0.0
125,A - IPC Crime,"KIDNAPPING AND ABDUCTION (Sec.360, 361, 363 to 369 IPC/137(1)(A),137(1)(B),137(2),140 TO 142,97 BNS)",For Stealing From its Person,1,0,1,0,2025-05,-1,-100.0
126,A - IPC Crime,"KIDNAPPING AND ABDUCTION (Sec.360, 361, 363 to 369 IPC/137(1)(A),137(1)(B),137(2),140 TO 142,97 BNS)",Others,189,41,33,46,2025-05,13,39.39393939393939
127,A - IPC Crime,"DACOITY (Sec. 395 to 398 IPC/310(2),310(4),311,312 BNS)",At ATM,0,0,0,0,2025-05,0,0.0
128,A - IPC Crime,"DACOITY (Sec. 395 to 398 IPC/310(2),310(4),311,312 BNS)",At Residential Premises,14,2,2,0,2025-05,-2,-100.0
129,A - IPC Crime,"DACOITY (Sec. 395 to 398 IPC/310(2),310(4),311,312 BNS)",On Highways,7,2,2,0,2025-05,-2,-100.0
130,A - IPC Crime,"DACOITY (Sec. 395 to 398 IPC/310(2),310(4),311,312 BNS)",In Trains,1,0,0,0,2025-05,0,0.0
131,A - IPC Crime,"DACOITY (Sec. 395 to 398 IPC/310(2),310(4),311,312 BNS)",At Banks,1,0,0,0,2025-05,0,0.0
132,A - IPC Crime,"DACOITY (Sec. 395 to 398 IPC/310(2),310(4),311,312 BNS)",At Commercial Places / Establishments,5,3,1,1,2025-05,0,0.0
133,A - IPC Crime,"DACOITY (Sec. 395 to 398 IPC/310(2),310(4),311,312 BNS)",On Other Roads,15,1,1,3,2025-05,2,200.0
134,A - IPC Crime,"DACOITY (Sec. 395 to 398 IPC/310(2),310(4),311,312 BNS)",In Other Places,12,1,2,2,2025-05,0,0.0
135,A - IPC Crime,"DACOITY (Sec. 395 to 398 IPC/310(2),310(4),311,312 BNS)",River & Sea,0,0,0,0,2025-05,0,0.0
136,A - IPC Crime,"DACOITY (Sec. 395 to 398 IPC/310(2),310(4),311,312 BNS)",Preparation And Assembly for Dacoity,31,14,8,7,2025-05,-1,-12.5
137,A - IPC Crime,"Robbery (Sec.392 to 394 IPC/309(4),309(5),309(6) BNS)",At ATM,0,0,0,0,2025-05,0,0.0
138,A - IPC Crime,"Robbery (Sec.392 to 394 IPC/309(4),309(5),309(6) BNS)",At Residential Premises,49,14,11,8,2025-05,-3,-27.27272727272727
139,A - IPC Crime,"Robbery (Sec.392 to 394 IPC/309(4),309(5),309(6) BNS)",On Highways,26,15,6,3,2025-05,-3,-50.0
140,A - IPC Crime,"Robbery (Sec.392 to 394 IPC/309(4),309(5),309(6) BNS)",In Trains,0,1,0,0,2025-05,0,0.0
141,A - IPC Crime,"Robbery (Sec.392 to 394 IPC/309(4),309(5),309(6) BNS)",At Banks,0,0,0,0,2025-05,0,0.0
142,A - IPC Crime,"Robbery (Sec.392 to 394 IPC/309(4),309(5),309(6) BNS)",At Commercial Places / Establishments,15,5,5,3,2025-05,-2,-40.0
143,A - IPC Crime,"Robbery (Sec.392 to 394 IPC/309(4),309(5),309(6) BNS)",In Other Places,130,81,21,31,2025-05,10,47.61904761904761
144,A - IPC Crime,"Robbery (Sec.392 to 394 IPC/309(4),309(5),309(6) BNS)",Chain Snatching,199,58,39,38,2025-05,-1,-2.564102564102564
145,A - IPC Crime,"Robbery (Sec.392 to 394 IPC/309(4),309(5),309(6) BNS)",Attempt to Commit,14,5,1,2,2025-05,1,100.0
146,A - IPC Crime,"BURGLARY - NIGHT (Sec. 380 IPC R/W 453 TO 460, 462 IPC/305,R/W 331(1) TO 331(8),334(2) BNS)",At Residential Premises,995,257,218,210,2025-05,-8,-3.669724770642202
147,A - IPC Crime,"BURGLARY - NIGHT (Sec. 380 IPC R/W 453 TO 460, 462 IPC/305,R/W 331(1) TO 331(8),334(2) BNS)",On Highways,1,0,0,0,2025-05,0,0.0
148,A - IPC Crime,"BURGLARY - NIGHT (Sec. 380 IPC R/W 453 TO 460, 462 IPC/305,R/W 331(1) TO 331(8),334(2) BNS)",In Trains,0,0,0,0,2025-05,0,0.0
149,A - IPC Crime,"BURGLARY - NIGHT (Sec. 380 IPC R/W 453 TO 460, 462 IPC/305,R/W 331(1) TO 331(8),334(2) BNS)",At Banks,8,1,2,1,2025-05,-1,-50.0
150,A - IPC Crime,"BURGLARY - NIGHT (Sec. 380 IPC R/W 453 TO 460, 462 IPC/305,R/W 331(1) TO 331(8),334(2) BNS)",At Commercial Places / Establishments,249,65,36,56,2025-05,20,55.55555555555556
151,A - IPC Crime,"BURGLARY - NIGHT (Sec. 380 IPC R/W 453 TO 460, 462 IPC/305,R/W 331(1) TO 331(8),334(2) BNS)",In Other Places,199,50,38,30,2025-05,-8,-21.052631578947366
152,A - IPC Crime,"BURGLARY - NIGHT (Sec. 380 IPC R/W 453 TO 460, 462 IPC/305,R/W 331(1) TO 331(8),334(2) BNS)",Temple Theft,116,26,23,34,2025-05,11,47.82608695652174
153,A - IPC Crime,"BURGLARY - DAY (Sec. 380 IPC R/W 453 TO 460, 462 IPC/305,R/W 331(1) TO 331(8), 334(2) BNS)",At Residential Premises,398,84,87,79,2025-05,-8,-9.195402298850574
154,A - IPC Crime,"BURGLARY - DAY (Sec. 380 IPC R/W 453 TO 460, 462 IPC/305,R/W 331(1) TO 331(8), 334(2) BNS)",On Highways,0,0,0,0,2025-05,0,0.0
155,A - IPC Crime,"BURGLARY - DAY (Sec. 380 IPC R/W 453 TO 460, 462 IPC/305,R/W 331(1) TO 331(8), 334(2) BNS)",In Trains,0,0,0,0,2025-05,0,0.0
156,A - IPC Crime,"BURGLARY - DAY (Sec. 380 IPC R/W 453 TO 460, 462 IPC/305,R/W 331(1) TO 331(8), 334(2) BNS)",At Banks,0,2,0,0,2025-05,0,0.0
157,A - IPC Crime,"BURGLARY - DAY (Sec. 380 IPC R/W 453 TO 460, 462 IPC/305,R/W 331(1) TO 331(8), 334(2) BNS)",At Commercial Places / Establishments,13,7,1,4,2025-05,3,300.0
158,A - IPC Crime,"BURGLARY - DAY (Sec. 380 IPC R/W 453 TO 460, 462 IPC/305,R/W 331(1) TO 331(8), 334(2) BNS)",In Other Places,13,7,3,4,2025-05,1,33.33333333333333
159,A - IPC Crime,"BURGLARY - DAY (Sec. 380 IPC R/W 453 TO 460, 462 IPC/305,R/W 331(1) TO 331(8), 334(2) BNS)",Temple Theft,3,4,0,0,2025-05,0,0.0
160,A - IPC Crime,THEFT (Sec.379 to 389 IPC/303(2) TO 308(7) BNS),Attempt to commit,23,4,1,7,2025-05,6,600.0
161,A - IPC Crime,THEFT (Sec.379 to 389 IPC/303(2) TO 308(7) BNS),Of Automobiles - Of Tractors,45,4,5,10,2025-05,5,100.0
162,A - IPC Crime,THEFT (Sec.379 to 389 IPC/303(2) TO 308(7) BNS),In Running Bus,51,0,13,7,2025-05,-6,-46.15384615384615
163,A - IPC Crime,THEFT (Sec.379 to 389 IPC/303(2) TO 308(7) BNS),Of Snatching,247,0,61,43,2025-05,-18,-29.508196721311474
164,A - IPC Crime,THEFT (Sec.379 to 389 IPC/303(2) TO 308(7) BNS),At ATM,15,1,3,5,2025-05,2,66.66666666666666
165,A - IPC Crime,THEFT (Sec.379 to 389 IPC/303(2) TO 308(7) BNS),Of Sand,637,135,147,105,2025-05,-42,-28.57142857142857
166,A - IPC Crime,THEFT (Sec.379 to 389 IPC/303(2) TO 308(7) BNS),Government Office,13,0,1,3,2025-05,2,200.0
167,A - IPC Crime,THEFT (Sec.379 to 389 IPC/303(2) TO 308(7) BNS),Of Mines,35,2,17,4,2025-05,-13,-76.47058823529412
168,A - IPC Crime,THEFT (Sec.379 to 389 IPC/303(2) TO 308(7) BNS),Communication And Elec. Wire,106,29,21,15,2025-05,-6,-28.57142857142857
169,A - IPC Crime,THEFT (Sec.379 to 389 IPC/303(2) TO 308(7) BNS),Of Cattle,225,40,51,37,2025-05,-14,-27.450980392156865
170,A - IPC Crime,THEFT (Sec.379 to 389 IPC/303(2) TO 308(7) BNS),Of Cycle,20,11,4,2,2025-05,-2,-50.0
171,A - IPC Crime,THEFT (Sec.379 to 389 IPC/303(2) TO 308(7) BNS),Of Automobiles - Of Lorries/Trucks,55,12,11,13,2025-05,2,18.181818181818183
172,A - IPC Crime,THEFT (Sec.379 to 389 IPC/303(2) TO 308(7) BNS),Of Automobiles - Of Buses,1,0,0,0,2025-05,0,0.0
173,A - IPC Crime,THEFT (Sec.379 to 389 IPC/303(2) TO 308(7) BNS),Of Automobiles - Of Cars / Jeeps,104,12,16,31,2025-05,15,93.75
174,A - IPC Crime,THEFT (Sec.379 to 389 IPC/303(2) TO 308(7) BNS),Of Automobiles - Of Two Wheelers ,3762,1063,761,707,2025-05,-54,-7.095926412614981
175,A - IPC Crime,THEFT (Sec.379 to 389 IPC/303(2) TO 308(7) BNS),Of Automobies - of Three Wheelers,101,32,22,20,2025-05,-2,-9.090909090909092
176,A - IPC Crime,THEFT (Sec.379 to 389 IPC/303(2) TO 308(7) BNS),Of Accessories of Motor Vehicle,111,22,21,22,2025-05,1,4.761904761904762
177,A - IPC Crime,THEFT (Sec.379 to 389 IPC/303(2) TO 308(7) BNS),Govt. Vehicle,1,1,0,0,2025-05,0,0.0
178,A - IPC Crime,THEFT (Sec.379 to 389 IPC/303(2) TO 308(7) BNS),"Electronic Goods (Radio, TV, VCR, Acs, Office Automation Equipments)",425,135,88,90,2025-05,2,2.272727272727273
179,A - IPC Crime,THEFT (Sec.379 to 389 IPC/303(2) TO 308(7) BNS),Of Fire Arms,4,0,0,1,2025-05,1,100.0
180,A - IPC Crime,THEFT (Sec.379 to 389 IPC/303(2) TO 308(7) BNS),Of Explosives,1,0,0,1,2025-05,1,100.0
181,A - IPC Crime,THEFT (Sec.379 to 389 IPC/303(2) TO 308(7) BNS),Of Cultural - Idols,5,0,2,3,2025-05,1,50.0
182,A - IPC Crime,THEFT (Sec.379 to 389 IPC/303(2) TO 308(7) BNS),Of Cultural - Painting,0,0,0,0,2025-05,0,0.0
183,A - IPC Crime,THEFT (Sec.379 to 389 IPC/303(2) TO 308(7) BNS),Of Cultrual - Others,94,17,19,17,2025-05,-2,-10.526315789473683
184,A - IPC Crime,THEFT (Sec.379 to 389 IPC/303(2) TO 308(7) BNS),Cash,219,59,46,46,2025-05,0,0.0
185,A - IPC Crime,THEFT (Sec.379 to 389 IPC/303(2) TO 308(7) BNS),Jewellery,720,144,142,166,2025-05,24,16.901408450704224
186,A - IPC Crime,THEFT (Sec.379 to 389 IPC/303(2) TO 308(7) BNS),Other Items Not Included Above,711,153,128,135,2025-05,7,5.46875
187,A - IPC Crime,THEFT (Sec.379 to 389 IPC/303(2) TO 308(7) BNS),In Running Train,26,1,6,5,2025-05,-1,-16.666666666666664
188,A - IPC Crime,THEFT (Sec.379 to 389 IPC/303(2) TO 308(7) BNS),Extortion,110,17,16,21,2025-05,5,31.25
189,A - IPC Crime,THEFT (Sec.379 to 389 IPC/303(2) TO 308(7) BNS),House Theft,745,175,145,166,2025-05,21,14.482758620689657
190,A - IPC Crime,THEFT (Sec.379 to 389 IPC/303(2) TO 308(7) BNS),Servant Theft,191,50,37,47,2025-05,10,27.027027027027028
191,A - IPC Crime,"RIOTS (Sec.141 to 153 IPC/189(1) TO 189(6),191(1)TO 191(3), 190,192,195 BNS))",Land Dispute,409,124,98,84,2025-05,-14,-14.285714285714285
192,A - IPC Crime,"RIOTS (Sec.141 to 153 IPC/189(1) TO 189(6),191(1)TO 191(3), 190,192,195 BNS))",Employee - Govt.,0,0,0,0,2025-05,0,0.0
193,A - IPC Crime,"RIOTS (Sec.141 to 153 IPC/189(1) TO 189(6),191(1)TO 191(3), 190,192,195 BNS))",Labour - Private Sector,0,0,0,0,2025-05,0,0.0
194,A - IPC Crime,"RIOTS (Sec.141 to 153 IPC/189(1) TO 189(6),191(1)TO 191(3), 190,192,195 BNS))",Labour - Public Sector,0,0,0,0,2025-05,0,0.0
195,A - IPC Crime,"RIOTS (Sec.141 to 153 IPC/189(1) TO 189(6),191(1)TO 191(3), 190,192,195 BNS))",Linguistic,0,1,0,0,2025-05,0,0.0
196,A - IPC Crime,"RIOTS (Sec.141 to 153 IPC/189(1) TO 189(6),191(1)TO 191(3), 190,192,195 BNS))",Political ,3,6,1,0,2025-05,-1,-100.0
197,A - IPC Crime,"RIOTS (Sec.141 to 153 IPC/189(1) TO 189(6),191(1)TO 191(3), 190,192,195 BNS))",Regional,2,0,2,0,2025-05,-2,-100.0
198,A - IPC Crime,"RIOTS (Sec.141 to 153 IPC/189(1) TO 189(6),191(1)TO 191(3), 190,192,195 BNS))",Sectarian,0,0,0,0,2025-05,0,0.0
199,A - IPC Crime,"RIOTS (Sec.141 to 153 IPC/189(1) TO 189(6),191(1)TO 191(3), 190,192,195 BNS))",Students,2,0,0,1,2025-05,1,100.0
200,A - IPC Crime,"RIOTS (Sec.141 to 153 IPC/189(1) TO 189(6),191(1)TO 191(3), 190,192,195 BNS))",Tribal,0,0,0,0,2025-05,0,0.0
201,A - IPC Crime,"RIOTS (Sec.141 to 153 IPC/189(1) TO 189(6),191(1)TO 191(3), 190,192,195 BNS))",Due to Village Disputes,9,2,1,3,2025-05,2,200.0
202,A - IPC Crime,"RIOTS (Sec.141 to 153 IPC/189(1) TO 189(6),191(1)TO 191(3), 190,192,195 BNS))",Communal,2,1,1,0,2025-05,-1,-100.0
203,A - IPC Crime,"RIOTS (Sec.141 to 153 IPC/189(1) TO 189(6),191(1)TO 191(3), 190,192,195 BNS))",Industrial,2,0,2,0,2025-05,-2,-100.0
204,A - IPC Crime,"RIOTS (Sec.141 to 153 IPC/189(1) TO 189(6),191(1)TO 191(3), 190,192,195 BNS))",Caste,2,3,0,0,2025-05,0,0.0
205,A - IPC Crime,"RIOTS (Sec.141 to 153 IPC/189(1) TO 189(6),191(1)TO 191(3), 190,192,195 BNS))",Agrarian,0,0,0,0,2025-05,0,0.0
206,A - IPC Crime,"RIOTS (Sec.141 to 153 IPC/189(1) TO 189(6),191(1)TO 191(3), 190,192,195 BNS))",Others,985,261,190,205,2025-05,15,7.894736842105263
207,A - IPC Crime,"OFFENCES AGAINST STATE (Sec. 121 to 130, except 124(A) IPC/147 TO 158 BNS)","OFFENCES AGAINST STATE (Sec. 121 to 130, except 124(A) IPC/147 TO 158 BNS)",0,0,0,0,2025-05,0,0.0
208,A - IPC Crime,"OFFENCES PROMOTING ENEMITY (Sec. 153(A), 154(B) & 505 IPC/196, 197 & 353 BNS","OFFENCES PROMOTING ENEMITY (Sec. 153(A), 154(B) & 505 IPC/196, 197 & 353 BNS",84,5,14,44,2025-05,30,214.28571428571428
209,A - IPC Crime,CRIMINAL BREACH OF TRUST (Sec. 406 to 409 IPC/316(2) to 316(5) BNS),CRIMINAL BREACH OF TRUST (Sec. 406 to 409 IPC/316(2) to 316(5) BNS),282,36,48,60,2025-05,12,25.0
210,A - IPC Crime,"CHEATING (Sec.417 to 420 IPC/318(2)to 318(4), 319(2) BNS)","CHEATING (Sec.417 to 420 IPC/318(2)to 318(4), 319(2) BNS)",2416,535,458,470,2025-05,12,2.6200873362445414
211,A - IPC Crime,"COUNTERFEITING (Sec. 231 to 263 (A), 489(A) to 489 (E) IPC/178 TO 185 BNS)","Stock Share, Debentrue Certificate",0,0,0,0,2025-05,0,0.0
212,A - IPC Crime,"COUNTERFEITING (Sec. 231 to 263 (A), 489(A) to 489 (E) IPC/178 TO 185 BNS)",Usage of Counterfeit Stamp,0,0,0,0,2025-05,0,0.0
213,A - IPC Crime,"COUNTERFEITING (Sec. 231 to 263 (A), 489(A) to 489 (E) IPC/178 TO 185 BNS)",Of Coins (Sec 231 to 254 IPC),0,0,0,0,2025-05,0,0.0
214,A - IPC Crime,"COUNTERFEITING (Sec. 231 to 263 (A), 489(A) to 489 (E) IPC/178 TO 185 BNS)",Of Stamps (Sec.255 to 263(A) IPC),0,0,0,0,2025-05,0,0.0
215,A - IPC Crime,"COUNTERFEITING (Sec. 231 to 263 (A), 489(A) to 489 (E) IPC/178 TO 185 BNS)",Of Currency Notes And Bank Notes (Sec. 489 (A) to 489 (E) IPC),14,3,3,6,2025-05,3,100.0
216,A - IPC Crime,"COUNTERFEITING (Sec. 231 to 263 (A), 489(A) to 489 (E) IPC/178 TO 185 BNS)",Of Others,0,0,0,0,2025-05,0,0.0
217,A - IPC Crime,"FORGERY (Sec. 465, 468, 471, 473, 476, 477 & 477(A) IPC/336(2),336(3),340(2),341(2),342(2),343,
344 BNS)",Forgery  ,180,21,33,33,2025-05,0,0.0
218,A - IPC Crime,"FORGERY (Sec. 465, 468, 471, 473, 476, 477 & 477(A) IPC/336(2),336(3),340(2),341(2),342(2),343,
344 BNS)",Organised (Racket),0,0,0,0,2025-05,0,0.0
219,A - IPC Crime,"FORGERY (Sec. 465, 468, 471, 473, 476, 477 & 477(A) IPC/336(2),336(3),340(2),341(2),342(2),343,
344 BNS)",Forgery of Passport,0,0,0,0,2025-05,0,0.0
220,A - IPC Crime,"FORGERY (Sec. 465, 468, 471, 473, 476, 477 & 477(A) IPC/336(2),336(3),340(2),341(2),342(2),343,
344 BNS)",Other Forgery,80,12,8,19,2025-05,11,137.5
221,A - IPC Crime,"CASES OF HURT (Sec. 323 to 335 IPC except 328, 332, 333/115(2) TO 122(2) EXCEPT 121(1),121(2) BNS)",Acid Attack (326(a)),7,1,1,2,2025-05,1,100.0
222,A - IPC Crime,"CASES OF HURT (Sec. 323 to 335 IPC except 328, 332, 333/115(2) TO 122(2) EXCEPT 121(1),121(2) BNS)",Attempt to Acid Attack (326(b)),0,0,0,0,2025-05,0,0.0
223,A - IPC Crime,"CASES OF HURT (Sec. 323 to 335 IPC except 328, 332, 333/115(2) TO 122(2) EXCEPT 121(1),121(2) BNS)",Grievous Hurt,491,141,117,92,2025-05,-25,-21.367521367521366
224,A - IPC Crime,"CASES OF HURT (Sec. 323 to 335 IPC except 328, 332, 333/115(2) TO 122(2) EXCEPT 121(1),121(2) BNS)",Simple Hurt,6525,1708,1410,1299,2025-05,-111,-7.872340425531915
225,A - IPC Crime,"CASES OF HURT (Sec. 323 to 335 IPC except 328, 332, 333/115(2) TO 122(2) EXCEPT 121(1),121(2) BNS)",Custodial,1,0,0,1,2025-05,1,100.0
226,A - IPC Crime,"ADULTERATION (Sec. 272, 273 to 276 IPC/274,275 TO 278 BNS)",Attempt to Commit,0,0,0,0,2025-05,0,0.0
227,A - IPC Crime,"ADULTERATION (Sec. 272, 273 to 276 IPC/274,275 TO 278 BNS)",Alcoholic Drink (Liquor),4,0,0,1,2025-05,1,100.0
228,A - IPC Crime,"ADULTERATION (Sec. 272, 273 to 276 IPC/274,275 TO 278 BNS)",Cement & Chemical/Fertiliser,0,0,0,0,2025-05,0,0.0
229,A - IPC Crime,"ADULTERATION (Sec. 272, 273 to 276 IPC/274,275 TO 278 BNS)",Cosmetics,0,0,0,0,2025-05,0,0.0
230,A - IPC Crime,"ADULTERATION (Sec. 272, 273 to 276 IPC/274,275 TO 278 BNS)",Diesel,0,0,0,0,2025-05,0,0.0
231,A - IPC Crime,"ADULTERATION (Sec. 272, 273 to 276 IPC/274,275 TO 278 BNS)",Drug/Medicine,2,0,0,1,2025-05,1,100.0
232,A - IPC Crime,"ADULTERATION (Sec. 272, 273 to 276 IPC/274,275 TO 278 BNS)",Edible Oil,0,0,0,0,2025-05,0,0.0
233,A - IPC Crime,"ADULTERATION (Sec. 272, 273 to 276 IPC/274,275 TO 278 BNS)",Food Grain,1,0,0,0,2025-05,0,0.0
234,A - IPC Crime,"ADULTERATION (Sec. 272, 273 to 276 IPC/274,275 TO 278 BNS)",Kerosene,0,0,0,0,2025-05,0,0.0
235,A - IPC Crime,"ADULTERATION (Sec. 272, 273 to 276 IPC/274,275 TO 278 BNS)",Life Saving Drug,0,0,0,0,2025-05,0,0.0
236,A - IPC Crime,"ADULTERATION (Sec. 272, 273 to 276 IPC/274,275 TO 278 BNS)",Mobile Oil,0,0,0,0,2025-05,0,0.0
237,A - IPC Crime,"ADULTERATION (Sec. 272, 273 to 276 IPC/274,275 TO 278 BNS)",Petrol,0,0,0,0,2025-05,0,0.0
238,A - IPC Crime,"ADULTERATION (Sec. 272, 273 to 276 IPC/274,275 TO 278 BNS)",Petroleum Product,0,0,0,0,2025-05,0,0.0
239,A - IPC Crime,"ADULTERATION (Sec. 272, 273 to 276 IPC/274,275 TO 278 BNS)",Soft Drinks,0,0,0,0,2025-05,0,0.0
240,A - IPC Crime,"ADULTERATION (Sec. 272, 273 to 276 IPC/274,275 TO 278 BNS)",Spices,0,0,0,0,2025-05,0,0.0
241,A - IPC Crime,"ADULTERATION (Sec. 272, 273 to 276 IPC/274,275 TO 278 BNS)",Others,4,0,0,0,2025-05,0,0.0
242,A - IPC Crime,AFFRAY (Sec. 160 IPC/194(2) BNS),ALL / NOT SPECIFIED,298,51,66,57,2025-05,-9,-13.636363636363635
243,A - IPC Crime,"ARSON (Sec. 435, 436, 438 IPC/326(f),326(g),327(g) BNS)",Agricultural Produce,25,5,4,1,2025-05,-3,-75.0
244,A - IPC Crime,"ARSON (Sec. 435, 436, 438 IPC/326(f),326(g),327(g) BNS)",Attemp to Commit,0,0,0,0,2025-05,0,0.0
245,A - IPC Crime,"ARSON (Sec. 435, 436, 438 IPC/326(f),326(g),327(g) BNS)",Boat / Ship,0,0,0,0,2025-05,0,0.0
246,A - IPC Crime,"ARSON (Sec. 435, 436, 438 IPC/326(f),326(g),327(g) BNS)",Dwelling House,5,0,1,1,2025-05,0,0.0
247,A - IPC Crime,"ARSON (Sec. 435, 436, 438 IPC/326(f),326(g),327(g) BNS)",Educational Institution,1,0,0,1,2025-05,1,100.0
248,A - IPC Crime,"ARSON (Sec. 435, 436, 438 IPC/326(f),326(g),327(g) BNS)",Govt. Property,3,0,0,0,2025-05,0,0.0
249,A - IPC Crime,"ARSON (Sec. 435, 436, 438 IPC/326(f),326(g),327(g) BNS)",Industrial Establishment,0,0,0,0,2025-05,0,0.0
250,A - IPC Crime,"ARSON (Sec. 435, 436, 438 IPC/326(f),326(g),327(g) BNS)",Place of worship,1,0,0,0,2025-05,0,0.0
251,A - IPC Crime,"ARSON (Sec. 435, 436, 438 IPC/326(f),326(g),327(g) BNS)",Public Place,6,1,0,4,2025-05,4,400.0
252,A - IPC Crime,"ARSON (Sec. 435, 436, 438 IPC/326(f),326(g),327(g) BNS)",Railway Property,0,0,0,0,2025-05,0,0.0
253,A - IPC Crime,"ARSON (Sec. 435, 436, 438 IPC/326(f),326(g),327(g) BNS)",Vital Installation,0,0,0,0,2025-05,0,0.0
254,A - IPC Crime,"ARSON (Sec. 435, 436, 438 IPC/326(f),326(g),327(g) BNS)",Warehouse (Godown),2,0,0,0,2025-05,0,0.0
255,A - IPC Crime,"ARSON (Sec. 435, 436, 438 IPC/326(f),326(g),327(g) BNS)",Others,53,10,11,7,2025-05,-4,-36.36363636363637
256,A - IPC Crime,"ASSAULT (Sec 356, 357 IPC/134,135 BNS)",Attempt To Commit,3,0,0,1,2025-05,1,100.0
257,A - IPC Crime,"ASSAULT (Sec 356, 357 IPC/134,135 BNS)",On Contractor,0,0,0,0,2025-05,0,0.0
258,A - IPC Crime,"ASSAULT (Sec 356, 357 IPC/134,135 BNS)",On Domestic Servant,0,0,0,0,2025-05,0,0.0
259,A - IPC Crime,"ASSAULT (Sec 356, 357 IPC/134,135 BNS)",On Labourer,1,1,0,0,2025-05,0,0.0
260,A - IPC Crime,"ASSAULT (Sec 356, 357 IPC/134,135 BNS)",On Man (General),7,2,0,3,2025-05,3,300.0
261,A - IPC Crime,"ASSAULT (Sec 356, 357 IPC/134,135 BNS)",On Man (SC),0,0,0,0,2025-05,0,0.0
262,A - IPC Crime,"ASSAULT (Sec 356, 357 IPC/134,135 BNS)",On Man (ST),0,0,0,0,2025-05,0,0.0
263,A - IPC Crime,"ASSAULT (Sec 356, 357 IPC/134,135 BNS)",On Manager/Executive (Other Than Public Servant),0,0,0,0,2025-05,0,0.0
264,A - IPC Crime,"ASSAULT (Sec 356, 357 IPC/134,135 BNS)","On Member of Clergy (Christian, Budhist, Jain, Sikh)",0,0,0,0,2025-05,0,0.0
265,A - IPC Crime,"ASSAULT (Sec 356, 357 IPC/134,135 BNS)",Member of Legislative Assembly / Council (MLA/MLC),0,0,0,0,2025-05,0,0.0
266,A - IPC Crime,"ASSAULT (Sec 356, 357 IPC/134,135 BNS)",On Member of Parliament (MP),0,0,0,0,2025-05,0,0.0
267,A - IPC Crime,"ASSAULT (Sec 356, 357 IPC/134,135 BNS)",On other Dignitaries /Public Figures,0,0,0,0,2025-05,0,0.0
268,A - IPC Crime,"ASSAULT (Sec 356, 357 IPC/134,135 BNS)",On Press,0,0,0,0,2025-05,0,0.0
269,A - IPC Crime,"ASSAULT (Sec 356, 357 IPC/134,135 BNS)",On Professional ,0,0,0,0,2025-05,0,0.0
270,A - IPC Crime,"ASSAULT (Sec 356, 357 IPC/134,135 BNS)",On Public Servant,0,1,0,0,2025-05,0,0.0
271,A - IPC Crime,"ASSAULT (Sec 356, 357 IPC/134,135 BNS)",On Student,0,0,0,0,2025-05,0,0.0
272,A - IPC Crime,"ASSAULT (Sec 356, 357 IPC/134,135 BNS)",On Teacher,0,0,0,0,2025-05,0,0.0
273,A - IPC Crime,"ASSAULT (Sec 356, 357 IPC/134,135 BNS)",On Women (General),0,0,0,0,2025-05,0,0.0
274,A - IPC Crime,"ASSAULT (Sec 356, 357 IPC/134,135 BNS)",On Woman (SC),0,0,0,0,2025-05,0,0.0
275,A - IPC Crime,"ASSAULT (Sec 356, 357 IPC/134,135 BNS)",On Woman (ST),0,0,0,0,2025-05,0,0.0
276,A - IPC Crime,COMMUNAL / RELIGION (Sec. 295 to 297 IPC/298 TO 301 BNS),Attempt to Commit,1,0,0,0,2025-05,0,0.0
277,A - IPC Crime,COMMUNAL / RELIGION (Sec. 295 to 297 IPC/298 TO 301 BNS),Caste Issue,2,0,0,0,2025-05,0,0.0
278,A - IPC Crime,COMMUNAL / RELIGION (Sec. 295 to 297 IPC/298 TO 301 BNS),Communal Issue,21,7,5,6,2025-05,1,20.0
279,A - IPC Crime,COMMUNAL / RELIGION (Sec. 295 to 297 IPC/298 TO 301 BNS),Linguistic Issue,0,0,0,0,2025-05,0,0.0
280,A - IPC Crime,COMMUNAL / RELIGION (Sec. 295 to 297 IPC/298 TO 301 BNS),Political Issue,0,1,0,0,2025-05,0,0.0
281,A - IPC Crime,COMMUNAL / RELIGION (Sec. 295 to 297 IPC/298 TO 301 BNS),Racial/Ethnic Issue,0,0,0,0,2025-05,0,0.0
282,A - IPC Crime,COMMUNAL / RELIGION (Sec. 295 to 297 IPC/298 TO 301 BNS),Regional Issue,9,0,1,2,2025-05,1,100.0
283,A - IPC Crime,COMMUNAL / RELIGION (Sec. 295 to 297 IPC/298 TO 301 BNS),Religious Issue,48,3,13,8,2025-05,-5,-38.46153846153847
284,A - IPC Crime,COMMUNAL / RELIGION (Sec. 295 to 297 IPC/298 TO 301 BNS),Sectarian Issue,0,0,0,0,2025-05,0,0.0
285,A - IPC Crime,COMMUNAL / RELIGION (Sec. 295 to 297 IPC/298 TO 301 BNS),Others,42,5,10,15,2025-05,5,50.0
286,A - IPC Crime,"CRIMINAL CONSPIRACY (Sec. 120(B), 121(A) IPC/61(2),148 BNS)",Conspiracy To Wage War,0,0,0,0,2025-05,0,0.0
287,A - IPC Crime,"CRIMINAL CONSPIRACY (Sec. 120(B), 121(A) IPC/61(2),148 BNS)",Related to Substantive Offence,0,0,0,0,2025-05,0,0.0
288,A - IPC Crime,"CRIMINAL CONSPIRACY (Sec. 120(B), 121(A) IPC/61(2),148 BNS)",Others,9,2,2,1,2025-05,-1,-50.0
289,A - IPC Crime,CRIMINAL INTIMIDATION (Sec. 504 to 508 IPC/352 TO 354 BNS),ALL / NOT SPECIFIED,1338,219,243,346,2025-05,103,42.38683127572017
290,A - IPC Crime,"CRIMINAL MISAPPROPRIATION (Sec. 403, 404 IPC/314,315 BNS)",Attempt to Commit,0,0,0,0,2025-05,0,0.0
291,A - IPC Crime,"CRIMINAL MISAPPROPRIATION (Sec. 403, 404 IPC/314,315 BNS)",Bank,1,1,0,1,2025-05,1,100.0
292,A - IPC Crime,"CRIMINAL MISAPPROPRIATION (Sec. 403, 404 IPC/314,315 BNS)",Business Establishment,1,0,0,0,2025-05,0,0.0
293,A - IPC Crime,"CRIMINAL MISAPPROPRIATION (Sec. 403, 404 IPC/314,315 BNS)",Charitable Organisation,0,0,0,0,2025-05,0,0.0
294,A - IPC Crime,"CRIMINAL MISAPPROPRIATION (Sec. 403, 404 IPC/314,315 BNS)",Chitfund Organisation,0,0,0,0,2025-05,0,0.0
295,A - IPC Crime,"CRIMINAL MISAPPROPRIATION (Sec. 403, 404 IPC/314,315 BNS)",Co-operative Organisation,2,0,0,0,2025-05,0,0.0
296,A - IPC Crime,"CRIMINAL MISAPPROPRIATION (Sec. 403, 404 IPC/314,315 BNS)",Commercial Establishment/Shop,0,0,0,0,2025-05,0,0.0
297,A - IPC Crime,"CRIMINAL MISAPPROPRIATION (Sec. 403, 404 IPC/314,315 BNS)",Customs Department,0,0,0,0,2025-05,0,0.0
298,A - IPC Crime,"CRIMINAL MISAPPROPRIATION (Sec. 403, 404 IPC/314,315 BNS)",Excise Department,0,0,0,0,2025-05,0,0.0
299,A - IPC Crime,"CRIMINAL MISAPPROPRIATION (Sec. 403, 404 IPC/314,315 BNS)",Financial Institution,0,0,0,0,2025-05,0,0.0
300,A - IPC Crime,"CRIMINAL MISAPPROPRIATION (Sec. 403, 404 IPC/314,315 BNS)",Income Tax Department,0,0,0,0,2025-05,0,0.0
301,A - IPC Crime,"CRIMINAL MISAPPROPRIATION (Sec. 403, 404 IPC/314,315 BNS)",Other Government Organisation,1,0,0,0,2025-05,0,0.0
302,A - IPC Crime,"CRIMINAL MISAPPROPRIATION (Sec. 403, 404 IPC/314,315 BNS)",Postal Department,0,0,0,0,2025-05,0,0.0
303,A - IPC Crime,"CRIMINAL MISAPPROPRIATION (Sec. 403, 404 IPC/314,315 BNS)",Public Sector Undertakings,0,0,0,0,2025-05,0,0.0
304,A - IPC Crime,"CRIMINAL MISAPPROPRIATION (Sec. 403, 404 IPC/314,315 BNS)",Railway Department,0,0,0,0,2025-05,0,0.0
305,A - IPC Crime,"CRIMINAL MISAPPROPRIATION (Sec. 403, 404 IPC/314,315 BNS)",Revenue Department,0,0,0,0,2025-05,0,0.0
306,A - IPC Crime,"CRIMINAL MISAPPROPRIATION (Sec. 403, 404 IPC/314,315 BNS)",Sales Tax Department,0,0,0,0,2025-05,0,0.0
307,A - IPC Crime,"CRIMINAL MISAPPROPRIATION (Sec. 403, 404 IPC/314,315 BNS)",Social Organisation (Aided) (N),0,0,0,0,2025-05,0,0.0
308,A - IPC Crime,"CRIMINAL MISAPPROPRIATION (Sec. 403, 404 IPC/314,315 BNS)",Transport Authority,0,0,0,0,2025-05,0,0.0
309,A - IPC Crime,"CRIMINAL MISAPPROPRIATION (Sec. 403, 404 IPC/314,315 BNS)",Trust - Other than religious,0,0,0,0,2025-05,0,0.0
310,A - IPC Crime,"CRIMINAL MISAPPROPRIATION (Sec. 403, 404 IPC/314,315 BNS)",Trust - Religious,0,0,0,0,2025-05,0,0.0
311,A - IPC Crime,"CRIMINAL MISAPPROPRIATION (Sec. 403, 404 IPC/314,315 BNS)",Others,2,0,0,1,2025-05,1,100.0
312,A - IPC Crime,CRIMINAL TRESPASS (Sec.447 to 452 IPC/329(3) TO 333 BNS),Attempt to Commit,4,4,0,0,2025-05,0,0.0
313,A - IPC Crime,CRIMINAL TRESPASS (Sec.447 to 452 IPC/329(3) TO 333 BNS),Club,3,0,0,1,2025-05,1,100.0
314,A - IPC Crime,CRIMINAL TRESPASS (Sec.447 to 452 IPC/329(3) TO 333 BNS),Hostel,1,2,0,0,2025-05,0,0.0
315,A - IPC Crime,CRIMINAL TRESPASS (Sec.447 to 452 IPC/329(3) TO 333 BNS),Hotel,4,0,0,2,2025-05,2,200.0
316,A - IPC Crime,CRIMINAL TRESPASS (Sec.447 to 452 IPC/329(3) TO 333 BNS),House,310,55,57,53,2025-05,-4,-7.017543859649122
317,A - IPC Crime,CRIMINAL TRESPASS (Sec.447 to 452 IPC/329(3) TO 333 BNS),Land,650,145,125,139,2025-05,14,11.200000000000001
318,A - IPC Crime,CRIMINAL TRESPASS (Sec.447 to 452 IPC/329(3) TO 333 BNS),Office,27,9,8,4,2025-05,-4,-50.0
319,A - IPC Crime,CRIMINAL TRESPASS (Sec.447 to 452 IPC/329(3) TO 333 BNS),Prohibited Places,7,3,3,0,2025-05,-3,-100.0
320,A - IPC Crime,CRIMINAL TRESPASS (Sec.447 to 452 IPC/329(3) TO 333 BNS),Religious Place,2,1,0,0,2025-05,0,0.0
321,A - IPC Crime,CRIMINAL TRESPASS (Sec.447 to 452 IPC/329(3) TO 333 BNS),Restricted Area,5,3,1,0,2025-05,-1,-100.0
322,A - IPC Crime,CRIMINAL TRESPASS (Sec.447 to 452 IPC/329(3) TO 333 BNS),Others,88,15,9,16,2025-05,7,77.77777777777779
323,A - IPC Crime,CRUELTY BY HUSBAND (Sec. 498(A) IPC/85 BNS),Husband ,423,110,78,83,2025-05,5,6.41025641025641
324,A - IPC Crime,CRUELTY BY HUSBAND (Sec. 498(A) IPC/85 BNS),Husband And Relative(S) in Law,546,141,116,129,2025-05,13,11.206896551724139
325,A - IPC Crime,CRUELTY BY HUSBAND (Sec. 498(A) IPC/85 BNS),Relative(S) in Law,13,2,3,2,2025-05,-1,-33.33333333333333
326,A - IPC Crime,CRUELTY BY HUSBAND (Sec. 498(A) IPC/85 BNS),Dowry Harassment,221,51,46,52,2025-05,6,13.043478260869565
327,A - IPC Crime,CRUELTY BY HUSBAND (Sec. 498(A) IPC/85 BNS),Prevention of Gaming,0,0,0,0,2025-05,0,0.0
328,A - IPC Crime,DOWRY DEATHS (Sec.304(B) IPC/80 BNS),By Husband  ,1,0,1,0,2025-05,-1,-100.0
329,A - IPC Crime,DOWRY DEATHS (Sec.304(B) IPC/80 BNS),By Husband And Relatives In Law,19,2,5,2,2025-05,-3,-60.0
330,A - IPC Crime,DOWRY DEATHS (Sec.304(B) IPC/80 BNS),By Relatives in Law,1,0,1,0,2025-05,-1,-100.0
331,A - IPC Crime,DOWRY DEATHS (Sec.304(B) IPC/80 BNS),By Burning,1,0,1,0,2025-05,-1,-100.0
332,A - IPC Crime,DOWRY DEATHS (Sec.304(B) IPC/80 BNS),By Hanging,24,7,8,1,2025-05,-7,-87.5
333,A - IPC Crime,DOWRY DEATHS (Sec.304(B) IPC/80 BNS),By Other Means,2,2,0,0,2025-05,0,0.0
334,A - IPC Crime,DEATHS DUE TO RASHNESS/NEGLIGENCE (Sec.304(A) IPC/106 BNS),Electrocution,9,1,1,3,2025-05,2,200.0
335,A - IPC Crime,DEATHS DUE TO RASHNESS/NEGLIGENCE (Sec.304(A) IPC/106 BNS),Adulterated Food/Drug,0,0,0,0,2025-05,0,0.0
336,A - IPC Crime,DEATHS DUE TO RASHNESS/NEGLIGENCE (Sec.304(A) IPC/106 BNS),Accident by Air,0,0,0,0,2025-05,0,0.0
337,A - IPC Crime,DEATHS DUE TO RASHNESS/NEGLIGENCE (Sec.304(A) IPC/106 BNS),Boad Accident,0,0,0,0,2025-05,0,0.0
338,A - IPC Crime,DEATHS DUE TO RASHNESS/NEGLIGENCE (Sec.304(A) IPC/106 BNS),Bridge/Dam Collapse,0,0,0,0,2025-05,0,0.0
339,A - IPC Crime,DEATHS DUE TO RASHNESS/NEGLIGENCE (Sec.304(A) IPC/106 BNS),Building Collapse,2,1,1,1,2025-05,0,0.0
340,A - IPC Crime,DEATHS DUE TO RASHNESS/NEGLIGENCE (Sec.304(A) IPC/106 BNS),Caused By Animal,1,0,1,0,2025-05,-1,-100.0
341,A - IPC Crime,DEATHS DUE TO RASHNESS/NEGLIGENCE (Sec.304(A) IPC/106 BNS),Death Due to Other Cause,25,7,6,3,2025-05,-3,-50.0
342,A - IPC Crime,DEATHS DUE TO RASHNESS/NEGLIGENCE (Sec.304(A) IPC/106 BNS),Electrocution Accident,18,6,4,7,2025-05,3,75.0
343,A - IPC Crime,DEATHS DUE TO RASHNESS/NEGLIGENCE (Sec.304(A) IPC/106 BNS),Explosion Accident,0,0,0,0,2025-05,0,0.0
344,A - IPC Crime,DEATHS DUE TO RASHNESS/NEGLIGENCE (Sec.304(A) IPC/106 BNS),Fire accident,0,0,0,0,2025-05,0,0.0
345,A - IPC Crime,DEATHS DUE TO RASHNESS/NEGLIGENCE (Sec.304(A) IPC/106 BNS),Gas Leakage Accident,1,1,0,1,2025-05,1,100.0
346,A - IPC Crime,DEATHS DUE TO RASHNESS/NEGLIGENCE (Sec.304(A) IPC/106 BNS),Improper Infrastucture In Construction,30,7,5,6,2025-05,1,20.0
347,A - IPC Crime,DEATHS DUE TO RASHNESS/NEGLIGENCE (Sec.304(A) IPC/106 BNS),Improper Medical Treatment,3,0,0,0,2025-05,0,0.0
348,A - IPC Crime,DEATHS DUE TO RASHNESS/NEGLIGENCE (Sec.304(A) IPC/106 BNS),In Custody of Public Servant,0,0,0,0,2025-05,0,0.0
349,A - IPC Crime,DEATHS DUE TO RASHNESS/NEGLIGENCE (Sec.304(A) IPC/106 BNS),In Jail/Judicial Custody,0,0,0,0,2025-05,0,0.0
350,A - IPC Crime,DEATHS DUE TO RASHNESS/NEGLIGENCE (Sec.304(A) IPC/106 BNS),In Police Custody,0,0,0,0,2025-05,0,0.0
351,A - IPC Crime,DEATHS DUE TO RASHNESS/NEGLIGENCE (Sec.304(A) IPC/106 BNS),Industrial Accident (Factory),2,1,1,1,2025-05,0,0.0
352,A - IPC Crime,DEATHS DUE TO RASHNESS/NEGLIGENCE (Sec.304(A) IPC/106 BNS),Inflammable Substance,0,0,0,0,2025-05,0,0.0
353,A - IPC Crime,DEATHS DUE TO RASHNESS/NEGLIGENCE (Sec.304(A) IPC/106 BNS),Mine Accident,2,0,0,1,2025-05,1,100.0
354,A - IPC Crime,DEATHS DUE TO RASHNESS/NEGLIGENCE (Sec.304(A) IPC/106 BNS),Poisonous Substance,0,0,0,0,2025-05,0,0.0
355,A - IPC Crime,DEATHS DUE TO RASHNESS/NEGLIGENCE (Sec.304(A) IPC/106 BNS),Quarry Accident,0,0,0,0,2025-05,0,0.0
356,A - IPC Crime,DEATHS DUE TO RASHNESS/NEGLIGENCE (Sec.304(A) IPC/106 BNS),Spurious Liquor (Hooch) Accident,0,0,0,0,2025-05,0,0.0
357,A - IPC Crime,DEATHS DUE TO RASHNESS/NEGLIGENCE (Sec.304(A) IPC/106 BNS),Railway Accident,0,0,0,0,2025-05,0,0.0
358,A - IPC Crime,DEATHS DUE TO RASHNESS/NEGLIGENCE (Sec.304(A) IPC/106 BNS),Others,38,7,9,11,2025-05,2,22.22222222222222
359,A - IPC Crime,MOTOR VEHICLE ACCIDENTS FATAL (Sec.304(A) IPC/106 BNS),National Highways,1744,370,356,382,2025-05,26,7.303370786516854
360,A - IPC Crime,MOTOR VEHICLE ACCIDENTS FATAL (Sec.304(A) IPC/106 BNS),State Highways,1383,289,260,267,2025-05,7,2.6923076923076925
361,A - IPC Crime,MOTOR VEHICLE ACCIDENTS FATAL (Sec.304(A) IPC/106 BNS),Other Roads,1820,369,316,340,2025-05,24,7.59493670886076
362,A - IPC Crime,MOTOR VEHICLE ACCIDENTS FATAL (Sec.304(A) IPC/106 BNS),Other Places,75,15,20,12,2025-05,-8,-40.0
363,A - IPC Crime,"MOTOR VEHICLE ACCIDENTS NON-FATAL (Sec.279, 337, 338 IPC/281,125(a),125(b) BNS)",National Highways,4415,975,894,977,2025-05,83,9.284116331096197
364,A - IPC Crime,"MOTOR VEHICLE ACCIDENTS NON-FATAL (Sec.279, 337, 338 IPC/281,125(a),125(b) BNS)",State Highways,3175,656,612,690,2025-05,78,12.745098039215685
365,A - IPC Crime,"MOTOR VEHICLE ACCIDENTS NON-FATAL (Sec.279, 337, 338 IPC/281,125(a),125(b) BNS)",Other Roads,5723,1195,1147,1178,2025-05,31,2.7027027027027026
366,A - IPC Crime,"MOTOR VEHICLE ACCIDENTS NON-FATAL (Sec.279, 337, 338 IPC/281,125(a),125(b) BNS)",Other Places,195,33,37,40,2025-05,3,8.108108108108109
367,A - IPC Crime,"DEATHS-MISCARRIAGE (Sec.312, 313, 314 IPC/88,89,90 BNS)",Child,8,2,2,2,2025-05,0,0.0
368,A - IPC Crime,"DEATHS-MISCARRIAGE (Sec.312, 313, 314 IPC/88,89,90 BNS)",Woman,1,0,1,0,2025-05,-1,-100.0
369,A - IPC Crime,"DEATHS-MISCARRIAGE (Sec.312, 313, 314 IPC/88,89,90 BNS)",Women and Child,0,1,0,0,2025-05,0,0.0
370,A - IPC Crime,"DEFENCE FORCES OFFENCES RELATING (also relating to desertion) (Sec.131 to 140, except 136 IPC/159 TO 168 EXCEPT 164 BNS)",Air Force,0,0,0,0,2025-05,0,0.0
371,A - IPC Crime,"DEFENCE FORCES OFFENCES RELATING (also relating to desertion) (Sec.131 to 140, except 136 IPC/159 TO 168 EXCEPT 164 BNS)",Army,0,0,0,0,2025-05,0,0.0
372,A - IPC Crime,"DEFENCE FORCES OFFENCES RELATING (also relating to desertion) (Sec.131 to 140, except 136 IPC/159 TO 168 EXCEPT 164 BNS)",Navy,0,0,0,0,2025-05,0,0.0
373,A - IPC Crime,"ESCAPE FROM LAWFUL CUSTODY AND RESISTANCE (Sec.224, 225, 225(B) IPC/262,263,265 BNS)",From Jail Custody,4,1,0,3,2025-05,3,300.0
374,A - IPC Crime,"ESCAPE FROM LAWFUL CUSTODY AND RESISTANCE (Sec.224, 225, 225(B) IPC/262,263,265 BNS)",From Police Custody,8,3,2,1,2025-05,-1,-50.0
375,A - IPC Crime,"ESCAPE FROM LAWFUL CUSTODY AND RESISTANCE (Sec.224, 225, 225(B) IPC/262,263,265 BNS)",Others,3,1,1,0,2025-05,-1,-100.0
376,A - IPC Crime,"IMPERSONATION (Sec.170, 171 IPC/204,205 BNS)",Attempt to Commit,4,1,0,1,2025-05,1,100.0
377,A - IPC Crime,"IMPERSONATION (Sec.170, 171 IPC/204,205 BNS)",Non-Uniformed Authority,2,0,2,0,2025-05,-2,-100.0
378,A - IPC Crime,"IMPERSONATION (Sec.170, 171 IPC/204,205 BNS)",Uniformed Authority,2,0,1,1,2025-05,0,0.0
379,A - IPC Crime,"MISCHIEF (Sec.427 to 440 except 434, 435, 436, 438 IPC/324(4) TO 324(6) BNS)",ALL / NOT SPECIFIED,192,32,34,45,2025-05,11,32.35294117647059
380,A - IPC Crime,MOLESTATION (Sec.354 IPC/74 BNS),Attempt to Commit,23,5,6,5,2025-05,-1,-16.666666666666664
381,A - IPC Crime,MOLESTATION (Sec.354 IPC/74 BNS),Private Place,375,109,73,65,2025-05,-8,-10.95890410958904
382,A - IPC Crime,MOLESTATION (Sec.354 IPC/74 BNS),Public Conveyance,2,1,0,1,2025-05,1,100.0
383,A - IPC Crime,MOLESTATION (Sec.354 IPC/74 BNS),Public Place,921,225,186,190,2025-05,4,2.1505376344086025
384,A - IPC Crime,MOLESTATION (Sec.354 IPC/74 BNS),Other Places,1108,356,222,225,2025-05,3,1.3513513513513513
385,A - IPC Crime,POISONING-PROFESSIONAL (Sec. 328 IPC/123 BNS),Attempt to Commit,5,0,1,1,2025-05,0,0.0
386,A - IPC Crime,POISONING-PROFESSIONAL (Sec. 328 IPC/123 BNS),Fatal,0,0,0,0,2025-05,0,0.0
387,A - IPC Crime,POISONING-PROFESSIONAL (Sec. 328 IPC/123 BNS),Non Fatal,2,0,0,0,2025-05,0,0.0
388,A - IPC Crime,PORNOGRAPHY (Sec.292 to 294 IPC/294 TO 296 BNS),Advertisement,0,0,0,0,2025-05,0,0.0
389,A - IPC Crime,PORNOGRAPHY (Sec.292 to 294 IPC/294 TO 296 BNS),Audio Tape,0,0,0,0,2025-05,0,0.0
390,A - IPC Crime,PORNOGRAPHY (Sec.292 to 294 IPC/294 TO 296 BNS),Book,0,0,0,0,2025-05,0,0.0
391,A - IPC Crime,PORNOGRAPHY (Sec.292 to 294 IPC/294 TO 296 BNS),Computer Software,0,0,0,0,2025-05,0,0.0
392,A - IPC Crime,PORNOGRAPHY (Sec.292 to 294 IPC/294 TO 296 BNS),Figures,0,0,0,0,2025-05,0,0.0
393,A - IPC Crime,PORNOGRAPHY (Sec.292 to 294 IPC/294 TO 296 BNS),Film (Blue),0,0,0,0,2025-05,0,0.0
394,A - IPC Crime,PORNOGRAPHY (Sec.292 to 294 IPC/294 TO 296 BNS),Painting,0,0,0,0,2025-05,0,0.0
395,A - IPC Crime,PORNOGRAPHY (Sec.292 to 294 IPC/294 TO 296 BNS),Pamphlet,0,0,0,0,2025-05,0,0.0
396,A - IPC Crime,PORNOGRAPHY (Sec.292 to 294 IPC/294 TO 296 BNS),Paper,1,0,0,0,2025-05,0,0.0
397,A - IPC Crime,PORNOGRAPHY (Sec.292 to 294 IPC/294 TO 296 BNS),Photography,0,0,0,0,2025-05,0,0.0
398,A - IPC Crime,PORNOGRAPHY (Sec.292 to 294 IPC/294 TO 296 BNS),Poster,0,0,0,0,2025-05,0,0.0
399,A - IPC Crime,PORNOGRAPHY (Sec.292 to 294 IPC/294 TO 296 BNS),Video Film(Blue),0,1,0,0,2025-05,0,0.0
400,A - IPC Crime,PORNOGRAPHY (Sec.292 to 294 IPC/294 TO 296 BNS),Others,3,0,1,0,2025-05,-1,-100.0
401,A - IPC Crime,PUBLIC JUSTICE (Sec.213 to 215 IPC/250 TO 252 BNS),ALL / NOT SPECIFIED,2,0,1,0,2025-05,-1,-100.0
402,A - IPC Crime,"PUBLIC NUISANCE (Sec.291 and 510 IPC/293,355 BNS)",ALL / NOT SPECIFIED,85,3,31,23,2025-05,-8,-25.806451612903224
403,A - IPC Crime,"PUBLIC SAFETY (Sec.269 to 271, 277, 283, 289 IPC/271 to 273, 279,285,291 BNS)",ALL / NOT SPECIFIED,1145,206,145,161,2025-05,16,11.03448275862069
404,A - IPC Crime,"OFFENCES AGAINST PUBLIC SERVANTS (Public servant is a victim) (Sec 182-188, 332, 333, 353 IPC/217-223,121(1),121(2), 132 BNS)",Attempt to Commit,12,2,0,3,2025-05,3,300.0
405,A - IPC Crime,"OFFENCES AGAINST PUBLIC SERVANTS (Public servant is a victim) (Sec 182-188, 332, 333, 353 IPC/217-223,121(1),121(2), 132 BNS)",Defence Personnel,2,0,0,1,2025-05,1,100.0
406,A - IPC Crime,"OFFENCES AGAINST PUBLIC SERVANTS (Public servant is a victim) (Sec 182-188, 332, 333, 353 IPC/217-223,121(1),121(2), 132 BNS)",Jail Personnel,4,1,1,0,2025-05,-1,-100.0
407,A - IPC Crime,"OFFENCES AGAINST PUBLIC SERVANTS (Public servant is a victim) (Sec 182-188, 332, 333, 353 IPC/217-223,121(1),121(2), 132 BNS)",Judicial Official,15,1,2,3,2025-05,1,50.0
408,A - IPC Crime,"OFFENCES AGAINST PUBLIC SERVANTS (Public servant is a victim) (Sec 182-188, 332, 333, 353 IPC/217-223,121(1),121(2), 132 BNS)",Minister,0,0,0,0,2025-05,0,0.0
409,A - IPC Crime,"OFFENCES AGAINST PUBLIC SERVANTS (Public servant is a victim) (Sec 182-188, 332, 333, 353 IPC/217-223,121(1),121(2), 132 BNS)",MLA,0,0,0,0,2025-05,0,0.0
410,A - IPC Crime,"OFFENCES AGAINST PUBLIC SERVANTS (Public servant is a victim) (Sec 182-188, 332, 333, 353 IPC/217-223,121(1),121(2), 132 BNS)",MP,0,0,0,0,2025-05,0,0.0
411,A - IPC Crime,"OFFENCES AGAINST PUBLIC SERVANTS (Public servant is a victim) (Sec 182-188, 332, 333, 353 IPC/217-223,121(1),121(2), 132 BNS)",Nationalised Bank Personnel,2,0,0,1,2025-05,1,100.0
412,A - IPC Crime,"OFFENCES AGAINST PUBLIC SERVANTS (Public servant is a victim) (Sec 182-188, 332, 333, 353 IPC/217-223,121(1),121(2), 132 BNS)",Other Elected Member,4,0,0,1,2025-05,1,100.0
413,A - IPC Crime,"OFFENCES AGAINST PUBLIC SERVANTS (Public servant is a victim) (Sec 182-188, 332, 333, 353 IPC/217-223,121(1),121(2), 132 BNS)",Other Enforcement Official,0,0,0,0,2025-05,0,0.0
414,A - IPC Crime,"OFFENCES AGAINST PUBLIC SERVANTS (Public servant is a victim) (Sec 182-188, 332, 333, 353 IPC/217-223,121(1),121(2), 132 BNS)",Other Govt. Official,193,38,39,31,2025-05,-8,-20.51282051282051
415,A - IPC Crime,"OFFENCES AGAINST PUBLIC SERVANTS (Public servant is a victim) (Sec 182-188, 332, 333, 353 IPC/217-223,121(1),121(2), 132 BNS)",Para Military Personnel,1,1,0,0,2025-05,0,0.0
416,A - IPC Crime,"OFFENCES AGAINST PUBLIC SERVANTS (Public servant is a victim) (Sec 182-188, 332, 333, 353 IPC/217-223,121(1),121(2), 132 BNS)",Police Personnel,224,34,46,45,2025-05,-1,-2.1739130434782608
417,A - IPC Crime,"OFFENCES AGAINST PUBLIC SERVANTS (Public servant is a victim) (Sec 182-188, 332, 333, 353 IPC/217-223,121(1),121(2), 132 BNS)",Public Sector Undertaking Official,64,6,10,15,2025-05,5,50.0
418,A - IPC Crime,"OFFENCES BY PUBLIC SERVANTS (EXCEPT CORRUPTION) (Public servant is accused) (Sec.128, 129, 167, 218, 221, 222 IPC/156,157,201,256,259,260 BNS)",Defence Personnel,0,0,0,0,2025-05,0,0.0
419,A - IPC Crime,"OFFENCES BY PUBLIC SERVANTS (EXCEPT CORRUPTION) (Public servant is accused) (Sec.128, 129, 167, 218, 221, 222 IPC/156,157,201,256,259,260 BNS)",Jail Personnel,0,0,0,0,2025-05,0,0.0
420,A - IPC Crime,"OFFENCES BY PUBLIC SERVANTS (EXCEPT CORRUPTION) (Public servant is accused) (Sec.128, 129, 167, 218, 221, 222 IPC/156,157,201,256,259,260 BNS)",Judicial Official,0,0,0,0,2025-05,0,0.0
421,A - IPC Crime,"OFFENCES BY PUBLIC SERVANTS (EXCEPT CORRUPTION) (Public servant is accused) (Sec.128, 129, 167, 218, 221, 222 IPC/156,157,201,256,259,260 BNS)",Minister,0,0,0,0,2025-05,0,0.0
422,A - IPC Crime,"OFFENCES BY PUBLIC SERVANTS (EXCEPT CORRUPTION) (Public servant is accused) (Sec.128, 129, 167, 218, 221, 222 IPC/156,157,201,256,259,260 BNS)",MLA,0,0,0,0,2025-05,0,0.0
423,A - IPC Crime,"OFFENCES BY PUBLIC SERVANTS (EXCEPT CORRUPTION) (Public servant is accused) (Sec.128, 129, 167, 218, 221, 222 IPC/156,157,201,256,259,260 BNS)",MP,0,0,0,0,2025-05,0,0.0
424,A - IPC Crime,"OFFENCES BY PUBLIC SERVANTS (EXCEPT CORRUPTION) (Public servant is accused) (Sec.128, 129, 167, 218, 221, 222 IPC/156,157,201,256,259,260 BNS)",Nationalised Bank Personnel,0,0,0,0,2025-05,0,0.0
425,A - IPC Crime,"OFFENCES BY PUBLIC SERVANTS (EXCEPT CORRUPTION) (Public servant is accused) (Sec.128, 129, 167, 218, 221, 222 IPC/156,157,201,256,259,260 BNS)",Other Elected Member,0,0,0,0,2025-05,0,0.0
426,A - IPC Crime,"OFFENCES BY PUBLIC SERVANTS (EXCEPT CORRUPTION) (Public servant is accused) (Sec.128, 129, 167, 218, 221, 222 IPC/156,157,201,256,259,260 BNS)",Other Enforcement Official,0,0,0,0,2025-05,0,0.0
427,A - IPC Crime,"OFFENCES BY PUBLIC SERVANTS (EXCEPT CORRUPTION) (Public servant is accused) (Sec.128, 129, 167, 218, 221, 222 IPC/156,157,201,256,259,260 BNS)",Other Govt. Official,0,1,0,0,2025-05,0,0.0
428,A - IPC Crime,"OFFENCES BY PUBLIC SERVANTS (EXCEPT CORRUPTION) (Public servant is accused) (Sec.128, 129, 167, 218, 221, 222 IPC/156,157,201,256,259,260 BNS)",Para Military Personnel,0,0,0,0,2025-05,0,0.0
429,A - IPC Crime,"OFFENCES BY PUBLIC SERVANTS (EXCEPT CORRUPTION) (Public servant is accused) (Sec.128, 129, 167, 218, 221, 222 IPC/156,157,201,256,259,260 BNS)",Police Personnel,0,0,0,0,2025-05,0,0.0
430,A - IPC Crime,"OFFENCES BY PUBLIC SERVANTS (EXCEPT CORRUPTION) (Public servant is accused) (Sec.128, 129, 167, 218, 221, 222 IPC/156,157,201,256,259,260 BNS)",Public Sector Undertaking Official,2,0,0,1,2025-05,1,100.0
431,A - IPC Crime,"OFFENCES BY PUBLIC SERVANTS (EXCEPT CORRUPTION) (Public servant is accused) (Sec.128, 129, 167, 218, 221, 222 IPC/156,157,201,256,259,260 BNS)",Others,0,0,0,0,2025-05,0,0.0
432,A - IPC Crime,"NEGLIGENT ACT (Sec.280 to 289, 336 to 338 except 283 IPC/282 to 291,125 to 125(b) except 285 BNS)",Death Causeed By Electric Shock,46,16,16,14,2025-05,-2,-12.5
433,A - IPC Crime,"NEGLIGENT ACT (Sec.280 to 289, 336 to 338 except 283 IPC/282 to 291,125 to 125(b) except 285 BNS)",Animal -Related,25,5,6,5,2025-05,-1,-16.666666666666664
434,A - IPC Crime,"NEGLIGENT ACT (Sec.280 to 289, 336 to 338 except 283 IPC/282 to 291,125 to 125(b) except 285 BNS)",Boat/Vessel - Related,0,1,0,0,2025-05,0,0.0
435,A - IPC Crime,"NEGLIGENT ACT (Sec.280 to 289, 336 to 338 except 283 IPC/282 to 291,125 to 125(b) except 285 BNS)",Explosive/Explosive Substances - Related,12,5,3,1,2025-05,-2,-66.66666666666666
436,A - IPC Crime,"NEGLIGENT ACT (Sec.280 to 289, 336 to 338 except 283 IPC/282 to 291,125 to 125(b) except 285 BNS)",Inflammable Substance- Related ,12,0,2,3,2025-05,1,50.0
437,A - IPC Crime,"NEGLIGENT ACT (Sec.280 to 289, 336 to 338 except 283 IPC/282 to 291,125 to 125(b) except 285 BNS)",Machinery - Related,53,19,15,5,2025-05,-10,-66.66666666666666
438,A - IPC Crime,"NEGLIGENT ACT (Sec.280 to 289, 336 to 338 except 283 IPC/282 to 291,125 to 125(b) except 285 BNS)",Poisonous Substance - Related,6,1,1,0,2025-05,-1,-100.0
439,A - IPC Crime,"NEGLIGENT ACT (Sec.280 to 289, 336 to 338 except 283 IPC/282 to 291,125 to 125(b) except 285 BNS)",Other - Related,710,82,110,57,2025-05,-53,-48.18181818181818
440,A - IPC Crime,"NEGLIGENT ACT (Sec.280 to 289, 336 to 338 except 283 IPC/282 to 291,125 to 125(b) except 285 BNS)",Human - Related,565,42,78,55,2025-05,-23,-29.48717948717949
441,A - IPC Crime,"NEGLIGENT ACT (Sec.280 to 289, 336 to 338 except 283 IPC/282 to 291,125 to 125(b) except 285 BNS)",Wheeling,17,0,4,12,2025-05,8,200.0
442,A - IPC Crime,"NEGLIGENT ACT (Sec.280 to 289, 336 to 338 except 283 IPC/282 to 291,125 to 125(b) except 285 BNS)",Drink & Drive Without DL,5,0,0,5,2025-05,5,500.0
443,A - IPC Crime,RECEIVING OF STOLEN PROPERTY (Sec.411 to 414 IPC/317(2) TO 317(5) BNS),ALL / NOT SPECIFIED,1,0,0,0,2025-05,0,0.0
444,A - IPC Crime,SEDITION (Sec. 124A IPC/IN BNS Deleted),Attempt to Commit,0,0,0,0,2025-05,0,0.0
445,A - IPC Crime,SEDITION (Sec. 124A IPC/IN BNS Deleted),By Foreigner,0,0,0,0,2025-05,0,0.0
446,A - IPC Crime,SEDITION (Sec. 124A IPC/IN BNS Deleted),By National,0,0,0,0,2025-05,0,0.0
447,A - IPC Crime,SEDITION (Sec. 124A IPC/IN BNS Deleted),By National And Foreigner,0,0,0,0,2025-05,0,0.0
448,A - IPC Crime,INSULTING MODESTY OF WOMEN (EVE TEASING) (Sec.509 IPC/79 BNS),Attempt to Commit,8,0,2,1,2025-05,-1,-50.0
449,A - IPC Crime,INSULTING MODESTY OF WOMEN (EVE TEASING) (Sec.509 IPC/79 BNS),Office,4,0,0,1,2025-05,1,100.0
450,A - IPC Crime,INSULTING MODESTY OF WOMEN (EVE TEASING) (Sec.509 IPC/79 BNS),Public Conveyance,3,1,0,2,2025-05,2,200.0
451,A - IPC Crime,INSULTING MODESTY OF WOMEN (EVE TEASING) (Sec.509 IPC/79 BNS),Public Place,50,6,13,12,2025-05,-1,-7.6923076923076925
452,A - IPC Crime,INSULTING MODESTY OF WOMEN (EVE TEASING) (Sec.509 IPC/79 BNS),Other Places,95,5,26,20,2025-05,-6,-23.076923076923077
453,A - IPC Crime,"SUICIDE (Sec.305, 306, 309 IPC/107,108 BNS)",Dowry,3,0,0,0,2025-05,0,0.0
454,A - IPC Crime,"SUICIDE (Sec.305, 306, 309 IPC/107,108 BNS)",Abetment of Suicide,160,20,37,27,2025-05,-10,-27.027027027027028
455,A - IPC Crime,"SUICIDE (Sec.305, 306, 309 IPC/107,108 BNS)",Other Reasons,134,28,22,24,2025-05,2,9.090909090909092
456,A - IPC Crime,"SUICIDE (Sec.305, 306, 309 IPC/107,108 BNS)",Attempt to Commit suicide,37,11,8,4,2025-05,-4,-50.0
457,A - IPC Crime,UNNATURAL SEX (Sec.377 IPC/IN BNS Deleted),Abetment  ,0,0,0,0,2025-05,0,0.0
458,A - IPC Crime,UNNATURAL SEX (Sec.377 IPC/IN BNS Deleted),Animal  ,0,0,0,0,2025-05,0,0.0
459,A - IPC Crime,UNNATURAL SEX (Sec.377 IPC/IN BNS Deleted),Attempt,0,0,0,0,2025-05,0,0.0
460,A - IPC Crime,UNNATURAL SEX (Sec.377 IPC/IN BNS Deleted),Major - Man,0,1,0,0,2025-05,0,0.0
461,A - IPC Crime,UNNATURAL SEX (Sec.377 IPC/IN BNS Deleted),Major - Woman,0,0,0,0,2025-05,0,0.0
462,A - IPC Crime,UNNATURAL SEX (Sec.377 IPC/IN BNS Deleted),Minor - Boy,0,0,0,0,2025-05,0,0.0
463,A - IPC Crime,UNNATURAL SEX (Sec.377 IPC/IN BNS Deleted),Minor - Girl,0,0,0,0,2025-05,0,0.0
464,A - IPC Crime,"WRONGFUL RESTRAINT/CONFINEMENT (Sec.341 to 348 IPC/126(2),127(2)-127(8) BNS)",Attempt to Commit,12,6,1,3,2025-05,2,200.0
465,A - IPC Crime,"WRONGFUL RESTRAINT/CONFINEMENT (Sec.341 to 348 IPC/126(2),127(2)-127(8) BNS)",To Extort Confession,2,1,2,0,2025-05,-2,-100.0
466,A - IPC Crime,"WRONGFUL RESTRAINT/CONFINEMENT (Sec.341 to 348 IPC/126(2),127(2)-127(8) BNS)",To Extort Property,14,3,4,3,2025-05,-1,-25.0
467,A - IPC Crime,"WRONGFUL RESTRAINT/CONFINEMENT (Sec.341 to 348 IPC/126(2),127(2)-127(8) BNS)",To settle Dispute,12,2,2,4,2025-05,2,100.0
468,A - IPC Crime,"WRONGFUL RESTRAINT/CONFINEMENT (Sec.341 to 348 IPC/126(2),127(2)-127(8) BNS)",Others,172,20,26,43,2025-05,17,65.38461538461539
469,A - IPC Crime,"INFANTICIDE (Sec.315, 316 IPC/91,92 BNS)",Male,2,0,0,0,2025-05,0,0.0
470,A - IPC Crime,"INFANTICIDE (Sec.315, 316 IPC/91,92 BNS)",Female,1,0,0,1,2025-05,1,100.0
471,A - IPC Crime,"OFFENCES RELATED TO MARRIAGE (Sec.493 to 498 IPC/81,84 BNS)",ALL / NOT SPECIFIED,18,4,3,4,2025-05,1,33.33333333333333
472,A - IPC Crime,"BUYING & SELLING MINOR FOR PROSTITUTION (Sec.372, 373 IPC/98,99 BNS)",ALL / NOT SPECIFIED,0,0,0,0,2025-05,0,0.0
473,A - IPC Crime,DOCUMENTS & PROPERTY MARKS (Sec.483 to 489 IPC/346-350(2) BNS),Documents  ,0,0,0,0,2025-05,0,0.0
474,A - IPC Crime,DOCUMENTS & PROPERTY MARKS (Sec.483 to 489 IPC/346-350(2) BNS),Property  ,0,0,0,0,2025-05,0,0.0
475,A - IPC Crime,DEFAMATION (Sec.500 to 502 IPC/350(2)-356(4) BNS),Persons ,1,1,0,0,2025-05,0,0.0
476,A - IPC Crime,DEFAMATION (Sec.500 to 502 IPC/350(2)-356(4) BNS),Printed Matter,0,0,0,0,2025-05,0,0.0
477,A - IPC Crime,DEFAMATION (Sec.500 to 502 IPC/350(2)-356(4) BNS),Others,1,0,0,1,2025-05,1,100.0
478,A - IPC Crime,ELECTION(Sec.171(E) to 171(1) IPC/173-177 BNS),Assembly,0,2,0,0,2025-05,0,0.0
479,A - IPC Crime,ELECTION(Sec.171(E) to 171(1) IPC/173-177 BNS),Parliament,1,22,1,0,2025-05,-1,-100.0
480,A - IPC Crime,ELECTION(Sec.171(E) to 171(1) IPC/173-177 BNS),Other Elected Bodies,0,6,0,0,2025-05,0,0.0
481,A - IPC Crime,"SLAVERY (Sec.370, 371, 374 IPC/143,145,146 BNS)",Man,0,0,0,0,2025-05,0,0.0
482,A - IPC Crime,"SLAVERY (Sec.370, 371, 374 IPC/143,145,146 BNS)",Woman,0,0,0,0,2025-05,0,0.0
483,A - IPC Crime,"SLAVERY (Sec.370, 371, 374 IPC/143,145,146 BNS)",Boy,1,0,0,0,2025-05,0,0.0
484,A - IPC Crime,"SLAVERY (Sec.370, 371, 374 IPC/143,145,146 BNS)",Girl,0,0,0,0,2025-05,0,0.0
485,A - IPC Crime,Attempting to commit offences (Sec.511 IPC/62 BNS),Attempting to commit offences,101,17,22,25,2025-05,3,13.636363636363635
486,A - IPC Crime,ILLEGAL DETENTION (Sec.342 IPC/127(2) BNS),ALL / NOT SPECIFIED,1,0,0,1,2025-05,1,100.0
487,A - IPC Crime,FALSE EVIDENCE (Sec.191 to 205 IPC/227-242 BNS),ALL / NOT SPECIFIED,3,0,1,1,2025-05,0,0.0
488,A - IPC Crime,EXPOSURE AND ABANDONMENT OF CHILD (Sec.317 IPC/93 BNS),Boy ,14,1,2,4,2025-05,2,100.0
489,A - IPC Crime,EXPOSURE AND ABANDONMENT OF CHILD (Sec.317 IPC/93 BNS),Girl,12,2,4,0,2025-05,-4,-100.0
490,A - IPC Crime,OF ABETMENT (Sec.107 to 120 IPC/45-60 BNS),ALL / NOT SPECIFIED,7,2,1,1,2025-05,0,0.0
491,A - IPC Crime,"FAILURE TO APPEAR TO COURT (Sec.174A, 229A IPC/209,269 BNS)",IPC 174 A/BNS 209,255,4,16,167,2025-05,151,943.75
492,A - IPC Crime,"FAILURE TO APPEAR TO COURT (Sec.174A, 229A IPC/209,269 BNS)",IPC 229 A/BNS 269,674,9,41,418,2025-05,377,919.5121951219512
493,A - IPC Crime,Concealment of birth by secret disposal of Child,Girl,10,1,2,1,2025-05,-1,-50.0
494,A - IPC Crime,Concealment of birth by secret disposal of Child,Boy,14,1,5,3,2025-05,-2,-40.0
495,A - IPC Crime,ASSAULT OR USE OF CRIMINAL FORCE TO DISROBE WOMEN,Disobedience to Order Promulgated by Public/Servant,0,0,0,0,2025-05,0,0.0
496,A - IPC Crime,ASSAULT OR USE OF CRIMINAL FORCE TO DISROBE WOMEN,By Others,0,0,0,0,2025-05,0,0.0
497,A - IPC Crime,ASSAULT OR USE OF CRIMINAL FORCE TO DISROBE WOMEN,By Private Institution,5,1,0,0,2025-05,0,0.0
498,A - IPC Crime,ASSAULT OR USE OF CRIMINAL FORCE TO DISROBE WOMEN,By Govt. Institution,5,2,0,1,2025-05,1,100.0
499,A - IPC Crime,ASSAULT OR USE OF CRIMINAL FORCE TO DISROBE WOMEN,Sub Total,10,3,0,1,2025-05,1,100.0
500,A - IPC Crime,ASSAULT OR USE OF CRIMINAL FORCE TO DISROBE WOMEN,Human Trafficking,0,0,0,0,2025-05,0,0.0
501,A - IPC Crime,ASSAULT OR USE OF CRIMINAL FORCE TO DISROBE WOMEN,Eunuch,0,0,0,0,2025-05,0,0.0
502,A - IPC Crime,ASSAULT OR USE OF CRIMINAL FORCE TO DISROBE WOMEN,Men,4,2,0,1,2025-05,1,100.0
503,A - IPC Crime,ASSAULT OR USE OF CRIMINAL FORCE TO DISROBE WOMEN,Boy,3,1,1,1,2025-05,0,0.0
504,A - IPC Crime,ASSAULT OR USE OF CRIMINAL FORCE TO DISROBE WOMEN,Women,1,0,0,0,2025-05,0,0.0
505,A - IPC Crime,ASSAULT OR USE OF CRIMINAL FORCE TO DISROBE WOMEN,Girl,0,0,0,0,2025-05,0,0.0
506,A - IPC Crime,Giving false information respecting an offence committed,Giving false information respecting an offence committed,7,0,2,3,2025-05,1,50.0
507,B - SPECIAL & LOCAL LAWS,Petty Organised Crimes,ANTIQUES (CULTURAL PROPERTY),0,0,0,0,2025-05,0,0.0
508,B - SPECIAL & LOCAL LAWS,Petty Organised Crimes,Antiques & Art Treasures Act 1972,0,0,0,0,2025-05,0,0.0
509,B - SPECIAL & LOCAL LAWS,Petty Organised Crimes,Ancient Monument & Archaelogical Sites And Remains Act 1958,4,0,1,0,2025-05,-1,-100.0
510,B - SPECIAL & LOCAL LAWS,ARMS ACT 1959,Country Made - Non Prohibited Bore - In Disturbed Area,5,2,2,2,2025-05,0,0.0
511,B - SPECIAL & LOCAL LAWS,ARMS ACT 1960,Country Made - Non Prohibited Bore - In Other Area,65,10,14,10,2025-05,-4,-28.57142857142857
512,B - SPECIAL & LOCAL LAWS,ARMS ACT 1961,Country Made - Prohibited Bore - In Disturbed Area,4,3,1,2,2025-05,1,100.0
513,B - SPECIAL & LOCAL LAWS,ARMS ACT 1962,Country Made - Prohibited Bore - In Other Area,45,11,7,6,2025-05,-1,-14.285714285714285
514,B - SPECIAL & LOCAL LAWS,ARMS ACT 1963,Factory Made - Non Prohibited Bore - In Disturbed Area,3,0,0,0,2025-05,0,0.0
515,B - SPECIAL & LOCAL LAWS,ARMS ACT 1964,Factory Made - Non Prohibited Bore - In Other Area,13,2,3,2,2025-05,-1,-33.33333333333333
516,B - SPECIAL & LOCAL LAWS,ARMS ACT 1965,Factory Made - Prohibited Bore - In Disturbed Area,4,2,0,0,2025-05,0,0.0
517,B - SPECIAL & LOCAL LAWS,ARMS ACT 1966,Factory Made - Prohibited Bore - In Other Area,21,3,3,5,2025-05,2,66.66666666666666
518,B - SPECIAL & LOCAL LAWS,ANIMAL,The Karnataka Prevention of Slaughter and Preservation of Cattle Ordinance 2020,48,11,9,16,2025-05,7,77.77777777777779
519,B - SPECIAL & LOCAL LAWS,ANIMAL,Wild Life Preservation Act 1972,0,0,0,0,2025-05,0,0.0
520,B - SPECIAL & LOCAL LAWS,ANIMAL,Wild Life Protection Act 1972,3,0,0,0,2025-05,0,0.0
521,B - SPECIAL & LOCAL LAWS,ANIMAL,Prevention of Cruelty to Animals Act 1960,97,15,16,24,2025-05,8,50.0
522,B - SPECIAL & LOCAL LAWS,ANIMAL,Elephant (Preservation) Act 1879,0,0,0,0,2025-05,0,0.0
523,B - SPECIAL & LOCAL LAWS,ANIMAL,Cattle Tresspass Act 1871,2,0,1,0,2025-05,-1,-100.0
524,B - SPECIAL & LOCAL LAWS,CINEMATOGRAPHY ACT 1952,Films,0,1,0,0,2025-05,0,0.0
525,B - SPECIAL & LOCAL LAWS,CINEMATOGRAPHY ACT 1953,Video,0,0,0,0,2025-05,0,0.0
526,B - SPECIAL & LOCAL LAWS,CONSUMER,Liquified Petroleum Gas Supply & Control Order 2000 ,45,5,11,7,2025-05,-4,-36.36363636363637
527,B - SPECIAL & LOCAL LAWS,CONSUMER,Consumer (Protection) Act 1986,3,1,1,2,2025-05,1,100.0
528,B - SPECIAL & LOCAL LAWS,CONSUMER,Essential Commodities Act 1955,237,47,54,65,2025-05,11,20.37037037037037
529,B - SPECIAL & LOCAL LAWS,CONSUMER,Prevention of Food Adulternation Act 1954,2,0,1,0,2025-05,-1,-100.0
530,B - SPECIAL & LOCAL LAWS,CONSUMER,Packaged Commodities (Regulation) order 1975,0,0,0,0,2025-05,0,0.0
531,B - SPECIAL & LOCAL LAWS,COPY RIGHT ACT 1957,By Company,63,13,8,6,2025-05,-2,-25.0
532,B - SPECIAL & LOCAL LAWS,COPY RIGHT ACT 1958,By Individual,35,7,6,7,2025-05,1,16.666666666666664
533,B - SPECIAL & LOCAL LAWS,CIVIL RIGHTS,Protection of Civil Rights Act 1955,3,0,3,0,2025-05,-3,-100.0
534,B - SPECIAL & LOCAL LAWS,SCHEDULED CASTE AND THE SCHEDULED TRIBES,Scheduled Caste  ,558,99,104,119,2025-05,15,14.423076923076922
535,B - SPECIAL & LOCAL LAWS,SCHEDULED CASTE AND THE SCHEDULED TRIBES,Scheduled Tribes,120,21,32,19,2025-05,-13,-40.625
536,B - SPECIAL & LOCAL LAWS,SCHEDULED CASTE AND THE SCHEDULED TRIBES,Scheduled Caste Women,206,44,47,34,2025-05,-13,-27.659574468085108
537,B - SPECIAL & LOCAL LAWS,SCHEDULED CASTE AND THE SCHEDULED TRIBES,Scheduled Tribes Women,48,9,9,6,2025-05,-3,-33.33333333333333
538,B - SPECIAL & LOCAL LAWS,CHILDREN ACT,Child Labour (Prohibition & Regulation) Act1986,24,4,2,4,2025-05,2,100.0
539,B - SPECIAL & LOCAL LAWS,CHILDREN ACT,Child Marriage (Restraint) Act - 1929,85,17,19,30,2025-05,11,57.89473684210527
540,B - SPECIAL & LOCAL LAWS,CHILDREN ACT,Juvenile Justice Act 1986,76,19,8,13,2025-05,5,62.5
541,B - SPECIAL & LOCAL LAWS,CHILDREN ACT,Probation of offenders Act 1958,0,0,0,0,2025-05,0,0.0
542,B - SPECIAL & LOCAL LAWS,CHILDREN ACT,Protection of Children from Sexual Offences Act 2012 (POCSO),0,0,0,0,2025-05,0,0.0
543,B - SPECIAL & LOCAL LAWS,PREVENTION OF CORRUPTION ACT 1988,Public Servant - Elected,0,0,0,0,2025-05,0,0.0
544,B - SPECIAL & LOCAL LAWS,PREVENTION OF CORRUPTION ACT 1989,Public Servant - Gazetted - Central,0,0,0,0,2025-05,0,0.0
545,B - SPECIAL & LOCAL LAWS,PREVENTION OF CORRUPTION ACT 1990,Public Servant - Gazetted - Defence,0,0,0,0,2025-05,0,0.0
546,B - SPECIAL & LOCAL LAWS,PREVENTION OF CORRUPTION ACT 1991,Public Servant - Gazetted - Public Sector Undertaking,0,0,0,0,2025-05,0,0.0
547,B - SPECIAL & LOCAL LAWS,PREVENTION OF CORRUPTION ACT 1992,Public Servant - Gazetted - State,1,0,0,1,2025-05,1,100.0
548,B - SPECIAL & LOCAL LAWS,PREVENTION OF CORRUPTION ACT 1993,Public Servant - Non-Gazetted - Central,0,0,0,0,2025-05,0,0.0
549,B - SPECIAL & LOCAL LAWS,PREVENTION OF CORRUPTION ACT 1994,Public Servant - Non-Gazetted - Defence,0,0,0,0,2025-05,0,0.0
550,B - SPECIAL & LOCAL LAWS,PREVENTION OF CORRUPTION ACT 1995,Public Servant - Non-Gazetted - State,0,0,0,0,2025-05,0,0.0
551,B - SPECIAL & LOCAL LAWS,CUSTOMS,Customs Act 1962,0,0,0,0,2025-05,0,0.0
552,B - SPECIAL & LOCAL LAWS,CUSTOMS,Import/Export (Control) Act 1947,0,0,0,0,2025-05,0,0.0
553,B - SPECIAL & LOCAL LAWS,Explosives,Explosives Substances Act 1908,20,2,4,2,2025-05,-2,-50.0
554,B - SPECIAL & LOCAL LAWS,Explosives,Explosives Act 1884,19,2,2,2,2025-05,0,0.0
555,B - SPECIAL & LOCAL LAWS,Explosives,Inflammable Substance Act 1952,0,0,0,0,2025-05,0,0.0
556,B - SPECIAL & LOCAL LAWS,FOREIGN EXCHANGE,Smugglers and Foreign Exchange Manipulator Act 1976,0,0,0,0,2025-05,0,0.0
557,B - SPECIAL & LOCAL LAWS,FOREIGN EXCHANGE,Foreign Exchange Regulation Act 1973,0,0,0,0,2025-05,0,0.0
558,B - SPECIAL & LOCAL LAWS,FOREIGN EXCHANGE,Foreign Exchange Regulation Act 1952,0,0,0,0,2025-05,0,0.0
559,B - SPECIAL & LOCAL LAWS,FOREIGNER,Foreigners Act 1946,35,6,2,17,2025-05,15,750.0
560,B - SPECIAL & LOCAL LAWS,FOREIGNER,Registration of Foreigners Act 1939,0,0,0,0,2025-05,0,0.0
561,B - SPECIAL & LOCAL LAWS,FOREST,Indian Forest Act 1927,0,0,0,0,2025-05,0,0.0
562,B - SPECIAL & LOCAL LAWS,FOREST,Forest (Conservation) Act 1980,4,0,0,1,2025-05,1,100.0
563,B - SPECIAL & LOCAL LAWS,HIJACKING,Foreign Aircraft - In India,0,0,0,0,2025-05,0,0.0
564,B - SPECIAL & LOCAL LAWS,HIJACKING,Foreign Aircraft - Outside India,0,0,0,0,2025-05,0,0.0
565,B - SPECIAL & LOCAL LAWS,HIJACKING,Indian Aircraft - In India,0,0,0,0,2025-05,0,0.0
566,B - SPECIAL & LOCAL LAWS,HIJACKING,Indian Aircraft - Outside India,0,0,0,0,2025-05,0,0.0
567,B - SPECIAL & LOCAL LAWS,IMMORAL TRAFFIC,Organised,73,24,10,15,2025-05,5,50.0
568,B - SPECIAL & LOCAL LAWS,IMMORAL TRAFFIC,Un-Organised,42,6,2,5,2025-05,3,150.0
569,B - SPECIAL & LOCAL LAWS,BONDED LABOUR SYSTEM,ALL / NOT SPECIFIED,3,0,0,2,2025-05,2,200.0
570,B - SPECIAL & LOCAL LAWS,INDIAN MOTOR VEHICLE,ALL / NOT SPECIFIED,47,2,14,7,2025-05,-7,-50.0
571,B - SPECIAL & LOCAL LAWS,NARCOTIC DRUGS & PSYCHOTROPIC SUBSTANCES ACT,Cultivated/Processed,894,69,204,166,2025-05,-38,-18.627450980392158
572,B - SPECIAL & LOCAL LAWS,NARCOTIC DRUGS & PSYCHOTROPIC SUBSTANCES ACT,Synthetic,1274,174,313,208,2025-05,-105,-33.54632587859425
573,B - SPECIAL & LOCAL LAWS,PASSPORT ACT,Foreigner,0,0,0,0,2025-05,0,0.0
574,B - SPECIAL & LOCAL LAWS,PASSPORT ACT,Indian,2,0,0,0,2025-05,0,0.0
575,B - SPECIAL & LOCAL LAWS,REPRESENTATIVE OF PEOPLE ACT 1951 & 1988,Assembly,0,0,0,0,2025-05,0,0.0
576,B - SPECIAL & LOCAL LAWS,REPRESENTATIVE OF PEOPLE ACT 1951 & 1989,Parliament,0,25,0,0,2025-05,0,0.0
577,B - SPECIAL & LOCAL LAWS,REPRESENTATIVE OF PEOPLE ACT 1951 & 1990,Other Elected Bodies,0,4,0,0,2025-05,0,0.0
578,B - SPECIAL & LOCAL LAWS,KARNATAKA POLICE ACT 1963,Gambling - Matka (78 Class C),2692,304,529,602,2025-05,73,13.799621928166353
579,B - SPECIAL & LOCAL LAWS,KARNATAKA POLICE ACT 1964,Street Gambling (87),3066,414,677,448,2025-05,-229,-33.825701624815366
580,B - SPECIAL & LOCAL LAWS,KARNATAKA POLICE ACT 1965,House Gambling (79 & 80),112,20,20,13,2025-05,-7,-35.0
581,B - SPECIAL & LOCAL LAWS,KARNATAKA POLICE ACT 1966,Betting ,528,115,328,90,2025-05,-238,-72.5609756097561
582,B - SPECIAL & LOCAL LAWS,KARNATAKA POLICE ACT 1967,Others ,258,30,44,35,2025-05,-9,-20.454545454545457
583,B - SPECIAL & LOCAL LAWS,PREVENTION OF DAMAGE TO PUBLIC PROPERTY ACT 1984,"POST & TELEGRAPH, TELEGRAPH WIRES (UNLAWFUL POSSESSION) ACT 1980",0,0,0,0,2025-05,0,0.0
584,B - SPECIAL & LOCAL LAWS,PREVENTION OF DAMAGE TO PUBLIC PROPERTY ACT 1985,OFFICIAL SECURITY RELATED ACTS,0,0,0,0,2025-05,0,0.0
585,B - SPECIAL & LOCAL LAWS,PREVENTION OF DAMAGE TO PUBLIC PROPERTY ACT 1986,Official Secrets Act 1923,0,0,0,0,2025-05,0,0.0
586,B - SPECIAL & LOCAL LAWS,PREVENTION OF DAMAGE TO PUBLIC PROPERTY ACT 1987,Essential Services Maintenance Act 1981,0,0,0,0,2025-05,0,0.0
587,B - SPECIAL & LOCAL LAWS,PREVENTION OF TERRORISM ACT (POTA),na,0,0,0,0,2025-05,0,0.0
588,B - SPECIAL & LOCAL LAWS,RAILWAYS ACT,Indian Railways Act 1989,1,1,1,0,2025-05,-1,-100.0
589,B - SPECIAL & LOCAL LAWS,RAILWAYS ACT,Railway Property (Unlawful Possession) Act 1966,0,0,0,0,2025-05,0,0.0
590,B - SPECIAL & LOCAL LAWS,UNLAWFUL ACTIVITIES (Prevention) Act 1967,ALL / NOT SPECIFIED,0,0,0,0,2025-05,0,0.0
591,B - SPECIAL & LOCAL LAWS,CRIMES RELATED TO WOMEN,Dowry Prohibition,735,214,154,175,2025-05,21,13.636363636363635
592,B - SPECIAL & LOCAL LAWS,CRIMES RELATED TO WOMEN,Commission of SATI (Prevention) Act 1987,0,0,0,0,2025-05,0,0.0
593,B - SPECIAL & LOCAL LAWS,CRIMES RELATED TO WOMEN,Indecent Representation of Women (Prohibition) Act 1986,0,0,0,0,2025-05,0,0.0
594,B - SPECIAL & LOCAL LAWS,INDIAN LUNACY ACT,ALL / NOT SPECIFIED,0,0,0,0,2025-05,0,0.0
595,B - SPECIAL & LOCAL LAWS,INDIAN ELECTRICITY ACT,ALL / NOT SPECIFIED,6,0,1,0,2025-05,-1,-100.0
596,B - SPECIAL & LOCAL LAWS,"COTPA, CIGARETTES AND OTHER TOBACCO PRODUCTS",ALL / NOT SPECIFIED,1141,95,65,667,2025-05,602,926.1538461538462
597,B - SPECIAL & LOCAL LAWS,KARNATAKA STATE LOCAL ACTS,Prevention of Insult to National Hounours Act 1971,6,0,0,1,2025-05,1,100.0
598,B - SPECIAL & LOCAL LAWS,KARNATAKA STATE LOCAL ACTS,"Prevention of violence against Doctors, Medical professionals and Medical institutions",7,0,0,1,2025-05,1,100.0
599,B - SPECIAL & LOCAL LAWS,KARNATAKA STATE LOCAL ACTS,"The Karnataka Prevention of Dangerous Activities of Bootleggers, Drug-offenders, Gamblers, Goonda Act",0,0,0,0,2025-05,0,0.0
600,B - SPECIAL & LOCAL LAWS,KARNATAKA STATE LOCAL ACTS,Karnataka Cow Slaughters Act,90,17,17,19,2025-05,2,11.76470588235294
601,B - SPECIAL & LOCAL LAWS,KARNATAKA STATE LOCAL ACTS,Banning of Unregulated Deposit Schemes Act,11,0,1,0,2025-05,-1,-100.0
602,B - SPECIAL & LOCAL LAWS,KARNATAKA STATE LOCAL ACTS,"Motor Spirit and High Speed Diesel (Regulation of upply, Distribution and Prevention of Malpractice",0,0,0,0,2025-05,0,0.0
603,B - SPECIAL & LOCAL LAWS,KARNATAKA STATE LOCAL ACTS,Karnataka Epidemic Deseases Act 2020,0,0,0,0,2025-05,0,0.0
604,B - SPECIAL & LOCAL LAWS,KARNATAKA STATE LOCAL ACTS,Karnataka Prevention of Slaughter and Preservation of Cattle Act 2020,86,17,15,20,2025-05,5,33.33333333333333
605,B - SPECIAL & LOCAL LAWS,KARNATAKA STATE LOCAL ACTS,Disaster Management Act 2005,0,0,0,0,2025-05,0,0.0
606,B - SPECIAL & LOCAL LAWS,KARNATAKA STATE LOCAL ACTS,Karnataka Excise Act 1965,4436,283,982,871,2025-05,-111,-11.303462321792262
607,B - SPECIAL & LOCAL LAWS,KARNATAKA STATE LOCAL ACTS,Karnataka Forest Act 1963,10,0,3,4,2025-05,1,33.33333333333333
608,B - SPECIAL & LOCAL LAWS,KARNATAKA STATE LOCAL ACTS,Karnataka Education Act 1983 As Amended Upto Date,2,0,1,0,2025-05,-1,-100.0
609,B - SPECIAL & LOCAL LAWS,KARNATAKA STATE LOCAL ACTS,Karnataka Kerosene Restriction Unuse Act 1956,0,0,0,0,2025-05,0,0.0
610,B - SPECIAL & LOCAL LAWS,KARNATAKA STATE LOCAL ACTS,Karnataka University Act,0,0,0,0,2025-05,0,0.0
611,B - SPECIAL & LOCAL LAWS,KARNATAKA STATE LOCAL ACTS,Karnataka Corruption Act,0,0,0,0,2025-05,0,0.0
612,B - SPECIAL & LOCAL LAWS,KARNATAKA STATE LOCAL ACTS,Karnataka Medical Registration Act 1965,1,0,0,0,2025-05,0,0.0
613,B - SPECIAL & LOCAL LAWS,KARNATAKA STATE LOCAL ACTS,Karnataka Land & Revenue Act 1964 & 2007,18,3,2,4,2025-05,2,100.0
614,B - SPECIAL & LOCAL LAWS,KARNATAKA STATE LOCAL ACTS,Karnataka Kerosene Dealers License Order 1969,0,0,0,0,2025-05,0,0.0
615,B - SPECIAL & LOCAL LAWS,KARNATAKA STATE LOCAL ACTS,Karnataka Society Registration Act,0,0,0,0,2025-05,0,0.0
616,B - SPECIAL & LOCAL LAWS,KARNATAKA STATE LOCAL ACTS,Karnataka Minor Mineral Consistent Rule 1994,6,4,0,1,2025-05,1,100.0
617,B - SPECIAL & LOCAL LAWS,KARNATAKA STATE LOCAL ACTS,Bangalore Development Authority Act,0,0,0,0,2025-05,0,0.0
618,B - SPECIAL & LOCAL LAWS,KARNATAKA STATE LOCAL ACTS,Karnataka Prohibition of Beggery Act 1975,35,0,0,22,2025-05,22,2200.0
619,B - SPECIAL & LOCAL LAWS,KARNATAKA STATE LOCAL ACTS,Karnataka Municipalities Act 1964,1,0,0,1,2025-05,1,100.0
620,B - SPECIAL & LOCAL LAWS,KARNATAKA STATE LOCAL ACTS,Karnataka Irrigation Act 1963,3,0,1,0,2025-05,-1,-100.0
621,B - SPECIAL & LOCAL LAWS,KARNATAKA STATE LOCAL ACTS,Karnataka Fire Force act 1964,2,1,0,0,2025-05,0,0.0
622,B - SPECIAL & LOCAL LAWS,KARNATAKA STATE LOCAL ACTS,Karnataka Consumer Protection Act 1986,0,0,0,0,2025-05,0,0.0
623,B - SPECIAL & LOCAL LAWS,KARNATAKA STATE LOCAL ACTS,Karnataka Lottery Act,37,0,2,8,2025-05,6,300.0
624,B - SPECIAL & LOCAL LAWS,KARNATAKA STATE LOCAL ACTS,Karnataka Weight & Measurement Act,0,0,0,0,2025-05,0,0.0
625,B - SPECIAL & LOCAL LAWS,KARNATAKA STATE LOCAL ACTS,Karnataka Agriculture Marketing Regulation Act,0,0,0,0,2025-05,0,0.0
626,B - SPECIAL & LOCAL LAWS,KARNATAKA STATE LOCAL ACTS,Karnataka Revenue Act,0,0,0,0,2025-05,0,0.0
627,B - SPECIAL & LOCAL LAWS,KARNATAKA STATE LOCAL ACTS,Karnataka Mining Act,1,0,0,1,2025-05,1,100.0
628,B - SPECIAL & LOCAL LAWS,KARNATAKA STATE LOCAL ACTS,Karnataka Betting Tax Act,0,0,0,0,2025-05,0,0.0
629,B - SPECIAL & LOCAL LAWS,KARNATAKA STATE LOCAL ACTS,Karnataka Panchayat Raj Act,1,0,0,0,2025-05,0,0.0
630,B - SPECIAL & LOCAL LAWS,KARNATAKA STATE LOCAL ACTS,Karnataka Open Place Disfigurement Act 1951,86,6,16,24,2025-05,8,50.0
631,B - SPECIAL & LOCAL LAWS,KARNATAKA STATE LOCAL ACTS,Karnataka Right To Information Act 2000 & 2008,1,0,0,0,2025-05,0,0.0
632,B - SPECIAL & LOCAL LAWS,KARNATAKA STATE LOCAL ACTS,Karnataka Urban Development Act 1987,0,0,0,0,2025-05,0,0.0
633,B - SPECIAL & LOCAL LAWS,KARNATAKA STATE LOCAL ACTS,Karnataka Town & City Planning Act 1961,0,0,0,0,2025-05,0,0.0
634,B - SPECIAL & LOCAL LAWS,KARNATAKA STATE LOCAL ACTS,Karnataka Race Betting Act,0,0,0,0,2025-05,0,0.0
635,B - SPECIAL & LOCAL LAWS,KARNATAKA STATE LOCAL ACTS,Karnataka Devadasi's (Prohibition Of Dedication) Act 1982,0,0,0,0,2025-05,0,0.0
636,B - SPECIAL & LOCAL LAWS,KARNATAKA STATE LOCAL ACTS,Cooperative Society Act,1,0,0,0,2025-05,0,0.0
637,B - SPECIAL & LOCAL LAWS,KARNATAKA STATE LOCAL ACTS,Karnataka Entertainment Tax Act 1958,2,0,1,0,2025-05,-1,-100.0
638,B - SPECIAL & LOCAL LAWS,KARNATAKA STATE LOCAL ACTS,Karnataka Land Acquisition (Prohibition) Act 2007,0,0,0,0,2025-05,0,0.0
639,B - SPECIAL & LOCAL LAWS,KARNATAKA STATE LOCAL ACTS,Karnataka Money Lender Act 1961,12,3,6,1,2025-05,-5,-83.33333333333334
640,B - SPECIAL & LOCAL LAWS,KARNATAKA STATE LOCAL ACTS,Karnataka Stamp Act 1957,0,0,0,0,2025-05,0,0.0
641,B - SPECIAL & LOCAL LAWS,KARNATAKA STATE LOCAL ACTS,Karnataka Prisoners Act 1963 & 1974,20,2,4,1,2025-05,-3,-75.0
642,B - SPECIAL & LOCAL LAWS,KARNATAKA STATE LOCAL ACTS,Karnataka Private Medical Institution Act 2007,2,0,0,0,2025-05,0,0.0
643,B - SPECIAL & LOCAL LAWS,KARNATAKA STATE LOCAL ACTS,MMRD (Mines & Minerals Regulation Development ) Act 1957,28,5,6,3,2025-05,-3,-50.0
644,B - SPECIAL & LOCAL LAWS,KARNATAKA STATE LOCAL ACTS,Karnataka Treasure Trove Act 1962,1,0,0,0,2025-05,0,0.0
645,B - SPECIAL & LOCAL LAWS,KARNATAKA STATE LOCAL ACTS,Karnataka Prohibition of Charging Exorbitant Interest Act 2004,9,3,0,1,2025-05,1,100.0
646,B - SPECIAL & LOCAL LAWS,KARNATAKA STATE LOCAL ACTS,Karnataka Ayurvedic And Unani Pract. Regis. & Medical Prac. Misc. Prov. Act,0,0,0,0,2025-05,0,0.0
647,B - SPECIAL & LOCAL LAWS,KARNATAKA STATE LOCAL ACTS,Other Local Acts,81,12,8,27,2025-05,19,237.5
648,B - SPECIAL & LOCAL LAWS,CYBER CRIME (INFORMATION TECHNOLOGY ACT),"Information Technology Act 2000, 2009",64,2181,17,11,2025-05,-6,-35.294117647058826
649,B - SPECIAL & LOCAL LAWS,CYBER CRIME (INFORMATION TECHNOLOGY ACT),CSAM (Child Pornography). Cyber Tip Line,11,0,0,0,2025-05,0,0.0
650,B - SPECIAL & LOCAL LAWS,CYBER CRIME (INFORMATION TECHNOLOGY ACT),Online Money Transfer,527,22,101,104,2025-05,3,2.9702970297029703
651,B - SPECIAL & LOCAL LAWS,CYBER CRIME (INFORMATION TECHNOLOGY ACT),Credit Card Fraud,303,5,48,57,2025-05,9,18.75
652,B - SPECIAL & LOCAL LAWS,CYBER CRIME (INFORMATION TECHNOLOGY ACT),Loan App,89,2,11,19,2025-05,8,72.72727272727273
653,B - SPECIAL & LOCAL LAWS,CYBER CRIME (INFORMATION TECHNOLOGY ACT),"Ransomeware Attack, Installing Spyware & Troman, Using Other Malware & Viruses to infect degital serv",3,0,1,0,2025-05,-1,-100.0
654,B - SPECIAL & LOCAL LAWS,CYBER CRIME (INFORMATION TECHNOLOGY ACT),"Gifts, iPhone & Lottery Fraud",60,0,11,7,2025-05,-4,-36.36363636363637
655,B - SPECIAL & LOCAL LAWS,CYBER CRIME (INFORMATION TECHNOLOGY ACT),Deep Fake/Deep Nudes,15,1,2,3,2025-05,1,50.0
656,B - SPECIAL & LOCAL LAWS,CYBER CRIME (INFORMATION TECHNOLOGY ACT),"Investment Fraud (Part Time Job, Task, Review)",1285,14,232,262,2025-05,30,12.931034482758621
657,B - SPECIAL & LOCAL LAWS,CYBER CRIME (INFORMATION TECHNOLOGY ACT),Card Skimming,5,0,1,0,2025-05,-1,-100.0
658,B - SPECIAL & LOCAL LAWS,CYBER CRIME (INFORMATION TECHNOLOGY ACT),Job Fraud,272,5,64,53,2025-05,-11,-17.1875
659,B - SPECIAL & LOCAL LAWS,CYBER CRIME (INFORMATION TECHNOLOGY ACT),Business Fraud,58,1,15,7,2025-05,-8,-53.333333333333336
660,B - SPECIAL & LOCAL LAWS,CYBER CRIME (INFORMATION TECHNOLOGY ACT),Hacking of Accounts & Ids,69,6,9,19,2025-05,10,111.11111111111111
661,B - SPECIAL & LOCAL LAWS,CYBER CRIME (INFORMATION TECHNOLOGY ACT),Phishing (Taking Password & Information),21,0,6,1,2025-05,-5,-83.33333333333334
662,B - SPECIAL & LOCAL LAWS,CYBER CRIME (INFORMATION TECHNOLOGY ACT),Email Spoofing / Fraud,20,1,3,1,2025-05,-2,-66.66666666666666
663,B - SPECIAL & LOCAL LAWS,CYBER CRIME (INFORMATION TECHNOLOGY ACT),SIM card Swapping / SIM Jacking / SIM Cloning,4,0,0,3,2025-05,3,300.0
664,B - SPECIAL & LOCAL LAWS,CYBER CRIME (INFORMATION TECHNOLOGY ACT),Social Media Cases (Instagram/Facebook/Whatsapp/X /Telegram etc),218,5,42,68,2025-05,26,61.904761904761905
665,B - SPECIAL & LOCAL LAWS,CYBER CRIME (INFORMATION TECHNOLOGY ACT),"Crypto Currency, Bitcoin, etc.",46,0,5,6,2025-05,1,20.0
666,B - SPECIAL & LOCAL LAWS,CYBER CRIME (INFORMATION TECHNOLOGY ACT),Remote Access Fraud  (Any Desk/ Team Viewer),3,0,0,1,2025-05,1,100.0
667,B - SPECIAL & LOCAL LAWS,CYBER CRIME (INFORMATION TECHNOLOGY ACT),OLX Fraud,84,0,13,16,2025-05,3,23.076923076923077
668,B - SPECIAL & LOCAL LAWS,CYBER CRIME (INFORMATION TECHNOLOGY ACT),Data Theft,27,1,7,3,2025-05,-4,-57.14285714285714
669,B - SPECIAL & LOCAL LAWS,CYBER CRIME (INFORMATION TECHNOLOGY ACT),Fedex,24,5,2,3,2025-05,1,50.0
670,B - SPECIAL & LOCAL LAWS,CYBER CRIME (INFORMATION TECHNOLOGY ACT),"OTP Frauds (KYC Update, Apk Link)",277,7,46,43,2025-05,-3,-6.521739130434782
671,B - SPECIAL & LOCAL LAWS,CYBER CRIME (INFORMATION TECHNOLOGY ACT),Matrimony Fraud,44,0,7,10,2025-05,3,42.857142857142854
672,B - SPECIAL & LOCAL LAWS,CYBER CRIME (INFORMATION TECHNOLOGY ACT),Sextortion and Revenge Porn,46,0,12,7,2025-05,-5,-41.66666666666667
673,B - SPECIAL & LOCAL LAWS,CYBER CRIME (INFORMATION TECHNOLOGY ACT),Advertising Frauds,20,0,6,3,2025-05,-3,-50.0
674,B - SPECIAL & LOCAL LAWS,CYBER CRIME (INFORMATION TECHNOLOGY ACT),Investment Fraud (Trading & Share Trading),1447,20,204,265,2025-05,61,29.901960784313726
675,B - SPECIAL & LOCAL LAWS,CYBER CRIME (INFORMATION TECHNOLOGY ACT),Fake Customer Care,128,1,15,27,2025-05,12,80.0
676,B - SPECIAL & LOCAL LAWS,CYBER CRIME (INFORMATION TECHNOLOGY ACT),ATM Fraud,9,0,1,0,2025-05,-1,-100.0
677,B - SPECIAL & LOCAL LAWS,CYBER CRIME (INFORMATION TECHNOLOGY ACT),Digital Arrest,147,2,11,27,2025-05,16,145.45454545454547
678,B - SPECIAL & LOCAL LAWS,CYBER CRIME (INFORMATION TECHNOLOGY ACT),AEPS (Aadhaar),0,0,0,0,2025-05,0,0.0
679,B - SPECIAL & LOCAL LAWS,CYBER CRIME (INFORMATION TECHNOLOGY ACT),Others ,719,62,115,167,2025-05,52,45.21739130434783
680,B - SPECIAL & LOCAL LAWS,NATIONAL SECURITY ACT,ALL / NOT SPECIFIED,0,0,0,0,2025-05,0,0.0
681,B - SPECIAL & LOCAL LAWS,POCSO,Custodial Rape,8,1,0,4,2025-05,4,400.0
682,B - SPECIAL & LOCAL LAWS,POCSO,Gang Rape,2,0,0,1,2025-05,1,100.0
683,B - SPECIAL & LOCAL LAWS,POCSO,Rape with Murder,1,0,1,0,2025-05,-1,-100.0
684,B - SPECIAL & LOCAL LAWS,POCSO,Rape,1270,295,246,250,2025-05,4,1.6260162601626018
685,B - SPECIAL & LOCAL LAWS,POCSO,Others ,491,108,102,89,2025-05,-13,-12.745098039215685
686,B - SPECIAL & LOCAL LAWS,Aadhar Act,Offence by Company,0,0,0,0,2025-05,0,0.0
687,B - SPECIAL & LOCAL LAWS,Aadhar Act,Impersonation,0,0,0,0,2025-05,0,0.0
688,B - SPECIAL & LOCAL LAWS,Aadhar Act,Offence by Individual,0,0,0,0,2025-05,0,0.0
689,C. CRIMES AGAINST WOMEN,Rape (Sec. 376 IPC),1.1  Custodial Rape,0,0,0,0,2025-05,0,0.0
690,C. CRIMES AGAINST WOMEN,Rape (Sec. 376 IPC),1.2  Gang Rape,7,2,2,2,2025-05,0,0.0
691,C. CRIMES AGAINST WOMEN,Rape (Sec. 376 IPC),1.3  other Cases of Rape,396,86,77,90,2025-05,13,16.883116883116884
692,C. CRIMES AGAINST WOMEN,Outraging modesty (Molestation) (sec.354 IPC),ALL / NOT SPECIFIED,2429,696,487,486,2025-05,-1,-0.20533880903490762
693,C. CRIMES AGAINST WOMEN,Kidnapping & Abduction of Women: (Sec.366 IPC),ALL / NOT SPECIFIED,51,10,10,16,2025-05,6,60.0
694,C. CRIMES AGAINST WOMEN,Insulting modesty (Eve-Teasing) (Sec.294 & 509 IPC if victim is a woman),ALL / NOT SPECIFIED,160,12,41,36,2025-05,-5,-12.195121951219512
695,C. CRIMES AGAINST WOMEN,Murder for Dowry - by burning (Sec.302 IPC),ALL / NOT SPECIFIED,1,0,0,0,2025-05,0,0.0
696,C. CRIMES AGAINST WOMEN,"Murder for Dowry - by other means
(Sec.302 IPC)",ALL / NOT SPECIFIED,3,0,0,0,2025-05,0,0.0
697,C. CRIMES AGAINST WOMEN,Murder for other reasons,ALL / NOT SPECIFIED,162,43,40,29,2025-05,-11,-27.500000000000004
698,C. CRIMES AGAINST WOMEN,Attempt to Commit Murder for dowry by burning (Sec.307 IPC),ALL / NOT SPECIFIED,0,0,0,0,2025-05,0,0.0
699,C. CRIMES AGAINST WOMEN,Attempt to Commit Murder for dowry by other means (Sec.307 IPC),ALL / NOT SPECIFIED,11,4,2,2,2025-05,0,0.0
700,C. CRIMES AGAINST WOMEN,Attempt to Commit murder for other reasons,ALL / NOT SPECIFIED,417,86,96,0,2025-05,-96,-100.0
701,C. CRIMES AGAINST WOMEN,"Dowry Death-by burning
(Sec.304-B IPC)",ALL / NOT SPECIFIED,1,0,1,0,2025-05,-1,-100.0
702,C. CRIMES AGAINST WOMEN,Dowry Death-by other Means (Sec.304(B) IPC),ALL / NOT SPECIFIED,47,11,15,3,2025-05,-12,-80.0
703,C. CRIMES AGAINST WOMEN,Cruelty by Husband or Relatives of Husband (Sec.498-A IPC),ALL / NOT SPECIFIED,1203,304,243,266,2025-05,23,9.465020576131687
704,C. CRIMES AGAINST WOMEN,Abetment of Suicide (Sec.306 IPC),ALL / NOT SPECIFIED,0,0,0,0,2025-05,0,0.0
705,C. CRIMES AGAINST WOMEN,Immoral Traffic (prevention) Act.,ALL / NOT SPECIFIED,115,30,12,20,2025-05,8,66.66666666666666
706,C. CRIMES AGAINST WOMEN,Indecent Representation of Women(Prohibition) Act-1986,ALL / NOT SPECIFIED,0,0,0,0,2025-05,0,0.0
707,C. CRIMES AGAINST WOMEN,Pornography,ALL / NOT SPECIFIED,1,0,0,0,2025-05,0,0.0
708,C. CRIMES AGAINST WOMEN,Offences against Public Servants (Sec.182-188-333-353 IPC),ALL / NOT SPECIFIED,54,13,13,8,2025-05,-5,-38.46153846153847
709,C. CRIMES AGAINST WOMEN,Offences related to Marriage,ALL / NOT SPECIFIED,14,4,2,3,2025-05,1,50.0
710,C. CRIMES AGAINST WOMEN,Cyber Crimes,ALL / NOT SPECIFIED,1843,629,327,382,2025-05,55,16.819571865443425
711,D.CRIME AGAINST CHILDREN,"Infanticide/ Foeticide 
(Sec. 315 & 316 IPC)","Infanticide/ Foeticide 
(Sec. 315 & 316 IPC)",3,0,0,1,2025-05,1,100.0
712,D.CRIME AGAINST CHILDREN,Rape on Minor,ALL / NOT SPECIFIED,0,0,0,0,2025-05,0,0.0
713,D.CRIME AGAINST CHILDREN,Exposure & abandonment (Sec. 317 IPC),ALL / NOT SPECIFIED,26,3,6,4,2025-05,-2,-33.33333333333333
714,D.CRIME AGAINST CHILDREN,Kidnapping & Abduction of Children,For Ransom - of Children,5,0,0,2,2025-05,2,200.0
715,D.CRIME AGAINST CHILDREN,Kidnapping & Abduction of Children,of Children - for begging,0,0,0,0,2025-05,0,0.0
716,D.CRIME AGAINST CHILDREN,Kidnapping & Abduction of Children,of Girls - Immoral Purpose,0,0,0,0,2025-05,0,0.0
717,D.CRIME AGAINST CHILDREN,Kidnapping & Abduction of Children,With intent to Steal from Child,0,0,0,0,2025-05,0,0.0
718,D.CRIME AGAINST CHILDREN,Kidnapping & Abduction of Children,Lawful Guardianship,1,0,0,0,2025-05,0,0.0
719,D.CRIME AGAINST CHILDREN,Kidnapping & Abduction of Children,Procuration of Minor Girls - For Prostitution,0,0,0,0,2025-05,0,0.0
720,D.CRIME AGAINST CHILDREN,Kidnapping & Abduction of Children,Procuration of Minor Girls - Importing of Girl,0,0,0,0,2025-05,0,0.0
721,D.CRIME AGAINST CHILDREN,Kidnapping & Abduction of Children,Procuration of Minor Girls - For Other Purposes,8,0,1,1,2025-05,0,0.0
722,D.CRIME AGAINST CHILDREN,Selling of girls for Prostitution (Sec.372 IPC),ALL / NOT SPECIFIED,0,0,0,0,2025-05,0,0.0
723,D.CRIME AGAINST CHILDREN,The Prohibition of Child Marriage Act - 2006,ALL / NOT SPECIFIED,85,17,19,30,2025-05,11,57.89473684210527
724,D.CRIME AGAINST CHILDREN,POCSO Act,ALL / NOT SPECIFIED,1772,404,349,344,2025-05,-5,-1.4326647564469914
725,D.CRIME AGAINST CHILDREN,Death of Children due to miscarriage,ALL / NOT SPECIFIED,9,3,3,2,2025-05,-1,-33.33333333333333
726,D.CRIME AGAINST CHILDREN,Juvenile Justice Act,ALL / NOT SPECIFIED,76,19,8,13,2025-05,5,62.5
727,D.CRIME AGAINST CHILDREN,Child Labour (Pro.& Reg.) Act,ALL / NOT SPECIFIED,24,4,2,4,2025-05,2,100.0
728,D.CRIME AGAINST CHILDREN,Probation of Offenders Act,ALL / NOT SPECIFIED,0,0,0,0,2025-05,0,0.0
729,"    E. CRIME AGAINST SCHEDULED CASTES /TRIBES BY NON SCs/STs 
",Murder,ALL / NOT SPECIFIED,34,6,7,2,2025-05,-5,-71.42857142857143
730,"    E. CRIME AGAINST SCHEDULED CASTES /TRIBES BY NON SCs/STs 
",Rape,ALL / NOT SPECIFIED,65,12,15,13,2025-05,-2,-13.333333333333334
731,"    E. CRIME AGAINST SCHEDULED CASTES /TRIBES BY NON SCs/STs 
",Kidnapping,ALL / NOT SPECIFIED,66,20,7,9,2025-05,2,28.57142857142857
732,"    E. CRIME AGAINST SCHEDULED CASTES /TRIBES BY NON SCs/STs 
",Offences under the Protection of Civil Rights Act.,ALL / NOT SPECIFIED,5,0,3,2,2025-05,-1,-33.33333333333333
1,A - IPC/BNS Crime,"Murder (Sec.302/303 IPC/103,104 BNS)",For gain,19,2,4,1,2025-06,-3,-75.0
2,A - IPC/BNS Crime,"Murder (Sec.302/303 IPC/103,104 BNS)",Over Property Dispute,14,3,2,2,2025-06,0,0.0
3,A - IPC/BNS Crime,"Murder (Sec.302/303 IPC/103,104 BNS)",Due to Personal Vendetta or enemity,20,3,6,4,2025-06,-2,-33.33333333333333
4,A - IPC/BNS Crime,"Murder (Sec.302/303 IPC/103,104 BNS)",Due to Sexual jealousy,12,0,0,0,2025-06,0,0.0
5,A - IPC/BNS Crime,"Murder (Sec.302/303 IPC/103,104 BNS)",For dowry by burning,1,0,0,0,2025-06,0,0.0
6,A - IPC/BNS Crime,"Murder (Sec.302/303 IPC/103,104 BNS)",For dowry by other means,4,1,0,0,2025-06,0,0.0
7,A - IPC/BNS Crime,"Murder (Sec.302/303 IPC/103,104 BNS)",Due to Communalism,1,0,1,0,2025-06,-1,-100.0
8,A - IPC/BNS Crime,"Murder (Sec.302/303 IPC/103,104 BNS)",Due to Casteism,0,0,0,0,2025-06,0,0.0
9,A - IPC/BNS Crime,"Murder (Sec.302/303 IPC/103,104 BNS)",Witch Craft (Sorcery),0,0,0,0,2025-06,0,0.0
10,A - IPC/BNS Crime,"Murder (Sec.302/303 IPC/103,104 BNS)",For Human Sacrifice,0,0,0,0,2025-06,0,0.0
11,A - IPC/BNS Crime,"Murder (Sec.302/303 IPC/103,104 BNS)",Due to Terrorism/Naxalism / Extremism,0,0,0,0,2025-06,0,0.0
12,A - IPC/BNS Crime,"Murder (Sec.302/303 IPC/103,104 BNS)",For Political Reasons,0,0,0,0,2025-06,0,0.0
13,A - IPC/BNS Crime,"Murder (Sec.302/303 IPC/103,104 BNS)",Due to Adultery,9,2,1,0,2025-06,-1,-100.0
14,A - IPC/BNS Crime,"Murder (Sec.302/303 IPC/103,104 BNS)",Civil Disputes,32,5,6,4,2025-06,-2,-33.33333333333333
15,A - IPC/BNS Crime,"Murder (Sec.302/303 IPC/103,104 BNS)",Electoral Gain,0,0,0,0,2025-06,0,0.0
16,A - IPC/BNS Crime,"Murder (Sec.302/303 IPC/103,104 BNS)",Gang Rivalry,3,0,1,2,2025-06,1,100.0
17,A - IPC/BNS Crime,"Murder (Sec.302/303 IPC/103,104 BNS)",Love Intrigue,9,0,1,0,2025-06,-1,-100.0
18,A - IPC/BNS Crime,"Murder (Sec.302/303 IPC/103,104 BNS)",Professional ,0,0,0,0,2025-06,0,0.0
19,A - IPC/BNS Crime,"Murder (Sec.302/303 IPC/103,104 BNS)",Psychopathic/Serial Killer/Lunacy,0,0,0,0,2025-06,0,0.0
20,A - IPC/BNS Crime,"Murder (Sec.302/303 IPC/103,104 BNS)",Rape with Murder,6,1,0,2,2025-06,2,200.0
21,A - IPC/BNS Crime,"Murder (Sec.302/303 IPC/103,104 BNS)",Revenge/Enemity,25,4,5,4,2025-06,-1,-20.0
22,A - IPC/BNS Crime,"Murder (Sec.302/303 IPC/103,104 BNS)",Sudden Quarrel,52,12,11,8,2025-06,-3,-27.27272727272727
23,A - IPC/BNS Crime,"Murder (Sec.302/303 IPC/103,104 BNS)",Village Dispute,0,0,0,0,2025-06,0,0.0
24,A - IPC/BNS Crime,"Murder (Sec.302/303 IPC/103,104 BNS)",Custodial,0,0,0,0,2025-06,0,0.0
25,A - IPC/BNS Crime,"Murder (Sec.302/303 IPC/103,104 BNS)",Due to Other Causes,428,59,75,72,2025-06,-3,-4.0
26,A - IPC/BNS Crime,ATTEMPT TO MURDER (Sec. 307 IPC/109BNS),For Gain ,6,2,1,2,2025-06,1,100.0
27,A - IPC/BNS Crime,ATTEMPT TO MURDER (Sec. 307 IPC/109BNS),Over Property Dispute,40,6,5,11,2025-06,6,120.0
28,A - IPC/BNS Crime,ATTEMPT TO MURDER (Sec. 307 IPC/109BNS),Due to Personal Vendetta or enemity,44,5,10,6,2025-06,-4,-40.0
29,A - IPC/BNS Crime,ATTEMPT TO MURDER (Sec. 307 IPC/109BNS),Due to Sexual jealousy,6,1,0,2,2025-06,2,200.0
30,A - IPC/BNS Crime,ATTEMPT TO MURDER (Sec. 307 IPC/109BNS),For Dowry other Means,10,5,2,0,2025-06,-2,-100.0
31,A - IPC/BNS Crime,ATTEMPT TO MURDER (Sec. 307 IPC/109BNS),Dowry By Burning,0,0,0,0,2025-06,0,0.0
32,A - IPC/BNS Crime,ATTEMPT TO MURDER (Sec. 307 IPC/109BNS),Due to Communalism,1,0,1,0,2025-06,-1,-100.0
33,A - IPC/BNS Crime,ATTEMPT TO MURDER (Sec. 307 IPC/109BNS),Due to Casteism,1,0,0,1,2025-06,1,100.0
34,A - IPC/BNS Crime,ATTEMPT TO MURDER (Sec. 307 IPC/109BNS),Witch Craft (Sorcery),0,0,0,0,2025-06,0,0.0
35,A - IPC/BNS Crime,ATTEMPT TO MURDER (Sec. 307 IPC/109BNS),For Human Sacrifice,0,0,0,0,2025-06,0,0.0
36,A - IPC/BNS Crime,ATTEMPT TO MURDER (Sec. 307 IPC/109BNS),Terrorism /Naxalism / Extremism,0,0,0,0,2025-06,0,0.0
37,A - IPC/BNS Crime,ATTEMPT TO MURDER (Sec. 307 IPC/109BNS),For Political Reasons,6,2,3,0,2025-06,-3,-100.0
38,A - IPC/BNS Crime,ATTEMPT TO MURDER (Sec. 307 IPC/109BNS),Adultery,6,0,0,3,2025-06,3,300.0
39,A - IPC/BNS Crime,ATTEMPT TO MURDER (Sec. 307 IPC/109BNS),Electoral Gain,0,0,0,0,2025-06,0,0.0
40,A - IPC/BNS Crime,ATTEMPT TO MURDER (Sec. 307 IPC/109BNS),Gang Rivalry,2,0,0,1,2025-06,1,100.0
41,A - IPC/BNS Crime,ATTEMPT TO MURDER (Sec. 307 IPC/109BNS),Love Intrigue,9,2,1,2,2025-06,1,100.0
42,A - IPC/BNS Crime,ATTEMPT TO MURDER (Sec. 307 IPC/109BNS),Professional ,3,0,2,1,2025-06,-1,-50.0
43,A - IPC/BNS Crime,ATTEMPT TO MURDER (Sec. 307 IPC/109BNS),Rape,1,0,0,0,2025-06,0,0.0
44,A - IPC/BNS Crime,ATTEMPT TO MURDER (Sec. 307 IPC/109BNS),Revenge/Enemity,126,22,18,20,2025-06,2,11.11111111111111
45,A - IPC/BNS Crime,ATTEMPT TO MURDER (Sec. 307 IPC/109BNS),Sudden Quarrel,146,12,23,37,2025-06,14,60.86956521739131
46,A - IPC/BNS Crime,ATTEMPT TO MURDER (Sec. 307 IPC/109BNS),Village Dispute,3,0,0,1,2025-06,1,100.0
47,A - IPC/BNS Crime,ATTEMPT TO MURDER (Sec. 307 IPC/109BNS),Due to Other Causes,1120,118,167,194,2025-06,27,16.16766467065868
48,A - IPC/BNS Crime,ATTEMPT TO MURDER (Sec. 307 IPC/109BNS),Civil Disputes,185,30,24,44,2025-06,20,83.33333333333334
49,A - IPC/BNS Crime,CULPABLE HOMICIDE NOT AMOUNTING TO MUDER (Sec.304 IPC/105 BNS),For Gain,0,0,0,0,2025-06,0,0.0
50,A - IPC/BNS Crime,CULPABLE HOMICIDE NOT AMOUNTING TO MUDER (Sec.304 IPC/105 BNS),Over Civil Dispute,0,0,0,0,2025-06,0,0.0
51,A - IPC/BNS Crime,CULPABLE HOMICIDE NOT AMOUNTING TO MUDER (Sec.304 IPC/105 BNS),Due to Personal Vendetta or enemity,0,0,0,0,2025-06,0,0.0
52,A - IPC/BNS Crime,CULPABLE HOMICIDE NOT AMOUNTING TO MUDER (Sec.304 IPC/105 BNS),Due to Sexual jealousy,0,0,0,0,2025-06,0,0.0
53,A - IPC/BNS Crime,CULPABLE HOMICIDE NOT AMOUNTING TO MUDER (Sec.304 IPC/105 BNS),For Dowry,0,0,0,0,2025-06,0,0.0
54,A - IPC/BNS Crime,CULPABLE HOMICIDE NOT AMOUNTING TO MUDER (Sec.304 IPC/105 BNS),Due to Communalism,0,0,0,0,2025-06,0,0.0
55,A - IPC/BNS Crime,CULPABLE HOMICIDE NOT AMOUNTING TO MUDER (Sec.304 IPC/105 BNS),Due to Casteism,0,0,0,0,2025-06,0,0.0
56,A - IPC/BNS Crime,CULPABLE HOMICIDE NOT AMOUNTING TO MUDER (Sec.304 IPC/105 BNS),Witch Craft (Sorcery),0,0,0,0,2025-06,0,0.0
57,A - IPC/BNS Crime,CULPABLE HOMICIDE NOT AMOUNTING TO MUDER (Sec.304 IPC/105 BNS),For Human Sacrifice,0,1,0,0,2025-06,0,0.0
58,A - IPC/BNS Crime,CULPABLE HOMICIDE NOT AMOUNTING TO MUDER (Sec.304 IPC/105 BNS),Terrorism /Naxalism / Extremism,0,0,0,0,2025-06,0,0.0
59,A - IPC/BNS Crime,CULPABLE HOMICIDE NOT AMOUNTING TO MUDER (Sec.304 IPC/105 BNS),For Political Reasons,0,0,0,0,2025-06,0,0.0
60,A - IPC/BNS Crime,CULPABLE HOMICIDE NOT AMOUNTING TO MUDER (Sec.304 IPC/105 BNS),Adultery,0,0,0,0,2025-06,0,0.0
61,A - IPC/BNS Crime,CULPABLE HOMICIDE NOT AMOUNTING TO MUDER (Sec.304 IPC/105 BNS),Property Disputes,0,0,0,0,2025-06,0,0.0
62,A - IPC/BNS Crime,CULPABLE HOMICIDE NOT AMOUNTING TO MUDER (Sec.304 IPC/105 BNS),Electoral Gain,2,0,1,0,2025-06,-1,-100.0
63,A - IPC/BNS Crime,CULPABLE HOMICIDE NOT AMOUNTING TO MUDER (Sec.304 IPC/105 BNS),Gang Rivalry,0,0,0,0,2025-06,0,0.0
64,A - IPC/BNS Crime,CULPABLE HOMICIDE NOT AMOUNTING TO MUDER (Sec.304 IPC/105 BNS),Love Intrigue,0,0,0,0,2025-06,0,0.0
65,A - IPC/BNS Crime,CULPABLE HOMICIDE NOT AMOUNTING TO MUDER (Sec.304 IPC/105 BNS),Professional ,0,0,0,0,2025-06,0,0.0
66,A - IPC/BNS Crime,CULPABLE HOMICIDE NOT AMOUNTING TO MUDER (Sec.304 IPC/105 BNS),Sudden Quarrel,7,1,0,0,2025-06,0,0.0
67,A - IPC/BNS Crime,CULPABLE HOMICIDE NOT AMOUNTING TO MUDER (Sec.304 IPC/105 BNS),Due to Other Causes,53,8,4,10,2025-06,6,150.0
68,A - IPC/BNS Crime,ATTEMPT TO CULPABLE HOMICIDE NOT AMOUNTING TO MURDER (Sec. 308 IPC/110 BNS),For Gain,0,0,0,0,2025-06,0,0.0
69,A - IPC/BNS Crime,ATTEMPT TO CULPABLE HOMICIDE NOT AMOUNTING TO MURDER (Sec. 308 IPC/110 BNS),Over Civil Dispute,0,0,0,0,2025-06,0,0.0
70,A - IPC/BNS Crime,ATTEMPT TO CULPABLE HOMICIDE NOT AMOUNTING TO MURDER (Sec. 308 IPC/110 BNS),Due to Personal Vendetta or enemity,0,1,0,0,2025-06,0,0.0
71,A - IPC/BNS Crime,ATTEMPT TO CULPABLE HOMICIDE NOT AMOUNTING TO MURDER (Sec. 308 IPC/110 BNS),Due to Sexual jealousy,0,0,0,0,2025-06,0,0.0
72,A - IPC/BNS Crime,ATTEMPT TO CULPABLE HOMICIDE NOT AMOUNTING TO MURDER (Sec. 308 IPC/110 BNS),For Dowry,0,0,0,0,2025-06,0,0.0
73,A - IPC/BNS Crime,ATTEMPT TO CULPABLE HOMICIDE NOT AMOUNTING TO MURDER (Sec. 308 IPC/110 BNS),Due to Communalism,0,0,0,0,2025-06,0,0.0
74,A - IPC/BNS Crime,ATTEMPT TO CULPABLE HOMICIDE NOT AMOUNTING TO MURDER (Sec. 308 IPC/110 BNS),Due to Casteism,0,0,0,0,2025-06,0,0.0
75,A - IPC/BNS Crime,ATTEMPT TO CULPABLE HOMICIDE NOT AMOUNTING TO MURDER (Sec. 308 IPC/110 BNS),Witch Craft (Sorcery),0,0,0,0,2025-06,0,0.0
76,A - IPC/BNS Crime,ATTEMPT TO CULPABLE HOMICIDE NOT AMOUNTING TO MURDER (Sec. 308 IPC/110 BNS),For Human Sacrifice,0,0,0,0,2025-06,0,0.0
77,A - IPC/BNS Crime,ATTEMPT TO CULPABLE HOMICIDE NOT AMOUNTING TO MURDER (Sec. 308 IPC/110 BNS),Terrorism /Naxalism / Extremism,0,0,0,0,2025-06,0,0.0
78,A - IPC/BNS Crime,ATTEMPT TO CULPABLE HOMICIDE NOT AMOUNTING TO MURDER (Sec. 308 IPC/110 BNS),For Political Reasons,0,0,0,0,2025-06,0,0.0
79,A - IPC/BNS Crime,ATTEMPT TO CULPABLE HOMICIDE NOT AMOUNTING TO MURDER (Sec. 308 IPC/110 BNS),Due to Other Causes,29,5,12,2,2025-06,-10,-83.33333333333334
80,A - IPC/BNS Crime,ATTEMPT TO CULPABLE HOMICIDE NOT AMOUNTING TO MURDER (Sec. 308 IPC/110 BNS),Adultery,1,0,0,0,2025-06,0,0.0
81,A - IPC/BNS Crime,ATTEMPT TO CULPABLE HOMICIDE NOT AMOUNTING TO MURDER (Sec. 308 IPC/110 BNS),Property Disputes,0,0,0,0,2025-06,0,0.0
82,A - IPC/BNS Crime,ATTEMPT TO CULPABLE HOMICIDE NOT AMOUNTING TO MURDER (Sec. 308 IPC/110 BNS),Electoral Gain,0,0,0,0,2025-06,0,0.0
83,A - IPC/BNS Crime,ATTEMPT TO CULPABLE HOMICIDE NOT AMOUNTING TO MURDER (Sec. 308 IPC/110 BNS),Gang Rivalry,0,0,0,0,2025-06,0,0.0
84,A - IPC/BNS Crime,ATTEMPT TO CULPABLE HOMICIDE NOT AMOUNTING TO MURDER (Sec. 308 IPC/110 BNS),Love Intrigue,0,0,0,0,2025-06,0,0.0
85,A - IPC/BNS Crime,ATTEMPT TO CULPABLE HOMICIDE NOT AMOUNTING TO MURDER (Sec. 308 IPC/110 BNS),Professional ,0,0,0,0,2025-06,0,0.0
86,A - IPC/BNS Crime,ATTEMPT TO CULPABLE HOMICIDE NOT AMOUNTING TO MURDER (Sec. 308 IPC/110 BNS),Sudden Quarrel,4,2,1,0,2025-06,-1,-100.0
87,A - IPC/BNS Crime,"RAPE (Sec.376, 376(A) to 376 (D) IPC/64 TO 71 BNS)",Custodial Rape,0,0,0,0,2025-06,0,0.0
88,A - IPC/BNS Crime,"RAPE (Sec.376, 376(A) to 376 (D) IPC/64 TO 71 BNS)",Attempt to Commit,7,1,1,1,2025-06,0,0.0
89,A - IPC/BNS Crime,"RAPE (Sec.376, 376(A) to 376 (D) IPC/64 TO 71 BNS)",By a Gang,7,0,2,0,2025-06,-2,-100.0
90,A - IPC/BNS Crime,"RAPE (Sec.376, 376(A) to 376 (D) IPC/64 TO 71 BNS)",By Parents,2,0,0,0,2025-06,0,0.0
91,A - IPC/BNS Crime,"RAPE (Sec.376, 376(A) to 376 (D) IPC/64 TO 71 BNS)",By Hospital Staff,2,0,0,1,2025-06,1,100.0
92,A - IPC/BNS Crime,"RAPE (Sec.376, 376(A) to 376 (D) IPC/64 TO 71 BNS)",By Husband During Sepearation,2,1,1,0,2025-06,-1,-100.0
93,A - IPC/BNS Crime,"RAPE (Sec.376, 376(A) to 376 (D) IPC/64 TO 71 BNS)",By Neighbours,20,0,4,0,2025-06,-4,-100.0
94,A - IPC/BNS Crime,"RAPE (Sec.376, 376(A) to 376 (D) IPC/64 TO 71 BNS)",By Relatives,17,2,3,2,2025-06,-1,-33.33333333333333
95,A - IPC/BNS Crime,"RAPE (Sec.376, 376(A) to 376 (D) IPC/64 TO 71 BNS)",In Jail Custody,0,0,0,0,2025-06,0,0.0
96,A - IPC/BNS Crime,"RAPE (Sec.376, 376(A) to 376 (D) IPC/64 TO 71 BNS)",In Remand Home,0,0,0,0,2025-06,0,0.0
97,A - IPC/BNS Crime,"RAPE (Sec.376, 376(A) to 376 (D) IPC/64 TO 71 BNS)",InCest,0,0,0,0,2025-06,0,0.0
98,A - IPC/BNS Crime,"RAPE (Sec.376, 376(A) to 376 (D) IPC/64 TO 71 BNS)",Known Person,196,41,30,29,2025-06,-1,-3.3333333333333335
99,A - IPC/BNS Crime,"RAPE (Sec.376, 376(A) to 376 (D) IPC/64 TO 71 BNS)",Unknown Person,11,1,5,4,2025-06,-1,-20.0
100,A - IPC/BNS Crime,"RAPE (Sec.376, 376(A) to 376 (D) IPC/64 TO 71 BNS)",Due to Other Causes,217,17,44,41,2025-06,-3,-6.8181818181818175
101,A - IPC/BNS Crime,"RAPE (Sec.376, 376(A) to 376 (D) IPC/64 TO 71 BNS)",On Minor,0,0,0,0,2025-06,0,0.0
102,A - IPC/BNS Crime,Sexual Intercourse by employing deceitful means (Sec 69 BNS),False promises of marriage,80,0,21,22,2025-06,1,4.761904761904762
103,A - IPC/BNS Crime,Sexual Intercourse by employing deceitful means (Sec 69 BNS),Falsely claiming a job promotion or employment ,1,0,1,0,2025-06,-1,-100.0
104,A - IPC/BNS Crime,Sexual Intercourse by employing deceitful means (Sec 69 BNS),Suppressing identity to induce marriage,0,0,0,0,2025-06,0,0.0
105,A - IPC/BNS Crime,Sexual Intercourse by employing deceitful means (Sec 69 BNS),Other,4,0,0,2,2025-06,2,200.0
106,A - IPC/BNS Crime,"KIDNAPPING AND ABDUCTION (Sec.360, 361, 363 to 369 IPC/137(1)(A),137(1)(B),137(2),140 TO 142,97 BNS)",Missing - Boy,472,72,82,88,2025-06,6,7.317073170731707
107,A - IPC/BNS Crime,"KIDNAPPING AND ABDUCTION (Sec.360, 361, 363 to 369 IPC/137(1)(A),137(1)(B),137(2),140 TO 142,97 BNS)",Missing - Girl,1454,231,250,290,2025-06,40,16.0
108,A - IPC/BNS Crime,"KIDNAPPING AND ABDUCTION (Sec.360, 361, 363 to 369 IPC/137(1)(A),137(1)(B),137(2),140 TO 142,97 BNS)",For Ransom - of Children,5,3,1,1,2025-06,0,0.0
109,A - IPC/BNS Crime,"KIDNAPPING AND ABDUCTION (Sec.360, 361, 363 to 369 IPC/137(1)(A),137(1)(B),137(2),140 TO 142,97 BNS)",For Ransom - of Cildren for Begging,0,0,0,0,2025-06,0,0.0
110,A - IPC/BNS Crime,"KIDNAPPING AND ABDUCTION (Sec.360, 361, 363 to 369 IPC/137(1)(A),137(1)(B),137(2),140 TO 142,97 BNS)",For Ransom - of Women,5,1,2,1,2025-06,-1,-50.0
111,A - IPC/BNS Crime,"KIDNAPPING AND ABDUCTION (Sec.360, 361, 363 to 369 IPC/137(1)(A),137(1)(B),137(2),140 TO 142,97 BNS)",For Ransom - of Girls for Immoral Purpose,0,0,0,0,2025-06,0,0.0
112,A - IPC/BNS Crime,"KIDNAPPING AND ABDUCTION (Sec.360, 361, 363 to 369 IPC/137(1)(A),137(1)(B),137(2),140 TO 142,97 BNS)",For Ransom - of  Others,27,7,5,1,2025-06,-4,-80.0
113,A - IPC/BNS Crime,"KIDNAPPING AND ABDUCTION (Sec.360, 361, 363 to 369 IPC/137(1)(A),137(1)(B),137(2),140 TO 142,97 BNS)",Procuration of Minor Girls - For Prostitution,0,0,0,0,2025-06,0,0.0
114,A - IPC/BNS Crime,"KIDNAPPING AND ABDUCTION (Sec.360, 361, 363 to 369 IPC/137(1)(A),137(1)(B),137(2),140 TO 142,97 BNS)",Procuration of Minor Girls - Importring of Girl,0,0,0,0,2025-06,0,0.0
115,A - IPC/BNS Crime,"KIDNAPPING AND ABDUCTION (Sec.360, 361, 363 to 369 IPC/137(1)(A),137(1)(B),137(2),140 TO 142,97 BNS)",Procuration of Minor Girls - For other Purpose,10,0,1,2,2025-06,1,100.0
116,A - IPC/BNS Crime,"KIDNAPPING AND ABDUCTION (Sec.360, 361, 363 to 369 IPC/137(1)(A),137(1)(B),137(2),140 TO 142,97 BNS)",Espionage,0,0,0,0,2025-06,0,0.0
117,A - IPC/BNS Crime,"KIDNAPPING AND ABDUCTION (Sec.360, 361, 363 to 369 IPC/137(1)(A),137(1)(B),137(2),140 TO 142,97 BNS)",Intent to Steal From Child,0,0,0,0,2025-06,0,0.0
118,A - IPC/BNS Crime,"KIDNAPPING AND ABDUCTION (Sec.360, 361, 363 to 369 IPC/137(1)(A),137(1)(B),137(2),140 TO 142,97 BNS)",Murder (Homicide),0,0,0,0,2025-06,0,0.0
119,A - IPC/BNS Crime,"KIDNAPPING AND ABDUCTION (Sec.360, 361, 363 to 369 IPC/137(1)(A),137(1)(B),137(2),140 TO 142,97 BNS)",Obtain Signature Forcibly,0,0,0,0,2025-06,0,0.0
120,A - IPC/BNS Crime,"KIDNAPPING AND ABDUCTION (Sec.360, 361, 363 to 369 IPC/137(1)(A),137(1)(B),137(2),140 TO 142,97 BNS)",Recovering Loan,1,0,0,0,2025-06,0,0.0
121,A - IPC/BNS Crime,"KIDNAPPING AND ABDUCTION (Sec.360, 361, 363 to 369 IPC/137(1)(A),137(1)(B),137(2),140 TO 142,97 BNS)",Settling any Disputes,3,0,0,2,2025-06,2,200.0
122,A - IPC/BNS Crime,"KIDNAPPING AND ABDUCTION (Sec.360, 361, 363 to 369 IPC/137(1)(A),137(1)(B),137(2),140 TO 142,97 BNS)",Unnatural Lust / Illicit Intercourse,0,0,0,0,2025-06,0,0.0
123,A - IPC/BNS Crime,"KIDNAPPING AND ABDUCTION (Sec.360, 361, 363 to 369 IPC/137(1)(A),137(1)(B),137(2),140 TO 142,97 BNS)",Wrongful Confinement,7,0,0,3,2025-06,3,300.0
124,A - IPC/BNS Crime,"KIDNAPPING AND ABDUCTION (Sec.360, 361, 363 to 369 IPC/137(1)(A),137(1)(B),137(2),140 TO 142,97 BNS)",For Exporting,0,0,0,0,2025-06,0,0.0
125,A - IPC/BNS Crime,"KIDNAPPING AND ABDUCTION (Sec.360, 361, 363 to 369 IPC/137(1)(A),137(1)(B),137(2),140 TO 142,97 BNS)",From Lawful Guardianship,2,1,1,0,2025-06,-1,-100.0
126,A - IPC/BNS Crime,"KIDNAPPING AND ABDUCTION (Sec.360, 361, 363 to 369 IPC/137(1)(A),137(1)(B),137(2),140 TO 142,97 BNS)",For Camel Racing Etc.,0,0,0,0,2025-06,0,0.0
127,A - IPC/BNS Crime,"KIDNAPPING AND ABDUCTION (Sec.360, 361, 363 to 369 IPC/137(1)(A),137(1)(B),137(2),140 TO 142,97 BNS)",To Compel For Marriage,4,1,1,0,2025-06,-1,-100.0
128,A - IPC/BNS Crime,"KIDNAPPING AND ABDUCTION (Sec.360, 361, 363 to 369 IPC/137(1)(A),137(1)(B),137(2),140 TO 142,97 BNS)",For Slavery,0,0,0,0,2025-06,0,0.0
129,A - IPC/BNS Crime,"KIDNAPPING AND ABDUCTION (Sec.360, 361, 363 to 369 IPC/137(1)(A),137(1)(B),137(2),140 TO 142,97 BNS)",For Stealing From its Person,0,0,0,0,2025-06,0,0.0
130,A - IPC/BNS Crime,"KIDNAPPING AND ABDUCTION (Sec.360, 361, 363 to 369 IPC/137(1)(A),137(1)(B),137(2),140 TO 142,97 BNS)",Others,216,40,39,40,2025-06,1,2.564102564102564
131,A - IPC/BNS Crime,"DACOITY (Sec. 395 to 398 IPC/310(2),310(4),311,312 BNS)",At ATM,0,0,0,0,2025-06,0,0.0
132,A - IPC/BNS Crime,"DACOITY (Sec. 395 to 398 IPC/310(2),310(4),311,312 BNS)",At Residential Premises,17,3,1,1,2025-06,0,0.0
133,A - IPC/BNS Crime,"DACOITY (Sec. 395 to 398 IPC/310(2),310(4),311,312 BNS)",On Highways,7,1,0,1,2025-06,1,100.0
134,A - IPC/BNS Crime,"DACOITY (Sec. 395 to 398 IPC/310(2),310(4),311,312 BNS)",In Trains,2,0,0,1,2025-06,1,100.0
135,A - IPC/BNS Crime,"DACOITY (Sec. 395 to 398 IPC/310(2),310(4),311,312 BNS)",At Banks,1,0,0,0,2025-06,0,0.0
136,A - IPC/BNS Crime,"DACOITY (Sec. 395 to 398 IPC/310(2),310(4),311,312 BNS)",At Commercial Places / Establishments,6,2,1,1,2025-06,0,0.0
137,A - IPC/BNS Crime,"DACOITY (Sec. 395 to 398 IPC/310(2),310(4),311,312 BNS)",On Other Roads,19,3,4,2,2025-06,-2,-50.0
138,A - IPC/BNS Crime,"DACOITY (Sec. 395 to 398 IPC/310(2),310(4),311,312 BNS)",In Other Places,13,2,2,1,2025-06,-1,-50.0
139,A - IPC/BNS Crime,"DACOITY (Sec. 395 to 398 IPC/310(2),310(4),311,312 BNS)",River & Sea,0,0,0,0,2025-06,0,0.0
140,A - IPC/BNS Crime,"DACOITY (Sec. 395 to 398 IPC/310(2),310(4),311,312 BNS)",Preparation And Assembly for Dacoity,34,18,7,3,2025-06,-4,-57.14285714285714
141,A - IPC/BNS Crime,"Robbery (Sec.392 to 394 IPC/309(4),309(5),309(6) BNS)",At ATM,0,0,0,0,2025-06,0,0.0
142,A - IPC/BNS Crime,"Robbery (Sec.392 to 394 IPC/309(4),309(5),309(6) BNS)",At Residential Premises,51,14,7,6,2025-06,-1,-14.285714285714285
143,A - IPC/BNS Crime,"Robbery (Sec.392 to 394 IPC/309(4),309(5),309(6) BNS)",On Highways,35,5,2,10,2025-06,8,400.0
144,A - IPC/BNS Crime,"Robbery (Sec.392 to 394 IPC/309(4),309(5),309(6) BNS)",In Trains,0,1,0,0,2025-06,0,0.0
145,A - IPC/BNS Crime,"Robbery (Sec.392 to 394 IPC/309(4),309(5),309(6) BNS)",At Banks,0,0,0,0,2025-06,0,0.0
146,A - IPC/BNS Crime,"Robbery (Sec.392 to 394 IPC/309(4),309(5),309(6) BNS)",At Commercial Places / Establishments,18,10,3,3,2025-06,0,0.0
147,A - IPC/BNS Crime,"Robbery (Sec.392 to 394 IPC/309(4),309(5),309(6) BNS)",In Other Places,150,59,32,21,2025-06,-11,-34.375
148,A - IPC/BNS Crime,"Robbery (Sec.392 to 394 IPC/309(4),309(5),309(6) BNS)",Chain Snatching,251,63,39,52,2025-06,13,33.33333333333333
149,A - IPC/BNS Crime,"Robbery (Sec.392 to 394 IPC/309(4),309(5),309(6) BNS)",Attempt to Commit,19,2,2,5,2025-06,3,150.0
150,A - IPC/BNS Crime,"BURGLARY - NIGHT (Sec. 380 IPC R/W 453 TO 460, 462 IPC/305,R/W 331(1) TO 331(8),334(2) BNS)",At Residential Premises,1194,244,213,196,2025-06,-17,-7.981220657276995
151,A - IPC/BNS Crime,"BURGLARY - NIGHT (Sec. 380 IPC R/W 453 TO 460, 462 IPC/305,R/W 331(1) TO 331(8),334(2) BNS)",On Highways,1,0,0,0,2025-06,0,0.0
152,A - IPC/BNS Crime,"BURGLARY - NIGHT (Sec. 380 IPC R/W 453 TO 460, 462 IPC/305,R/W 331(1) TO 331(8),334(2) BNS)",In Trains,0,0,0,0,2025-06,0,0.0
153,A - IPC/BNS Crime,"BURGLARY - NIGHT (Sec. 380 IPC R/W 453 TO 460, 462 IPC/305,R/W 331(1) TO 331(8),334(2) BNS)",At Banks,13,3,1,5,2025-06,4,400.0
154,A - IPC/BNS Crime,"BURGLARY - NIGHT (Sec. 380 IPC R/W 453 TO 460, 462 IPC/305,R/W 331(1) TO 331(8),334(2) BNS)",At Commercial Places / Establishments,295,82,56,45,2025-06,-11,-19.642857142857142
155,A - IPC/BNS Crime,"BURGLARY - NIGHT (Sec. 380 IPC R/W 453 TO 460, 462 IPC/305,R/W 331(1) TO 331(8),334(2) BNS)",In Other Places,239,52,30,41,2025-06,11,36.666666666666664
156,A - IPC/BNS Crime,"BURGLARY - NIGHT (Sec. 380 IPC R/W 453 TO 460, 462 IPC/305,R/W 331(1) TO 331(8),334(2) BNS)",Temple Theft,144,34,34,28,2025-06,-6,-17.647058823529413
157,A - IPC/BNS Crime,"BURGLARY - DAY (Sec. 380 IPC R/W 453 TO 460, 462 IPC/305,R/W 331(1) TO 331(8), 334(2) BNS)",At Residential Premises,478,92,79,78,2025-06,-1,-1.2658227848101267
158,A - IPC/BNS Crime,"BURGLARY - DAY (Sec. 380 IPC R/W 453 TO 460, 462 IPC/305,R/W 331(1) TO 331(8), 334(2) BNS)",On Highways,0,0,0,0,2025-06,0,0.0
159,A - IPC/BNS Crime,"BURGLARY - DAY (Sec. 380 IPC R/W 453 TO 460, 462 IPC/305,R/W 331(1) TO 331(8), 334(2) BNS)",In Trains,0,0,0,0,2025-06,0,0.0
160,A - IPC/BNS Crime,"BURGLARY - DAY (Sec. 380 IPC R/W 453 TO 460, 462 IPC/305,R/W 331(1) TO 331(8), 334(2) BNS)",At Banks,0,0,0,0,2025-06,0,0.0
161,A - IPC/BNS Crime,"BURGLARY - DAY (Sec. 380 IPC R/W 453 TO 460, 462 IPC/305,R/W 331(1) TO 331(8), 334(2) BNS)",At Commercial Places / Establishments,15,3,4,2,2025-06,-2,-50.0
162,A - IPC/BNS Crime,"BURGLARY - DAY (Sec. 380 IPC R/W 453 TO 460, 462 IPC/305,R/W 331(1) TO 331(8), 334(2) BNS)",In Other Places,18,9,4,5,2025-06,1,25.0
163,A - IPC/BNS Crime,"BURGLARY - DAY (Sec. 380 IPC R/W 453 TO 460, 462 IPC/305,R/W 331(1) TO 331(8), 334(2) BNS)",Temple Theft,5,2,0,2,2025-06,2,200.0
164,A - IPC/BNS Crime,THEFT (Sec.379 to 389 IPC/303(2) TO 308(7) BNS),Attempt to commit,28,6,7,5,2025-06,-2,-28.57142857142857
165,A - IPC/BNS Crime,THEFT (Sec.379 to 389 IPC/303(2) TO 308(7) BNS),Of Automobiles - Of Tractors,48,7,8,6,2025-06,-2,-25.0
166,A - IPC/BNS Crime,THEFT (Sec.379 to 389 IPC/303(2) TO 308(7) BNS),In Running Bus,55,0,7,4,2025-06,-3,-42.857142857142854
167,A - IPC/BNS Crime,THEFT (Sec.379 to 389 IPC/303(2) TO 308(7) BNS),Of Snatching,299,0,42,53,2025-06,11,26.190476190476193
168,A - IPC/BNS Crime,THEFT (Sec.379 to 389 IPC/303(2) TO 308(7) BNS),At ATM,15,0,5,0,2025-06,-5,-100.0
169,A - IPC/BNS Crime,THEFT (Sec.379 to 389 IPC/303(2) TO 308(7) BNS),Of Sand,719,96,106,82,2025-06,-24,-22.641509433962266
170,A - IPC/BNS Crime,THEFT (Sec.379 to 389 IPC/303(2) TO 308(7) BNS),Government Office,14,0,3,2,2025-06,-1,-33.33333333333333
171,A - IPC/BNS Crime,THEFT (Sec.379 to 389 IPC/303(2) TO 308(7) BNS),Of Mines,43,1,4,7,2025-06,3,75.0
172,A - IPC/BNS Crime,THEFT (Sec.379 to 389 IPC/303(2) TO 308(7) BNS),Communication And Elec. Wire,125,23,15,19,2025-06,4,26.666666666666668
173,A - IPC/BNS Crime,THEFT (Sec.379 to 389 IPC/303(2) TO 308(7) BNS),Of Cattle,262,60,37,36,2025-06,-1,-2.7027027027027026
174,A - IPC/BNS Crime,THEFT (Sec.379 to 389 IPC/303(2) TO 308(7) BNS),Of Cycle,20,10,2,0,2025-06,-2,-100.0
175,A - IPC/BNS Crime,THEFT (Sec.379 to 389 IPC/303(2) TO 308(7) BNS),Of Automobiles - Of Lorries/Trucks,59,6,13,5,2025-06,-8,-61.53846153846154
176,A - IPC/BNS Crime,THEFT (Sec.379 to 389 IPC/303(2) TO 308(7) BNS),Of Automobiles - Of Buses,1,2,0,0,2025-06,0,0.0
177,A - IPC/BNS Crime,THEFT (Sec.379 to 389 IPC/303(2) TO 308(7) BNS),Of Automobiles - Of Cars / Jeeps,124,17,32,19,2025-06,-13,-40.625
178,A - IPC/BNS Crime,THEFT (Sec.379 to 389 IPC/303(2) TO 308(7) BNS),Of Automobiles - Of Two Wheelers ,4545,1026,706,785,2025-06,79,11.189801699716714
179,A - IPC/BNS Crime,THEFT (Sec.379 to 389 IPC/303(2) TO 308(7) BNS),Of Automobies - of Three Wheelers,122,27,20,21,2025-06,1,5.0
180,A - IPC/BNS Crime,THEFT (Sec.379 to 389 IPC/303(2) TO 308(7) BNS),Of Accessories of Motor Vehicle,133,31,22,22,2025-06,0,0.0
181,A - IPC/BNS Crime,THEFT (Sec.379 to 389 IPC/303(2) TO 308(7) BNS),Govt. Vehicle,1,0,0,0,2025-06,0,0.0
182,A - IPC/BNS Crime,THEFT (Sec.379 to 389 IPC/303(2) TO 308(7) BNS),"Electronic Goods (Radio, TV, VCR, Acs, Office Automation Equipments)",499,100,92,71,2025-06,-21,-22.82608695652174
183,A - IPC/BNS Crime,THEFT (Sec.379 to 389 IPC/303(2) TO 308(7) BNS),Of Fire Arms,4,0,1,0,2025-06,-1,-100.0
184,A - IPC/BNS Crime,THEFT (Sec.379 to 389 IPC/303(2) TO 308(7) BNS),Of Explosives,0,0,0,0,2025-06,0,0.0
185,A - IPC/BNS Crime,THEFT (Sec.379 to 389 IPC/303(2) TO 308(7) BNS),Of Cultural - Idols,6,0,3,1,2025-06,-2,-66.66666666666666
186,A - IPC/BNS Crime,THEFT (Sec.379 to 389 IPC/303(2) TO 308(7) BNS),Of Cultural - Painting,0,0,0,0,2025-06,0,0.0
187,A - IPC/BNS Crime,THEFT (Sec.379 to 389 IPC/303(2) TO 308(7) BNS),Of Cultrual - Others,109,17,13,20,2025-06,7,53.84615384615385
188,A - IPC/BNS Crime,THEFT (Sec.379 to 389 IPC/303(2) TO 308(7) BNS),Cash,256,38,46,39,2025-06,-7,-15.217391304347828
189,A - IPC/BNS Crime,THEFT (Sec.379 to 389 IPC/303(2) TO 308(7) BNS),Jewellery,828,130,163,111,2025-06,-52,-31.901840490797547
190,A - IPC/BNS Crime,THEFT (Sec.379 to 389 IPC/303(2) TO 308(7) BNS),Other Items Not Included Above,837,169,141,118,2025-06,-23,-16.312056737588655
191,A - IPC/BNS Crime,THEFT (Sec.379 to 389 IPC/303(2) TO 308(7) BNS),In Running Train,28,0,5,2,2025-06,-3,-60.0
192,A - IPC/BNS Crime,THEFT (Sec.379 to 389 IPC/303(2) TO 308(7) BNS),Extortion,135,22,20,24,2025-06,4,20.0
193,A - IPC/BNS Crime,THEFT (Sec.379 to 389 IPC/303(2) TO 308(7) BNS),House Theft,926,188,165,181,2025-06,16,9.696969696969697
194,A - IPC/BNS Crime,THEFT (Sec.379 to 389 IPC/303(2) TO 308(7) BNS),Servant Theft,243,44,47,51,2025-06,4,8.51063829787234
195,A - IPC/BNS Crime,"RIOTS (Sec.141 to 153 IPC/189(1) TO 189(6),191(1)TO 191(3), 190,192,195 BNS))",Land Dispute,534,127,85,120,2025-06,35,41.17647058823529
196,A - IPC/BNS Crime,"RIOTS (Sec.141 to 153 IPC/189(1) TO 189(6),191(1)TO 191(3), 190,192,195 BNS))",Employee - Govt.,0,0,0,0,2025-06,0,0.0
197,A - IPC/BNS Crime,"RIOTS (Sec.141 to 153 IPC/189(1) TO 189(6),191(1)TO 191(3), 190,192,195 BNS))",Labour - Private Sector,0,1,0,0,2025-06,0,0.0
198,A - IPC/BNS Crime,"RIOTS (Sec.141 to 153 IPC/189(1) TO 189(6),191(1)TO 191(3), 190,192,195 BNS))",Labour - Public Sector,1,0,0,1,2025-06,1,100.0
199,A - IPC/BNS Crime,"RIOTS (Sec.141 to 153 IPC/189(1) TO 189(6),191(1)TO 191(3), 190,192,195 BNS))",Linguistic,1,0,0,1,2025-06,1,100.0
200,A - IPC/BNS Crime,"RIOTS (Sec.141 to 153 IPC/189(1) TO 189(6),191(1)TO 191(3), 190,192,195 BNS))",Political ,3,1,0,0,2025-06,0,0.0
201,A - IPC/BNS Crime,"RIOTS (Sec.141 to 153 IPC/189(1) TO 189(6),191(1)TO 191(3), 190,192,195 BNS))",Regional,2,0,0,0,2025-06,0,0.0
202,A - IPC/BNS Crime,"RIOTS (Sec.141 to 153 IPC/189(1) TO 189(6),191(1)TO 191(3), 190,192,195 BNS))",Sectarian,0,0,0,0,2025-06,0,0.0
203,A - IPC/BNS Crime,"RIOTS (Sec.141 to 153 IPC/189(1) TO 189(6),191(1)TO 191(3), 190,192,195 BNS))",Students,2,1,1,0,2025-06,-1,-100.0
204,A - IPC/BNS Crime,"RIOTS (Sec.141 to 153 IPC/189(1) TO 189(6),191(1)TO 191(3), 190,192,195 BNS))",Tribal,0,0,0,0,2025-06,0,0.0
205,A - IPC/BNS Crime,"RIOTS (Sec.141 to 153 IPC/189(1) TO 189(6),191(1)TO 191(3), 190,192,195 BNS))",Due to Village Disputes,9,2,3,0,2025-06,-3,-100.0
206,A - IPC/BNS Crime,"RIOTS (Sec.141 to 153 IPC/189(1) TO 189(6),191(1)TO 191(3), 190,192,195 BNS))",Communal,3,0,0,1,2025-06,1,100.0
207,A - IPC/BNS Crime,"RIOTS (Sec.141 to 153 IPC/189(1) TO 189(6),191(1)TO 191(3), 190,192,195 BNS))",Industrial,2,0,0,0,2025-06,0,0.0
208,A - IPC/BNS Crime,"RIOTS (Sec.141 to 153 IPC/189(1) TO 189(6),191(1)TO 191(3), 190,192,195 BNS))",Caste,2,0,0,0,2025-06,0,0.0
209,A - IPC/BNS Crime,"RIOTS (Sec.141 to 153 IPC/189(1) TO 189(6),191(1)TO 191(3), 190,192,195 BNS))",Agrarian,0,0,0,0,2025-06,0,0.0
210,A - IPC/BNS Crime,"RIOTS (Sec.141 to 153 IPC/189(1) TO 189(6),191(1)TO 191(3), 190,192,195 BNS))",Others,1217,230,208,229,2025-06,21,10.096153846153847
211,A - IPC/BNS Crime,"OFFENCES AGAINST STATE (Sec. 121 to 130, except 124(A) IPC/147 TO 158 BNS)",ALL / NOT SPECIFIED,0,0,0,0,2025-06,0,0.0
212,A - IPC/BNS Crime,"OFFENCES PROMOTING ENEMITY (Sec. 153(A), 154(B) & 505 IPC/196, 197 & 353 BNS",ALL / NOT SPECIFIED,103,8,44,19,2025-06,-25,-56.81818181818182
213,A - IPC/BNS Crime,CRIMINAL BREACH OF TRUST (Sec. 406 to 409 IPC/316(2) to 316(5) BNS),ALL / NOT SPECIFIED,350,48,61,69,2025-06,8,13.114754098360656
214,A - IPC/BNS Crime,"CHEATING (Sec.417 to 420 IPC/318(2)to 318(4), 319(2) BNS)",ALL / NOT SPECIFIED,2858,659,467,450,2025-06,-17,-3.640256959314775
215,A - IPC/BNS Crime,"COUNTERFEITING (Sec. 231 to 263 (A), 489(A) to 489 (E) IPC/178 TO 185 BNS)","Stock Share, Debentrue Certificate",0,0,0,0,2025-06,0,0.0
216,A - IPC/BNS Crime,"COUNTERFEITING (Sec. 231 to 263 (A), 489(A) to 489 (E) IPC/178 TO 185 BNS)",Usage of Counterfeit Stamp,0,0,0,0,2025-06,0,0.0
217,A - IPC/BNS Crime,"COUNTERFEITING (Sec. 231 to 263 (A), 489(A) to 489 (E) IPC/178 TO 185 BNS)",Of Coins (Sec 231 to 254 IPC/ 178 to 181 BNS),0,0,0,0,2025-06,0,0.0
218,A - IPC/BNS Crime,"COUNTERFEITING (Sec. 231 to 263 (A), 489(A) to 489 (E) IPC/178 TO 185 BNS)","Of Stamps (Sec 255 To 263(A) IPC/179 to 186
BNS)",0,0,0,0,2025-06,0,0.0
219,A - IPC/BNS Crime,"COUNTERFEITING (Sec. 231 to 263 (A), 489(A) to 489 (E) IPC/178 TO 185 BNS)","Of Currency Notes And Bank Notes (Sec 489
(A) To 489 (E) IPC/ 178 to 182 BNS)",19,2,6,5,2025-06,-1,-16.666666666666664
220,A - IPC/BNS Crime,"COUNTERFEITING (Sec. 231 to 263 (A), 489(A) to 489 (E) IPC/178 TO 185 BNS)",Of Others,0,0,0,0,2025-06,0,0.0
221,A - IPC/BNS Crime,"FORGERY (Sec. 465, 468, 471, 473, 476, 477 & 477(A) IPC/336(2),336(3),340(2),341(2),342(2),343,
344 BNS)",Forgery  ,217,35,33,37,2025-06,4,12.121212121212121
222,A - IPC/BNS Crime,"FORGERY (Sec. 465, 468, 471, 473, 476, 477 & 477(A) IPC/336(2),336(3),340(2),341(2),342(2),343,
344 BNS)",Organised (Racket),0,0,0,0,2025-06,0,0.0
223,A - IPC/BNS Crime,"FORGERY (Sec. 465, 468, 471, 473, 476, 477 & 477(A) IPC/336(2),336(3),340(2),341(2),342(2),343,
344 BNS)",Forgery of Passport,0,0,0,0,2025-06,0,0.0
224,A - IPC/BNS Crime,"FORGERY (Sec. 465, 468, 471, 473, 476, 477 & 477(A) IPC/336(2),336(3),340(2),341(2),342(2),343,
344 BNS)",Other Forgery,91,12,19,11,2025-06,-8,-42.10526315789473
225,A - IPC/BNS Crime,"CASES OF HURT (Sec. 323 to 335 IPC except 328, 332, 333/115(2) TO 122(2) EXCEPT 121(1),121(2) BNS)",Acid Attack (326(a) IPC/124(1) BNS),8,0,2,1,2025-06,-1,-50.0
226,A - IPC/BNS Crime,"CASES OF HURT (Sec. 323 to 335 IPC except 328, 332, 333/115(2) TO 122(2) EXCEPT 121(1),121(2) BNS)","Attempt to Acid Attack  (326(b) IPC/ 124(2)
BNS",1,0,0,1,2025-06,1,100.0
227,A - IPC/BNS Crime,"CASES OF HURT (Sec. 323 to 335 IPC except 328, 332, 333/115(2) TO 122(2) EXCEPT 121(1),121(2) BNS)",Grievous Hurt,595,120,91,93,2025-06,2,2.197802197802198
228,A - IPC/BNS Crime,"CASES OF HURT (Sec. 323 to 335 IPC except 328, 332, 333/115(2) TO 122(2) EXCEPT 121(1),121(2) BNS)",Simple Hurt,7871,1363,1296,1341,2025-06,45,3.4722222222222223
229,A - IPC/BNS Crime,"CASES OF HURT (Sec. 323 to 335 IPC except 328, 332, 333/115(2) TO 122(2) EXCEPT 121(1),121(2) BNS)",Custodial,1,0,1,0,2025-06,-1,-100.0
230,A - IPC/BNS Crime,"ADULTERATION (Sec. 272, 273 to 276 IPC/274,275 TO 278 BNS)",Attempt to Commit,0,0,0,0,2025-06,0,0.0
231,A - IPC/BNS Crime,"ADULTERATION (Sec. 272, 273 to 276 IPC/274,275 TO 278 BNS)",Alcoholic Drink (Liquor),4,1,1,0,2025-06,-1,-100.0
232,A - IPC/BNS Crime,"ADULTERATION (Sec. 272, 273 to 276 IPC/274,275 TO 278 BNS)",Cement & Chemical/Fertiliser,0,0,0,0,2025-06,0,0.0
233,A - IPC/BNS Crime,"ADULTERATION (Sec. 272, 273 to 276 IPC/274,275 TO 278 BNS)",Cosmetics,0,0,0,0,2025-06,0,0.0
234,A - IPC/BNS Crime,"ADULTERATION (Sec. 272, 273 to 276 IPC/274,275 TO 278 BNS)",Diesel,0,0,0,0,2025-06,0,0.0
235,A - IPC/BNS Crime,"ADULTERATION (Sec. 272, 273 to 276 IPC/274,275 TO 278 BNS)",Drug/Medicine,3,0,1,1,2025-06,0,0.0
236,A - IPC/BNS Crime,"ADULTERATION (Sec. 272, 273 to 276 IPC/274,275 TO 278 BNS)",Edible Oil,0,0,0,0,2025-06,0,0.0
237,A - IPC/BNS Crime,"ADULTERATION (Sec. 272, 273 to 276 IPC/274,275 TO 278 BNS)",Food Grain,1,0,0,0,2025-06,0,0.0
238,A - IPC/BNS Crime,"ADULTERATION (Sec. 272, 273 to 276 IPC/274,275 TO 278 BNS)",Kerosene,0,0,0,0,2025-06,0,0.0
239,A - IPC/BNS Crime,"ADULTERATION (Sec. 272, 273 to 276 IPC/274,275 TO 278 BNS)",Life Saving Drug,0,0,0,0,2025-06,0,0.0
240,A - IPC/BNS Crime,"ADULTERATION (Sec. 272, 273 to 276 IPC/274,275 TO 278 BNS)",Mobile Oil,0,0,0,0,2025-06,0,0.0
241,A - IPC/BNS Crime,"ADULTERATION (Sec. 272, 273 to 276 IPC/274,275 TO 278 BNS)",Petrol,0,0,0,0,2025-06,0,0.0
242,A - IPC/BNS Crime,"ADULTERATION (Sec. 272, 273 to 276 IPC/274,275 TO 278 BNS)",Petroleum Product,0,0,0,0,2025-06,0,0.0
243,A - IPC/BNS Crime,"ADULTERATION (Sec. 272, 273 to 276 IPC/274,275 TO 278 BNS)",Soft Drinks,0,0,0,0,2025-06,0,0.0
244,A - IPC/BNS Crime,"ADULTERATION (Sec. 272, 273 to 276 IPC/274,275 TO 278 BNS)",Spices,0,0,0,0,2025-06,0,0.0
245,A - IPC/BNS Crime,"ADULTERATION (Sec. 272, 273 to 276 IPC/274,275 TO 278 BNS)",Others,5,0,0,1,2025-06,1,100.0
246,A - IPC/BNS Crime,AFFRAY (Sec. 160 IPC/194(2) BNS),ALL / NOT SPECIFIED,348,43,57,50,2025-06,-7,-12.280701754385964
247,A - IPC/BNS Crime,"ARSON (Sec. 435, 436, 438 IPC/326(f),326(g),327(g) BNS)",Agricultural Produce,27,8,1,2,2025-06,1,100.0
248,A - IPC/BNS Crime,"ARSON (Sec. 435, 436, 438 IPC/326(f),326(g),327(g) BNS)",Attemp to Commit,0,0,0,0,2025-06,0,0.0
249,A - IPC/BNS Crime,"ARSON (Sec. 435, 436, 438 IPC/326(f),326(g),327(g) BNS)",Boat / Ship,0,0,0,0,2025-06,0,0.0
250,A - IPC/BNS Crime,"ARSON (Sec. 435, 436, 438 IPC/326(f),326(g),327(g) BNS)",Dwelling House,6,0,1,1,2025-06,0,0.0
251,A - IPC/BNS Crime,"ARSON (Sec. 435, 436, 438 IPC/326(f),326(g),327(g) BNS)",Educational Institution,1,0,1,0,2025-06,-1,-100.0
252,A - IPC/BNS Crime,"ARSON (Sec. 435, 436, 438 IPC/326(f),326(g),327(g) BNS)",Govt. Property,3,0,0,0,2025-06,0,0.0
253,A - IPC/BNS Crime,"ARSON (Sec. 435, 436, 438 IPC/326(f),326(g),327(g) BNS)",Industrial Establishment,0,0,0,0,2025-06,0,0.0
254,A - IPC/BNS Crime,"ARSON (Sec. 435, 436, 438 IPC/326(f),326(g),327(g) BNS)",Place of worship,1,0,0,0,2025-06,0,0.0
255,A - IPC/BNS Crime,"ARSON (Sec. 435, 436, 438 IPC/326(f),326(g),327(g) BNS)",Public Place,6,2,4,0,2025-06,-4,-100.0
256,A - IPC/BNS Crime,"ARSON (Sec. 435, 436, 438 IPC/326(f),326(g),327(g) BNS)",Railway Property,0,0,0,0,2025-06,0,0.0
257,A - IPC/BNS Crime,"ARSON (Sec. 435, 436, 438 IPC/326(f),326(g),327(g) BNS)",Vital Installation,0,0,0,0,2025-06,0,0.0
258,A - IPC/BNS Crime,"ARSON (Sec. 435, 436, 438 IPC/326(f),326(g),327(g) BNS)",Warehouse (Godown),2,0,0,0,2025-06,0,0.0
259,A - IPC/BNS Crime,"ARSON (Sec. 435, 436, 438 IPC/326(f),326(g),327(g) BNS)",Others,61,11,8,7,2025-06,-1,-12.5
260,A - IPC/BNS Crime,"ASSAULT (Sec 356, 357 IPC/134,135 BNS)",Attempt To Commit,4,2,1,1,2025-06,0,0.0
261,A - IPC/BNS Crime,"ASSAULT (Sec 356, 357 IPC/134,135 BNS)",On Contractor,0,0,0,0,2025-06,0,0.0
262,A - IPC/BNS Crime,"ASSAULT (Sec 356, 357 IPC/134,135 BNS)",On Domestic Servant,0,0,0,0,2025-06,0,0.0
263,A - IPC/BNS Crime,"ASSAULT (Sec 356, 357 IPC/134,135 BNS)",On Labourer,1,0,0,0,2025-06,0,0.0
264,A - IPC/BNS Crime,"ASSAULT (Sec 356, 357 IPC/134,135 BNS)",On Man (General),8,0,3,1,2025-06,-2,-66.66666666666666
265,A - IPC/BNS Crime,"ASSAULT (Sec 356, 357 IPC/134,135 BNS)",On Man (SC),0,0,0,0,2025-06,0,0.0
266,A - IPC/BNS Crime,"ASSAULT (Sec 356, 357 IPC/134,135 BNS)",On Man (ST),0,0,0,0,2025-06,0,0.0
267,A - IPC/BNS Crime,"ASSAULT (Sec 356, 357 IPC/134,135 BNS)",On Manager/Executive (Other Than Public Servant),0,0,0,0,2025-06,0,0.0
268,A - IPC/BNS Crime,"ASSAULT (Sec 356, 357 IPC/134,135 BNS)","On Member of Clergy (Christian, Budhist, Jain, Sikh)",0,0,0,0,2025-06,0,0.0
269,A - IPC/BNS Crime,"ASSAULT (Sec 356, 357 IPC/134,135 BNS)",Member of Legislative Assembly / Council (MLA/MLC),0,0,0,0,2025-06,0,0.0
270,A - IPC/BNS Crime,"ASSAULT (Sec 356, 357 IPC/134,135 BNS)",On Member of Parliament (MP),0,0,0,0,2025-06,0,0.0
271,A - IPC/BNS Crime,"ASSAULT (Sec 356, 357 IPC/134,135 BNS)",On other Dignitaries /Public Figures,0,0,0,0,2025-06,0,0.0
272,A - IPC/BNS Crime,"ASSAULT (Sec 356, 357 IPC/134,135 BNS)",On Press,0,0,0,0,2025-06,0,0.0
273,A - IPC/BNS Crime,"ASSAULT (Sec 356, 357 IPC/134,135 BNS)",On Professional ,0,0,0,0,2025-06,0,0.0
274,A - IPC/BNS Crime,"ASSAULT (Sec 356, 357 IPC/134,135 BNS)",On Public Servant,0,0,0,0,2025-06,0,0.0
275,A - IPC/BNS Crime,"ASSAULT (Sec 356, 357 IPC/134,135 BNS)",On Student,0,0,0,0,2025-06,0,0.0
276,A - IPC/BNS Crime,"ASSAULT (Sec 356, 357 IPC/134,135 BNS)",On Teacher,0,0,0,0,2025-06,0,0.0
277,A - IPC/BNS Crime,"ASSAULT (Sec 356, 357 IPC/134,135 BNS)",On Women (General),0,0,0,0,2025-06,0,0.0
278,A - IPC/BNS Crime,"ASSAULT (Sec 356, 357 IPC/134,135 BNS)",On Woman (SC),0,0,0,0,2025-06,0,0.0
279,A - IPC/BNS Crime,"ASSAULT (Sec 356, 357 IPC/134,135 BNS)",On Woman (ST),0,0,0,0,2025-06,0,0.0
280,A - IPC/BNS Crime,COMMUNAL / RELIGION (Sec. 295 to 297 IPC/298 TO 301 BNS),Attempt to Commit,1,1,0,0,2025-06,0,0.0
281,A - IPC/BNS Crime,COMMUNAL / RELIGION (Sec. 295 to 297 IPC/298 TO 301 BNS),Caste Issue,3,0,0,1,2025-06,1,100.0
282,A - IPC/BNS Crime,COMMUNAL / RELIGION (Sec. 295 to 297 IPC/298 TO 301 BNS),Communal Issue,25,5,6,4,2025-06,-2,-33.33333333333333
283,A - IPC/BNS Crime,COMMUNAL / RELIGION (Sec. 295 to 297 IPC/298 TO 301 BNS),Linguistic Issue,0,0,0,0,2025-06,0,0.0
284,A - IPC/BNS Crime,COMMUNAL / RELIGION (Sec. 295 to 297 IPC/298 TO 301 BNS),Political Issue,0,2,0,0,2025-06,0,0.0
285,A - IPC/BNS Crime,COMMUNAL / RELIGION (Sec. 295 to 297 IPC/298 TO 301 BNS),Racial/Ethnic Issue,0,0,0,0,2025-06,0,0.0
286,A - IPC/BNS Crime,COMMUNAL / RELIGION (Sec. 295 to 297 IPC/298 TO 301 BNS),Regional Issue,9,2,2,0,2025-06,-2,-100.0
287,A - IPC/BNS Crime,COMMUNAL / RELIGION (Sec. 295 to 297 IPC/298 TO 301 BNS),Religious Issue,52,5,7,5,2025-06,-2,-28.57142857142857
288,A - IPC/BNS Crime,COMMUNAL / RELIGION (Sec. 295 to 297 IPC/298 TO 301 BNS),Sectarian Issue,0,0,0,0,2025-06,0,0.0
289,A - IPC/BNS Crime,COMMUNAL / RELIGION (Sec. 295 to 297 IPC/298 TO 301 BNS),Others,49,5,14,9,2025-06,-5,-35.714285714285715
290,A - IPC/BNS Crime,"CRIMINAL CONSPIRACY (Sec. 120(B), 121(A) IPC/61(2),148 BNS)",Conspiracy To Wage War,0,0,0,0,2025-06,0,0.0
291,A - IPC/BNS Crime,"CRIMINAL CONSPIRACY (Sec. 120(B), 121(A) IPC/61(2),148 BNS)",Related to Substantive Offence,0,0,0,0,2025-06,0,0.0
292,A - IPC/BNS Crime,"CRIMINAL CONSPIRACY (Sec. 120(B), 121(A) IPC/61(2),148 BNS)",Others,10,5,1,1,2025-06,0,0.0
293,A - IPC/BNS Crime,CRIMINAL INTIMIDATION (Sec. 504 to 508 IPC/352 TO 354 BNS),ALL / NOT SPECIFIED,1634,225,347,296,2025-06,-51,-14.697406340057636
294,A - IPC/BNS Crime,"CRIMINAL MISAPPROPRIATION (Sec. 403, 404 IPC/314,315 BNS)",Attempt to Commit,0,0,0,0,2025-06,0,0.0
295,A - IPC/BNS Crime,"CRIMINAL MISAPPROPRIATION (Sec. 403, 404 IPC/314,315 BNS)",Bank,1,0,1,0,2025-06,-1,-100.0
296,A - IPC/BNS Crime,"CRIMINAL MISAPPROPRIATION (Sec. 403, 404 IPC/314,315 BNS)",Business Establishment,1,0,0,0,2025-06,0,0.0
297,A - IPC/BNS Crime,"CRIMINAL MISAPPROPRIATION (Sec. 403, 404 IPC/314,315 BNS)",Charitable Organisation,0,0,0,0,2025-06,0,0.0
298,A - IPC/BNS Crime,"CRIMINAL MISAPPROPRIATION (Sec. 403, 404 IPC/314,315 BNS)",Chitfund Organisation,0,0,0,0,2025-06,0,0.0
299,A - IPC/BNS Crime,"CRIMINAL MISAPPROPRIATION (Sec. 403, 404 IPC/314,315 BNS)",Co-operative Organisation,3,0,0,1,2025-06,1,100.0
300,A - IPC/BNS Crime,"CRIMINAL MISAPPROPRIATION (Sec. 403, 404 IPC/314,315 BNS)",Commercial Establishment/Shop,0,0,0,0,2025-06,0,0.0
301,A - IPC/BNS Crime,"CRIMINAL MISAPPROPRIATION (Sec. 403, 404 IPC/314,315 BNS)",Customs Department,0,0,0,0,2025-06,0,0.0
302,A - IPC/BNS Crime,"CRIMINAL MISAPPROPRIATION (Sec. 403, 404 IPC/314,315 BNS)",Excise Department,0,0,0,0,2025-06,0,0.0
303,A - IPC/BNS Crime,"CRIMINAL MISAPPROPRIATION (Sec. 403, 404 IPC/314,315 BNS)",Financial Institution,0,1,0,0,2025-06,0,0.0
304,A - IPC/BNS Crime,"CRIMINAL MISAPPROPRIATION (Sec. 403, 404 IPC/314,315 BNS)",Income Tax Department,0,0,0,0,2025-06,0,0.0
305,A - IPC/BNS Crime,"CRIMINAL MISAPPROPRIATION (Sec. 403, 404 IPC/314,315 BNS)",Other Government Organisation,1,0,0,0,2025-06,0,0.0
306,A - IPC/BNS Crime,"CRIMINAL MISAPPROPRIATION (Sec. 403, 404 IPC/314,315 BNS)",Postal Department,0,0,0,0,2025-06,0,0.0
307,A - IPC/BNS Crime,"CRIMINAL MISAPPROPRIATION (Sec. 403, 404 IPC/314,315 BNS)",Public Sector Undertakings,0,0,0,0,2025-06,0,0.0
308,A - IPC/BNS Crime,"CRIMINAL MISAPPROPRIATION (Sec. 403, 404 IPC/314,315 BNS)",Railway Department,0,0,0,0,2025-06,0,0.0
309,A - IPC/BNS Crime,"CRIMINAL MISAPPROPRIATION (Sec. 403, 404 IPC/314,315 BNS)",Revenue Department,0,0,0,0,2025-06,0,0.0
310,A - IPC/BNS Crime,"CRIMINAL MISAPPROPRIATION (Sec. 403, 404 IPC/314,315 BNS)",Sales Tax Department,0,0,0,0,2025-06,0,0.0
311,A - IPC/BNS Crime,"CRIMINAL MISAPPROPRIATION (Sec. 403, 404 IPC/314,315 BNS)",Social Organisation (Aided) (N),0,0,0,0,2025-06,0,0.0
312,A - IPC/BNS Crime,"CRIMINAL MISAPPROPRIATION (Sec. 403, 404 IPC/314,315 BNS)",Transport Authority,0,0,0,0,2025-06,0,0.0
313,A - IPC/BNS Crime,"CRIMINAL MISAPPROPRIATION (Sec. 403, 404 IPC/314,315 BNS)",Trust - Other than religious,1,0,0,1,2025-06,1,100.0
314,A - IPC/BNS Crime,"CRIMINAL MISAPPROPRIATION (Sec. 403, 404 IPC/314,315 BNS)",Trust - Religious,0,0,0,0,2025-06,0,0.0
315,A - IPC/BNS Crime,"CRIMINAL MISAPPROPRIATION (Sec. 403, 404 IPC/314,315 BNS)",Others,3,0,1,1,2025-06,0,0.0
316,A - IPC/BNS Crime,CRIMINAL TRESPASS (Sec.447 to 452 IPC/329(3) TO 333 BNS),Attempt to Commit,5,1,0,1,2025-06,1,100.0
317,A - IPC/BNS Crime,CRIMINAL TRESPASS (Sec.447 to 452 IPC/329(3) TO 333 BNS),Club,3,0,1,0,2025-06,-1,-100.0
318,A - IPC/BNS Crime,CRIMINAL TRESPASS (Sec.447 to 452 IPC/329(3) TO 333 BNS),Hostel,1,1,0,0,2025-06,0,0.0
319,A - IPC/BNS Crime,CRIMINAL TRESPASS (Sec.447 to 452 IPC/329(3) TO 333 BNS),Hotel,4,1,2,0,2025-06,-2,-100.0
320,A - IPC/BNS Crime,CRIMINAL TRESPASS (Sec.447 to 452 IPC/329(3) TO 333 BNS),House,377,58,53,64,2025-06,11,20.754716981132077
321,A - IPC/BNS Crime,CRIMINAL TRESPASS (Sec.447 to 452 IPC/329(3) TO 333 BNS),Land,820,164,139,175,2025-06,36,25.899280575539567
322,A - IPC/BNS Crime,CRIMINAL TRESPASS (Sec.447 to 452 IPC/329(3) TO 333 BNS),Office,33,5,4,6,2025-06,2,50.0
323,A - IPC/BNS Crime,CRIMINAL TRESPASS (Sec.447 to 452 IPC/329(3) TO 333 BNS),Prohibited Places,8,1,0,1,2025-06,1,100.0
324,A - IPC/BNS Crime,CRIMINAL TRESPASS (Sec.447 to 452 IPC/329(3) TO 333 BNS),Religious Place,2,0,0,0,2025-06,0,0.0
325,A - IPC/BNS Crime,CRIMINAL TRESPASS (Sec.447 to 452 IPC/329(3) TO 333 BNS),Restricted Area,5,2,0,0,2025-06,0,0.0
326,A - IPC/BNS Crime,CRIMINAL TRESPASS (Sec.447 to 452 IPC/329(3) TO 333 BNS),Others,101,17,16,13,2025-06,-3,-18.75
327,A - IPC/BNS Crime,CRUELTY BY HUSBAND (Sec. 498(A) IPC/85 BNS),Husband ,514,108,83,91,2025-06,8,9.63855421686747
328,A - IPC/BNS Crime,CRUELTY BY HUSBAND (Sec. 498(A) IPC/85 BNS),Husband And Relative(S) in Law,664,129,126,124,2025-06,-2,-1.5873015873015872
329,A - IPC/BNS Crime,CRUELTY BY HUSBAND (Sec. 498(A) IPC/85 BNS),Relative(S) in Law,14,4,2,1,2025-06,-1,-50.0
330,A - IPC/BNS Crime,CRUELTY BY HUSBAND (Sec. 498(A) IPC/85 BNS),Dowry Harassment,266,44,49,54,2025-06,5,10.204081632653061
331,A - IPC/BNS Crime,CRUELTY BY HUSBAND (Sec. 498(A) IPC/85 BNS),Prevention of Gaming,0,0,0,0,2025-06,0,0.0
332,A - IPC/BNS Crime,DOWRY DEATHS (Sec.304(B) IPC/80 BNS),By Husband  ,1,0,0,0,2025-06,0,0.0
333,A - IPC/BNS Crime,DOWRY DEATHS (Sec.304(B) IPC/80 BNS),By Husband And Relatives In Law,23,3,5,1,2025-06,-4,-80.0
334,A - IPC/BNS Crime,DOWRY DEATHS (Sec.304(B) IPC/80 BNS),By Relatives in Law,1,0,0,0,2025-06,0,0.0
335,A - IPC/BNS Crime,DOWRY DEATHS (Sec.304(B) IPC/80 BNS),By Burning,1,0,0,0,2025-06,0,0.0
336,A - IPC/BNS Crime,DOWRY DEATHS (Sec.304(B) IPC/80 BNS),By Hanging,31,7,1,6,2025-06,5,500.0
337,A - IPC/BNS Crime,DOWRY DEATHS (Sec.304(B) IPC/80 BNS),By Other Means,3,0,0,0,2025-06,0,0.0
338,A - IPC/BNS Crime,DEATHS DUE TO RASHNESS/NEGLIGENCE (Sec.304(A) IPC/106 BNS),Electrocution,11,4,3,2,2025-06,-1,-33.33333333333333
339,A - IPC/BNS Crime,DEATHS DUE TO RASHNESS/NEGLIGENCE (Sec.304(A) IPC/106 BNS),Adulterated Food/Drug,0,0,0,0,2025-06,0,0.0
340,A - IPC/BNS Crime,DEATHS DUE TO RASHNESS/NEGLIGENCE (Sec.304(A) IPC/106 BNS),Accident by Air,0,0,0,0,2025-06,0,0.0
341,A - IPC/BNS Crime,DEATHS DUE TO RASHNESS/NEGLIGENCE (Sec.304(A) IPC/106 BNS),Boad Accident,0,0,0,0,2025-06,0,0.0
342,A - IPC/BNS Crime,DEATHS DUE TO RASHNESS/NEGLIGENCE (Sec.304(A) IPC/106 BNS),Bridge/Dam Collapse,1,0,0,1,2025-06,1,100.0
343,A - IPC/BNS Crime,DEATHS DUE TO RASHNESS/NEGLIGENCE (Sec.304(A) IPC/106 BNS),Building Collapse,1,2,0,0,2025-06,0,0.0
344,A - IPC/BNS Crime,DEATHS DUE TO RASHNESS/NEGLIGENCE (Sec.304(A) IPC/106 BNS),Caused By Animal,1,0,0,0,2025-06,0,0.0
345,A - IPC/BNS Crime,DEATHS DUE TO RASHNESS/NEGLIGENCE (Sec.304(A) IPC/106 BNS),Death Due to Other Cause,33,8,4,7,2025-06,3,75.0
346,A - IPC/BNS Crime,DEATHS DUE TO RASHNESS/NEGLIGENCE (Sec.304(A) IPC/106 BNS),Electrocution Accident,22,13,7,4,2025-06,-3,-42.857142857142854
347,A - IPC/BNS Crime,DEATHS DUE TO RASHNESS/NEGLIGENCE (Sec.304(A) IPC/106 BNS),Explosion Accident,0,0,0,0,2025-06,0,0.0
348,A - IPC/BNS Crime,DEATHS DUE TO RASHNESS/NEGLIGENCE (Sec.304(A) IPC/106 BNS),Fire accident,0,0,0,0,2025-06,0,0.0
349,A - IPC/BNS Crime,DEATHS DUE TO RASHNESS/NEGLIGENCE (Sec.304(A) IPC/106 BNS),Gas Leakage Accident,2,0,1,1,2025-06,0,0.0
350,A - IPC/BNS Crime,DEATHS DUE TO RASHNESS/NEGLIGENCE (Sec.304(A) IPC/106 BNS),Improper Infrastucture In Construction,38,6,8,6,2025-06,-2,-25.0
351,A - IPC/BNS Crime,DEATHS DUE TO RASHNESS/NEGLIGENCE (Sec.304(A) IPC/106 BNS),Improper Medical Treatment,3,0,0,0,2025-06,0,0.0
352,A - IPC/BNS Crime,DEATHS DUE TO RASHNESS/NEGLIGENCE (Sec.304(A) IPC/106 BNS),In Custody of Public Servant,0,0,0,0,2025-06,0,0.0
353,A - IPC/BNS Crime,DEATHS DUE TO RASHNESS/NEGLIGENCE (Sec.304(A) IPC/106 BNS),In Jail/Judicial Custody,0,0,0,0,2025-06,0,0.0
354,A - IPC/BNS Crime,DEATHS DUE TO RASHNESS/NEGLIGENCE (Sec.304(A) IPC/106 BNS),In Police Custody,0,0,0,0,2025-06,0,0.0
355,A - IPC/BNS Crime,DEATHS DUE TO RASHNESS/NEGLIGENCE (Sec.304(A) IPC/106 BNS),Industrial Accident (Factory),3,1,1,1,2025-06,0,0.0
356,A - IPC/BNS Crime,DEATHS DUE TO RASHNESS/NEGLIGENCE (Sec.304(A) IPC/106 BNS),Inflammable Substance,0,0,0,0,2025-06,0,0.0
357,A - IPC/BNS Crime,DEATHS DUE TO RASHNESS/NEGLIGENCE (Sec.304(A) IPC/106 BNS),Mine Accident,2,0,1,0,2025-06,-1,-100.0
358,A - IPC/BNS Crime,DEATHS DUE TO RASHNESS/NEGLIGENCE (Sec.304(A) IPC/106 BNS),Poisonous Substance,0,0,0,0,2025-06,0,0.0
359,A - IPC/BNS Crime,DEATHS DUE TO RASHNESS/NEGLIGENCE (Sec.304(A) IPC/106 BNS),Quarry Accident,0,0,0,0,2025-06,0,0.0
360,A - IPC/BNS Crime,DEATHS DUE TO RASHNESS/NEGLIGENCE (Sec.304(A) IPC/106 BNS),Spurious Liquor (Hooch) Accident,0,0,0,0,2025-06,0,0.0
361,A - IPC/BNS Crime,DEATHS DUE TO RASHNESS/NEGLIGENCE (Sec.304(A) IPC/106 BNS),Railway Accident,0,0,0,0,2025-06,0,0.0
362,A - IPC/BNS Crime,DEATHS DUE TO RASHNESS/NEGLIGENCE (Sec.304(A) IPC/106 BNS),Others,47,7,10,9,2025-06,-1,-10.0
363,A - IPC/BNS Crime,MOTOR VEHICLE ACCIDENTS FATAL (Sec.304(A) IPC/106 BNS),National Highways,2068,323,399,301,2025-06,-98,-24.561403508771928
364,A - IPC/BNS Crime,MOTOR VEHICLE ACCIDENTS FATAL (Sec.304(A) IPC/106 BNS),State Highways,1608,219,282,199,2025-06,-83,-29.432624113475175
365,A - IPC/BNS Crime,MOTOR VEHICLE ACCIDENTS FATAL (Sec.304(A) IPC/106 BNS),Other Roads,2130,319,361,278,2025-06,-83,-22.99168975069252
366,A - IPC/BNS Crime,MOTOR VEHICLE ACCIDENTS FATAL (Sec.304(A) IPC/106 BNS),Other Places,85,10,11,10,2025-06,-1,-9.090909090909092
367,A - IPC/BNS Crime,"MOTOR VEHICLE ACCIDENTS NON-FATAL (Sec.279, 337, 338 IPC/281,125(a),125(b) BNS)",National Highways,5230,821,967,831,2025-06,-136,-14.064115822130299
368,A - IPC/BNS Crime,"MOTOR VEHICLE ACCIDENTS NON-FATAL (Sec.279, 337, 338 IPC/281,125(a),125(b) BNS)",State Highways,3713,585,676,565,2025-06,-111,-16.420118343195266
369,A - IPC/BNS Crime,"MOTOR VEHICLE ACCIDENTS NON-FATAL (Sec.279, 337, 338 IPC/281,125(a),125(b) BNS)",Other Roads,6881,1109,1153,1192,2025-06,39,3.3824804856895057
370,A - IPC/BNS Crime,"MOTOR VEHICLE ACCIDENTS NON-FATAL (Sec.279, 337, 338 IPC/281,125(a),125(b) BNS)",Other Places,223,27,40,29,2025-06,-11,-27.500000000000004
371,A - IPC/BNS Crime,"DEATHS-MISCARRIAGE (Sec.312, 313, 314 IPC/88,89,90 BNS)",Child,11,5,2,3,2025-06,1,50.0
372,A - IPC/BNS Crime,"DEATHS-MISCARRIAGE (Sec.312, 313, 314 IPC/88,89,90 BNS)",Woman,2,0,0,1,2025-06,1,100.0
373,A - IPC/BNS Crime,"DEATHS-MISCARRIAGE (Sec.312, 313, 314 IPC/88,89,90 BNS)",Women and Child,0,0,0,0,2025-06,0,0.0
374,A - IPC/BNS Crime,"DEFENCE FORCES OFFENCES RELATING (also relating to desertion) (Sec.131 to 140, except 136 IPC/159 TO 168 EXCEPT 164 BNS)",Air Force,0,0,0,0,2025-06,0,0.0
375,A - IPC/BNS Crime,"DEFENCE FORCES OFFENCES RELATING (also relating to desertion) (Sec.131 to 140, except 136 IPC/159 TO 168 EXCEPT 164 BNS)",Army,0,0,0,0,2025-06,0,0.0
376,A - IPC/BNS Crime,"DEFENCE FORCES OFFENCES RELATING (also relating to desertion) (Sec.131 to 140, except 136 IPC/159 TO 168 EXCEPT 164 BNS)",Navy,0,0,0,0,2025-06,0,0.0
377,A - IPC/BNS Crime,"ESCAPE FROM LAWFUL CUSTODY AND RESISTANCE (Sec.224, 225, 225(B) IPC/262,263,265 BNS)",From Jail Custody,5,0,33,1,2025-06,-32,-96.96969696969697
378,A - IPC/BNS Crime,"ESCAPE FROM LAWFUL CUSTODY AND RESISTANCE (Sec.224, 225, 225(B) IPC/262,263,265 BNS)",From Police Custody,8,2,1,0,2025-06,-1,-100.0
379,A - IPC/BNS Crime,"ESCAPE FROM LAWFUL CUSTODY AND RESISTANCE (Sec.224, 225, 225(B) IPC/262,263,265 BNS)",Others,3,0,0,0,2025-06,0,0.0
380,A - IPC/BNS Crime,"IMPERSONATION (Sec.170, 171 IPC/204,205 BNS)",Attempt to Commit,5,0,1,1,2025-06,0,0.0
381,A - IPC/BNS Crime,"IMPERSONATION (Sec.170, 171 IPC/204,205 BNS)",Non-Uniformed Authority,2,0,0,0,2025-06,0,0.0
382,A - IPC/BNS Crime,"IMPERSONATION (Sec.170, 171 IPC/204,205 BNS)",Uniformed Authority,2,0,1,0,2025-06,-1,-100.0
383,A - IPC/BNS Crime,"MISCHIEF (Sec.427 to 440 except 434, 435, 436, 438 IPC/324(4) TO 324(6) BNS)",ALL / NOT SPECIFIED,231,36,45,39,2025-06,-6,-13.333333333333334
384,A - IPC/BNS Crime,MOLESTATION (Sec.354 IPC/74 BNS),Attempt to Commit,31,5,4,9,2025-06,5,125.0
385,A - IPC/BNS Crime,MOLESTATION (Sec.354 IPC/74 BNS),Private Place,474,93,68,94,2025-06,26,38.23529411764706
386,A - IPC/BNS Crime,MOLESTATION (Sec.354 IPC/74 BNS),Public Conveyance,2,0,1,0,2025-06,-1,-100.0
387,A - IPC/BNS Crime,MOLESTATION (Sec.354 IPC/74 BNS),Public Place,1098,227,191,176,2025-06,-15,-7.853403141361256
388,A - IPC/BNS Crime,MOLESTATION (Sec.354 IPC/74 BNS),Other Places,1358,299,226,248,2025-06,22,9.734513274336283
389,A - IPC/BNS Crime,POISONING-PROFESSIONAL (Sec. 328 IPC/123 BNS),Attempt to Commit,7,0,1,2,2025-06,1,100.0
390,A - IPC/BNS Crime,POISONING-PROFESSIONAL (Sec. 328 IPC/123 BNS),Fatal,0,0,0,0,2025-06,0,0.0
391,A - IPC/BNS Crime,POISONING-PROFESSIONAL (Sec. 328 IPC/123 BNS),Non Fatal,2,0,0,0,2025-06,0,0.0
392,A - IPC/BNS Crime,PORNOGRAPHY (Sec.292 to 294 IPC/294 TO 296 BNS),Advertisement,0,0,0,0,2025-06,0,0.0
393,A - IPC/BNS Crime,PORNOGRAPHY (Sec.292 to 294 IPC/294 TO 296 BNS),Audio Tape,0,0,0,0,2025-06,0,0.0
394,A - IPC/BNS Crime,PORNOGRAPHY (Sec.292 to 294 IPC/294 TO 296 BNS),Book,0,0,0,0,2025-06,0,0.0
395,A - IPC/BNS Crime,PORNOGRAPHY (Sec.292 to 294 IPC/294 TO 296 BNS),Computer Software,0,0,0,0,2025-06,0,0.0
396,A - IPC/BNS Crime,PORNOGRAPHY (Sec.292 to 294 IPC/294 TO 296 BNS),Figures,0,0,0,0,2025-06,0,0.0
397,A - IPC/BNS Crime,PORNOGRAPHY (Sec.292 to 294 IPC/294 TO 296 BNS),Film (Blue),0,0,0,0,2025-06,0,0.0
398,A - IPC/BNS Crime,PORNOGRAPHY (Sec.292 to 294 IPC/294 TO 296 BNS),Painting,0,0,0,0,2025-06,0,0.0
399,A - IPC/BNS Crime,PORNOGRAPHY (Sec.292 to 294 IPC/294 TO 296 BNS),Pamphlet,0,0,0,0,2025-06,0,0.0
400,A - IPC/BNS Crime,PORNOGRAPHY (Sec.292 to 294 IPC/294 TO 296 BNS),Paper,1,0,0,0,2025-06,0,0.0
401,A - IPC/BNS Crime,PORNOGRAPHY (Sec.292 to 294 IPC/294 TO 296 BNS),Photography,0,0,0,0,2025-06,0,0.0
402,A - IPC/BNS Crime,PORNOGRAPHY (Sec.292 to 294 IPC/294 TO 296 BNS),Poster,3,0,0,3,2025-06,3,300.0
403,A - IPC/BNS Crime,PORNOGRAPHY (Sec.292 to 294 IPC/294 TO 296 BNS),Video Film(Blue),0,0,0,0,2025-06,0,0.0
404,A - IPC/BNS Crime,PORNOGRAPHY (Sec.292 to 294 IPC/294 TO 296 BNS),Others,3,0,0,0,2025-06,0,0.0
405,A - IPC/BNS Crime,PUBLIC JUSTICE (Sec.213 to 215 IPC/250 TO 252 BNS),ALL / NOT SPECIFIED,2,0,0,0,2025-06,0,0.0
406,A - IPC/BNS Crime,"PUBLIC NUISANCE (Sec.291 and 510 IPC/293,355 BNS)",ALL / NOT SPECIFIED,108,5,23,23,2025-06,0,0.0
407,A - IPC/BNS Crime,"PUBLIC SAFETY (Sec.269 to 271, 277, 283, 289 IPC/271 to 273, 279,285,291 BNS)",ALL / NOT SPECIFIED,1408,394,161,263,2025-06,102,63.35403726708074
408,A - IPC/BNS Crime,"OFFENCES AGAINST PUBLIC SERVANTS (Public servant is a victim) (Sec 182-188, 332, 333, 353 IPC/217-223,121(1),121(2), 132 BNS)",Attempt to Commit,13,1,3,1,2025-06,-2,-66.66666666666666
409,A - IPC/BNS Crime,"OFFENCES AGAINST PUBLIC SERVANTS (Public servant is a victim) (Sec 182-188, 332, 333, 353 IPC/217-223,121(1),121(2), 132 BNS)",Defence Personnel,2,0,1,0,2025-06,-1,-100.0
410,A - IPC/BNS Crime,"OFFENCES AGAINST PUBLIC SERVANTS (Public servant is a victim) (Sec 182-188, 332, 333, 353 IPC/217-223,121(1),121(2), 132 BNS)",Jail Personnel,7,2,0,3,2025-06,3,300.0
411,A - IPC/BNS Crime,"OFFENCES AGAINST PUBLIC SERVANTS (Public servant is a victim) (Sec 182-188, 332, 333, 353 IPC/217-223,121(1),121(2), 132 BNS)",Judicial Official,16,0,3,1,2025-06,-2,-66.66666666666666
412,A - IPC/BNS Crime,"OFFENCES AGAINST PUBLIC SERVANTS (Public servant is a victim) (Sec 182-188, 332, 333, 353 IPC/217-223,121(1),121(2), 132 BNS)",Minister,0,0,0,0,2025-06,0,0.0
413,A - IPC/BNS Crime,"OFFENCES AGAINST PUBLIC SERVANTS (Public servant is a victim) (Sec 182-188, 332, 333, 353 IPC/217-223,121(1),121(2), 132 BNS)",MLA,0,0,0,0,2025-06,0,0.0
414,A - IPC/BNS Crime,"OFFENCES AGAINST PUBLIC SERVANTS (Public servant is a victim) (Sec 182-188, 332, 333, 353 IPC/217-223,121(1),121(2), 132 BNS)",MP,0,0,0,0,2025-06,0,0.0
415,A - IPC/BNS Crime,"OFFENCES AGAINST PUBLIC SERVANTS (Public servant is a victim) (Sec 182-188, 332, 333, 353 IPC/217-223,121(1),121(2), 132 BNS)",Nationalised Bank Personnel,2,0,1,0,2025-06,-1,-100.0
416,A - IPC/BNS Crime,"OFFENCES AGAINST PUBLIC SERVANTS (Public servant is a victim) (Sec 182-188, 332, 333, 353 IPC/217-223,121(1),121(2), 132 BNS)",Other Elected Member,4,0,1,0,2025-06,-1,-100.0
417,A - IPC/BNS Crime,"OFFENCES AGAINST PUBLIC SERVANTS (Public servant is a victim) (Sec 182-188, 332, 333, 353 IPC/217-223,121(1),121(2), 132 BNS)",Other Enforcement Official,0,1,0,0,2025-06,0,0.0
418,A - IPC/BNS Crime,"OFFENCES AGAINST PUBLIC SERVANTS (Public servant is a victim) (Sec 182-188, 332, 333, 353 IPC/217-223,121(1),121(2), 132 BNS)",Other Govt. Official,227,27,31,34,2025-06,3,9.67741935483871
419,A - IPC/BNS Crime,"OFFENCES AGAINST PUBLIC SERVANTS (Public servant is a victim) (Sec 182-188, 332, 333, 353 IPC/217-223,121(1),121(2), 132 BNS)",Para Military Personnel,2,0,0,1,2025-06,1,100.0
420,A - IPC/BNS Crime,"OFFENCES AGAINST PUBLIC SERVANTS (Public servant is a victim) (Sec 182-188, 332, 333, 353 IPC/217-223,121(1),121(2), 132 BNS)",Police Personnel,267,27,45,42,2025-06,-3,-6.666666666666667
421,A - IPC/BNS Crime,"OFFENCES AGAINST PUBLIC SERVANTS (Public servant is a victim) (Sec 182-188, 332, 333, 353 IPC/217-223,121(1),121(2), 132 BNS)",Public Sector Undertaking Official,73,4,15,9,2025-06,-6,-40.0
422,A - IPC/BNS Crime,"OFFENCES BY PUBLIC SERVANTS (EXCEPT CORRUPTION) (Public servant is accused) (Sec.128, 129, 167, 218, 221, 222 IPC/156,157,201,256,259,260 BNS)",Defence Personnel,0,0,0,0,2025-06,0,0.0
423,A - IPC/BNS Crime,"OFFENCES BY PUBLIC SERVANTS (EXCEPT CORRUPTION) (Public servant is accused) (Sec.128, 129, 167, 218, 221, 222 IPC/156,157,201,256,259,260 BNS)",Jail Personnel,0,0,0,0,2025-06,0,0.0
424,A - IPC/BNS Crime,"OFFENCES BY PUBLIC SERVANTS (EXCEPT CORRUPTION) (Public servant is accused) (Sec.128, 129, 167, 218, 221, 222 IPC/156,157,201,256,259,260 BNS)",Judicial Official,0,0,0,0,2025-06,0,0.0
425,A - IPC/BNS Crime,"OFFENCES BY PUBLIC SERVANTS (EXCEPT CORRUPTION) (Public servant is accused) (Sec.128, 129, 167, 218, 221, 222 IPC/156,157,201,256,259,260 BNS)",Minister,0,0,0,0,2025-06,0,0.0
426,A - IPC/BNS Crime,"OFFENCES BY PUBLIC SERVANTS (EXCEPT CORRUPTION) (Public servant is accused) (Sec.128, 129, 167, 218, 221, 222 IPC/156,157,201,256,259,260 BNS)",MLA,0,0,0,0,2025-06,0,0.0
427,A - IPC/BNS Crime,"OFFENCES BY PUBLIC SERVANTS (EXCEPT CORRUPTION) (Public servant is accused) (Sec.128, 129, 167, 218, 221, 222 IPC/156,157,201,256,259,260 BNS)",MP,0,0,0,0,2025-06,0,0.0
428,A - IPC/BNS Crime,"OFFENCES BY PUBLIC SERVANTS (EXCEPT CORRUPTION) (Public servant is accused) (Sec.128, 129, 167, 218, 221, 222 IPC/156,157,201,256,259,260 BNS)",Nationalised Bank Personnel,0,0,0,0,2025-06,0,0.0
429,A - IPC/BNS Crime,"OFFENCES BY PUBLIC SERVANTS (EXCEPT CORRUPTION) (Public servant is accused) (Sec.128, 129, 167, 218, 221, 222 IPC/156,157,201,256,259,260 BNS)",Other Elected Member,0,0,0,0,2025-06,0,0.0
430,A - IPC/BNS Crime,"OFFENCES BY PUBLIC SERVANTS (EXCEPT CORRUPTION) (Public servant is accused) (Sec.128, 129, 167, 218, 221, 222 IPC/156,157,201,256,259,260 BNS)",Other Enforcement Official,0,0,0,0,2025-06,0,0.0
431,A - IPC/BNS Crime,"OFFENCES BY PUBLIC SERVANTS (EXCEPT CORRUPTION) (Public servant is accused) (Sec.128, 129, 167, 218, 221, 222 IPC/156,157,201,256,259,260 BNS)",Other Govt. Official,0,0,0,0,2025-06,0,0.0
432,A - IPC/BNS Crime,"OFFENCES BY PUBLIC SERVANTS (EXCEPT CORRUPTION) (Public servant is accused) (Sec.128, 129, 167, 218, 221, 222 IPC/156,157,201,256,259,260 BNS)",Para Military Personnel,0,0,0,0,2025-06,0,0.0
433,A - IPC/BNS Crime,"OFFENCES BY PUBLIC SERVANTS (EXCEPT CORRUPTION) (Public servant is accused) (Sec.128, 129, 167, 218, 221, 222 IPC/156,157,201,256,259,260 BNS)",Police Personnel,0,1,0,0,2025-06,0,0.0
434,A - IPC/BNS Crime,"OFFENCES BY PUBLIC SERVANTS (EXCEPT CORRUPTION) (Public servant is accused) (Sec.128, 129, 167, 218, 221, 222 IPC/156,157,201,256,259,260 BNS)",Public Sector Undertaking Official,2,0,1,0,2025-06,-1,-100.0
435,A - IPC/BNS Crime,"OFFENCES BY PUBLIC SERVANTS (EXCEPT CORRUPTION) (Public servant is accused) (Sec.128, 129, 167, 218, 221, 222 IPC/156,157,201,256,259,260 BNS)",Others,0,0,0,0,2025-06,0,0.0
436,A - IPC/BNS Crime,"NEGLIGENT ACT (Sec.280 to 289, 336 to 338 except 283 IPC/282 to 291,125 to 125(b) except 285 BNS)",Death Causeed By Electric Shock,52,6,14,6,2025-06,-8,-57.14285714285714
437,A - IPC/BNS Crime,"NEGLIGENT ACT (Sec.280 to 289, 336 to 338 except 283 IPC/282 to 291,125 to 125(b) except 285 BNS)",Animal -Related,28,5,5,3,2025-06,-2,-40.0
438,A - IPC/BNS Crime,"NEGLIGENT ACT (Sec.280 to 289, 336 to 338 except 283 IPC/282 to 291,125 to 125(b) except 285 BNS)",Boat/Vessel - Related,1,0,0,1,2025-06,1,100.0
439,A - IPC/BNS Crime,"NEGLIGENT ACT (Sec.280 to 289, 336 to 338 except 283 IPC/282 to 291,125 to 125(b) except 285 BNS)",Explosive/Explosive Substances - Related,13,4,1,2,2025-06,1,100.0
440,A - IPC/BNS Crime,"NEGLIGENT ACT (Sec.280 to 289, 336 to 338 except 283 IPC/282 to 291,125 to 125(b) except 285 BNS)",Inflammable Substance- Related ,13,2,3,1,2025-06,-2,-66.66666666666666
441,A - IPC/BNS Crime,"NEGLIGENT ACT (Sec.280 to 289, 336 to 338 except 283 IPC/282 to 291,125 to 125(b) except 285 BNS)",Machinery - Related,65,13,5,12,2025-06,7,140.0
442,A - IPC/BNS Crime,"NEGLIGENT ACT (Sec.280 to 289, 336 to 338 except 283 IPC/282 to 291,125 to 125(b) except 285 BNS)",Poisonous Substance - Related,6,1,0,0,2025-06,0,0.0
443,A - IPC/BNS Crime,"NEGLIGENT ACT (Sec.280 to 289, 336 to 338 except 283 IPC/282 to 291,125 to 125(b) except 285 BNS)",Other - Related,776,97,56,71,2025-06,15,26.785714285714285
444,A - IPC/BNS Crime,"NEGLIGENT ACT (Sec.280 to 289, 336 to 338 except 283 IPC/282 to 291,125 to 125(b) except 285 BNS)",Human - Related,613,64,57,50,2025-06,-7,-12.280701754385964
445,A - IPC/BNS Crime,"NEGLIGENT ACT (Sec.280 to 289, 336 to 338 except 283 IPC/282 to 291,125 to 125(b) except 285 BNS)",Wheeling,47,0,12,23,2025-06,11,91.66666666666666
446,A - IPC/BNS Crime,"NEGLIGENT ACT (Sec.280 to 289, 336 to 338 except 283 IPC/282 to 291,125 to 125(b) except 285 BNS)",Drink & Drive Without DL,16,0,5,11,2025-06,6,120.0
447,A - IPC/BNS Crime,RECEIVING OF STOLEN PROPERTY (Sec.411 to 414 IPC/317(2) TO 317(5) BNS),ALL / NOT SPECIFIED,1,0,0,0,2025-06,0,0.0
448,A - IPC/BNS Crime,SEDITION (Sec. 124A IPC/IN BNS Deleted),Attempt to Commit,0,0,0,0,2025-06,0,0.0
449,A - IPC/BNS Crime,SEDITION (Sec. 124A IPC/IN BNS Deleted),By Foreigner,0,0,0,0,2025-06,0,0.0
450,A - IPC/BNS Crime,SEDITION (Sec. 124A IPC/IN BNS Deleted),By National,0,0,0,0,2025-06,0,0.0
451,A - IPC/BNS Crime,SEDITION (Sec. 124A IPC/IN BNS Deleted),By National And Foreigner,0,0,0,0,2025-06,0,0.0
452,A - IPC/BNS Crime,INSULTING MODESTY OF WOMEN (EVE TEASING) (Sec.509 IPC/79 BNS),Attempt to Commit,8,0,1,0,2025-06,-1,-100.0
453,A - IPC/BNS Crime,INSULTING MODESTY OF WOMEN (EVE TEASING) (Sec.509 IPC/79 BNS),Office,8,0,1,4,2025-06,3,300.0
454,A - IPC/BNS Crime,INSULTING MODESTY OF WOMEN (EVE TEASING) (Sec.509 IPC/79 BNS),Public Conveyance,3,0,2,0,2025-06,-2,-100.0
455,A - IPC/BNS Crime,INSULTING MODESTY OF WOMEN (EVE TEASING) (Sec.509 IPC/79 BNS),Public Place,65,3,11,15,2025-06,4,36.36363636363637
456,A - IPC/BNS Crime,INSULTING MODESTY OF WOMEN (EVE TEASING) (Sec.509 IPC/79 BNS),Other Places,115,8,20,23,2025-06,3,15.0
457,A - IPC/BNS Crime,"SUICIDE (Sec.305, 306, 309 IPC/107,108 BNS)",Dowry,2,0,0,0,2025-06,0,0.0
458,A - IPC/BNS Crime,"SUICIDE (Sec.305, 306, 309 IPC/107,108 BNS)",Abetment of Suicide,188,31,29,25,2025-06,-4,-13.793103448275861
459,A - IPC/BNS Crime,"SUICIDE (Sec.305, 306, 309 IPC/107,108 BNS)",Other Reasons,154,22,22,21,2025-06,-1,-4.545454545454546
460,A - IPC/BNS Crime,"SUICIDE (Sec.305, 306, 309 IPC/107,108 BNS)",Attempt to Commit suicide,43,9,4,6,2025-06,2,50.0
461,A - IPC/BNS Crime,UNNATURAL SEX (Sec.377 IPC/IN BNS Deleted),Abetment  ,0,0,0,0,2025-06,0,0.0
462,A - IPC/BNS Crime,UNNATURAL SEX (Sec.377 IPC/IN BNS Deleted),Animal  ,0,0,0,0,2025-06,0,0.0
463,A - IPC/BNS Crime,UNNATURAL SEX (Sec.377 IPC/IN BNS Deleted),Attempt,0,0,0,0,2025-06,0,0.0
464,A - IPC/BNS Crime,UNNATURAL SEX (Sec.377 IPC/IN BNS Deleted),Major - Man,0,2,0,0,2025-06,0,0.0
465,A - IPC/BNS Crime,UNNATURAL SEX (Sec.377 IPC/IN BNS Deleted),Major - Woman,0,1,0,0,2025-06,0,0.0
466,A - IPC/BNS Crime,UNNATURAL SEX (Sec.377 IPC/IN BNS Deleted),Minor - Boy,0,0,0,0,2025-06,0,0.0
467,A - IPC/BNS Crime,UNNATURAL SEX (Sec.377 IPC/IN BNS Deleted),Minor - Girl,0,0,0,0,2025-06,0,0.0
468,A - IPC/BNS Crime,"WRONGFUL RESTRAINT/CONFINEMENT (Sec.341 to 348 IPC/126(2),127(2)-127(8) BNS)",Attempt to Commit,16,1,3,4,2025-06,1,33.33333333333333
469,A - IPC/BNS Crime,"WRONGFUL RESTRAINT/CONFINEMENT (Sec.341 to 348 IPC/126(2),127(2)-127(8) BNS)",To Extort Confession,3,1,0,1,2025-06,1,100.0
470,A - IPC/BNS Crime,"WRONGFUL RESTRAINT/CONFINEMENT (Sec.341 to 348 IPC/126(2),127(2)-127(8) BNS)",To Extort Property,15,2,3,1,2025-06,-2,-66.66666666666666
471,A - IPC/BNS Crime,"WRONGFUL RESTRAINT/CONFINEMENT (Sec.341 to 348 IPC/126(2),127(2)-127(8) BNS)",To settle Dispute,12,0,4,0,2025-06,-4,-100.0
472,A - IPC/BNS Crime,"WRONGFUL RESTRAINT/CONFINEMENT (Sec.341 to 348 IPC/126(2),127(2)-127(8) BNS)",Others,218,23,42,47,2025-06,5,11.904761904761903
473,A - IPC/BNS Crime,"INFANTICIDE (Sec.315, 316 IPC/91,92 BNS)",Male,2,0,0,0,2025-06,0,0.0
474,A - IPC/BNS Crime,"INFANTICIDE (Sec.315, 316 IPC/91,92 BNS)",Female,2,0,1,1,2025-06,0,0.0
475,A - IPC/BNS Crime,"OFFENCES RELATED TO MARRIAGE (Sec.493 to 498 IPC/81,84 BNS)",ALL / NOT SPECIFIED,23,3,4,5,2025-06,1,25.0
476,A - IPC/BNS Crime,"BUYING & SELLING MINOR FOR PROSTITUTION (Sec.372, 373 IPC/98,99 BNS)",ALL / NOT SPECIFIED,0,0,0,0,2025-06,0,0.0
477,A - IPC/BNS Crime,DOCUMENTS & PROPERTY MARKS (Sec.483 to 489 IPC/346-350(2) BNS),Documents  ,0,0,0,0,2025-06,0,0.0
478,A - IPC/BNS Crime,DOCUMENTS & PROPERTY MARKS (Sec.483 to 489 IPC/346-350(2) BNS),Property  ,0,0,0,0,2025-06,0,0.0
479,A - IPC/BNS Crime,DEFAMATION (Sec.500 to 502 IPC/350(2)-356(4) BNS),Persons ,1,1,0,0,2025-06,0,0.0
480,A - IPC/BNS Crime,DEFAMATION (Sec.500 to 502 IPC/350(2)-356(4) BNS),Printed Matter,1,0,0,1,2025-06,1,100.0
481,A - IPC/BNS Crime,DEFAMATION (Sec.500 to 502 IPC/350(2)-356(4) BNS),Others,2,1,1,1,2025-06,0,0.0
482,A - IPC/BNS Crime,ELECTION(Sec.171(E) to 171(1) IPC/173-177 BNS),Assembly,0,0,0,0,2025-06,0,0.0
483,A - IPC/BNS Crime,ELECTION(Sec.171(E) to 171(1) IPC/173-177 BNS),Parliament,1,4,0,0,2025-06,0,0.0
484,A - IPC/BNS Crime,ELECTION(Sec.171(E) to 171(1) IPC/173-177 BNS),Other Elected Bodies,0,4,0,0,2025-06,0,0.0
485,A - IPC/BNS Crime,"SLAVERY (Sec.370, 371, 374 IPC/143,145,146 BNS)",Man,0,0,0,0,2025-06,0,0.0
486,A - IPC/BNS Crime,"SLAVERY (Sec.370, 371, 374 IPC/143,145,146 BNS)",Woman,0,0,0,0,2025-06,0,0.0
487,A - IPC/BNS Crime,"SLAVERY (Sec.370, 371, 374 IPC/143,145,146 BNS)",Boy,2,0,0,1,2025-06,1,100.0
488,A - IPC/BNS Crime,"SLAVERY (Sec.370, 371, 374 IPC/143,145,146 BNS)",Girl,0,0,0,0,2025-06,0,0.0
489,A - IPC/BNS Crime,Attempting to commit offences (Sec.511 IPC/62 BNS),Attempting to commit offences,119,16,25,18,2025-06,-7,-28.000000000000004
490,A - IPC/BNS Crime,ILLEGAL DETENTION (Sec.342 IPC/127(2) BNS),ALL / NOT SPECIFIED,0,0,0,0,2025-06,0,0.0
491,A - IPC/BNS Crime,FALSE EVIDENCE (Sec.191 to 205 IPC/227-242 BNS),ALL / NOT SPECIFIED,5,1,1,2,2025-06,1,100.0
492,A - IPC/BNS Crime,EXPOSURE AND ABANDONMENT OF CHILD (Sec.317 IPC/93 BNS),Boy ,15,2,4,1,2025-06,-3,-75.0
493,A - IPC/BNS Crime,EXPOSURE AND ABANDONMENT OF CHILD (Sec.317 IPC/93 BNS),Girl,15,5,0,3,2025-06,3,300.0
494,A - IPC/BNS Crime,OF ABETMENT (Sec.107 to 120 IPC/45-60 BNS),ALL / NOT SPECIFIED,11,1,1,4,2025-06,3,300.0
495,A - IPC/BNS Crime,"FAILURE TO APPEAR TO COURT (Sec.174A, 229A IPC/209,269 BNS)",IPC 174 A/BNS 209,286,5,167,31,2025-06,-136,-81.437125748503
496,A - IPC/BNS Crime,"FAILURE TO APPEAR TO COURT (Sec.174A, 229A IPC/209,269 BNS)",IPC 229 A/BNS 269,783,19,418,109,2025-06,-309,-73.92344497607655
497,A - IPC/BNS Crime,Concealment of birth by secret disposal of Child,Girl,11,2,1,1,2025-06,0,0.0
498,A - IPC/BNS Crime,Concealment of birth by secret disposal of Child,Boy,16,4,3,2,2025-06,-1,-33.33333333333333
499,A - IPC/BNS Crime,ASSAULT OR USE OF CRIMINAL FORCE TO DISROBE WOMEN,ALL / NOT SPECIFIED,2,1,0,1,2025-06,1,100.0
500,A - IPC/BNS Crime,Disobedience to Order Promulgated by Public/Servant,By Others,6,3,0,1,2025-06,1,100.0
501,A - IPC/BNS Crime,Disobedience to Order Promulgated by Public/Servant,By Private Institution,0,0,0,0,2025-06,0,0.0
502,A - IPC/BNS Crime,Disobedience to Order Promulgated by Public/Servant,By Govt. Institution,6,0,1,1,2025-06,0,0.0
503,A - IPC/BNS Crime,Human Trafficking,Eunuch,0,0,0,0,2025-06,0,0.0
504,A - IPC/BNS Crime,Human Trafficking,Men,1,1,0,0,2025-06,0,0.0
505,A - IPC/BNS Crime,Human Trafficking,Boy,4,1,1,0,2025-06,-1,-100.0
506,A - IPC/BNS Crime,Human Trafficking,Women,0,0,0,0,2025-06,0,0.0
507,A - IPC/BNS Crime,Human Trafficking,Girl,3,0,1,0,2025-06,-1,-100.0
508,A - IPC/BNS Crime,Giving false information respecting an offence committed,Giving false information respecting an offence committed,19,0,3,12,2025-06,9,300.0
509,B - SPECIAL & LOCAL LAWS,Petty Organised Crimes,ALL / NOT SPECIFIED,0,0,0,0,2025-06,0,0.0
510,B - SPECIAL & LOCAL LAWS,ANTIQUES (CULTURAL PROPERTY),Antiques & Art Treasures Act 1972,0,0,0,0,2025-06,0,0.0
511,B - SPECIAL & LOCAL LAWS,ANTIQUES (CULTURAL PROPERTY),Ancient Monument & Archaelogical Sites And Remains Act 1958,5,2,0,1,2025-06,1,100.0
512,B - SPECIAL & LOCAL LAWS,ARMS ACT 1959,Country Made - Non Prohibited Bore - In Disturbed Area,6,3,2,1,2025-06,-1,-50.0
513,B - SPECIAL & LOCAL LAWS,ARMS ACT 1960,Country Made - Non Prohibited Bore - In Other Area,75,12,10,10,2025-06,0,0.0
514,B - SPECIAL & LOCAL LAWS,ARMS ACT 1961,Country Made - Prohibited Bore - In Disturbed Area,5,2,2,1,2025-06,-1,-50.0
515,B - SPECIAL & LOCAL LAWS,ARMS ACT 1962,Country Made - Prohibited Bore - In Other Area,63,6,6,18,2025-06,12,200.0
516,B - SPECIAL & LOCAL LAWS,ARMS ACT 1963,Factory Made - Non Prohibited Bore - In Disturbed Area,3,0,0,0,2025-06,0,0.0
517,B - SPECIAL & LOCAL LAWS,ARMS ACT 1964,Factory Made - Non Prohibited Bore - In Other Area,16,1,2,3,2025-06,1,50.0
518,B - SPECIAL & LOCAL LAWS,ARMS ACT 1965,Factory Made - Prohibited Bore - In Disturbed Area,6,0,0,2,2025-06,2,200.0
519,B - SPECIAL & LOCAL LAWS,ARMS ACT 1966,Factory Made - Prohibited Bore - In Other Area,26,4,5,5,2025-06,0,0.0
520,B - SPECIAL & LOCAL LAWS,ANIMAL,The Karnataka Prevention of Slaughter and Preservation of Cattle Ordinance 2020,71,20,16,22,2025-06,6,37.5
521,B - SPECIAL & LOCAL LAWS,ANIMAL,Wild Life Preservation Act 1972,0,0,0,0,2025-06,0,0.0
522,B - SPECIAL & LOCAL LAWS,ANIMAL,Wild Life Protection Act 1972,3,0,0,0,2025-06,0,0.0
523,B - SPECIAL & LOCAL LAWS,ANIMAL,Prevention of Cruelty to Animals Act 1960,149,30,27,49,2025-06,22,81.48148148148148
524,B - SPECIAL & LOCAL LAWS,ANIMAL,Elephant (Preservation) Act 1879,0,0,0,0,2025-06,0,0.0
525,B - SPECIAL & LOCAL LAWS,ANIMAL,Cattle Tresspass Act 1871,3,2,0,1,2025-06,1,100.0
526,B - SPECIAL & LOCAL LAWS,ANIMAL,Sub Total,226,52,43,72,2025-06,29,67.44186046511628
527,B - SPECIAL & LOCAL LAWS,ANIMAL,CINEMATOGRAPHY ACT 1952,0,0,0,0,2025-06,0,0.0
528,B - SPECIAL & LOCAL LAWS,ANIMAL,Films,0,0,0,0,2025-06,0,0.0
529,B - SPECIAL & LOCAL LAWS,ANIMAL,Video,0,0,0,0,2025-06,0,0.0
530,B - SPECIAL & LOCAL LAWS,CONSUMER,Liquified Petroleum Gas Supply & Control Order 2000 ,52,4,7,7,2025-06,0,0.0
531,B - SPECIAL & LOCAL LAWS,CONSUMER,Consumer (Protection) Act 1986,5,1,2,2,2025-06,0,0.0
532,B - SPECIAL & LOCAL LAWS,CONSUMER,Essential Commodities Act 1955,300,46,65,62,2025-06,-3,-4.615384615384616
533,B - SPECIAL & LOCAL LAWS,CONSUMER,Prevention of Food Adulternation Act 1954,2,3,0,0,2025-06,0,0.0
534,B - SPECIAL & LOCAL LAWS,CONSUMER,Packaged Commodities (Regulation) order 1975,0,0,0,0,2025-06,0,0.0
535,B - SPECIAL & LOCAL LAWS,COPY RIGHT ACT 1957,By Company,71,15,6,8,2025-06,2,33.33333333333333
536,B - SPECIAL & LOCAL LAWS,COPY RIGHT ACT 1958,By Individual,46,13,7,11,2025-06,4,57.14285714285714
537,B - SPECIAL & LOCAL LAWS,CIVIL RIGHTS,Protection of Civil Rights Act 1955,3,0,0,0,2025-06,0,0.0
538,B - SPECIAL & LOCAL LAWS,SCHEDULED CASTE AND THE SCHEDULED TRIBES,Scheduled Caste  ,667,100,118,108,2025-06,-10,-8.47457627118644
539,B - SPECIAL & LOCAL LAWS,SCHEDULED CASTE AND THE SCHEDULED TRIBES,Scheduled Tribes,148,9,19,30,2025-06,11,57.89473684210527
540,B - SPECIAL & LOCAL LAWS,SCHEDULED CASTE AND THE SCHEDULED TRIBES,Scheduled Caste Women,249,33,34,44,2025-06,10,29.411764705882355
541,B - SPECIAL & LOCAL LAWS,SCHEDULED CASTE AND THE SCHEDULED TRIBES,Scheduled Tribes Women,56,10,6,8,2025-06,2,33.33333333333333
542,B - SPECIAL & LOCAL LAWS,CHILDREN ACT,Child Labour (Prohibition & Regulation) Act1986,36,19,4,12,2025-06,8,200.0
543,B - SPECIAL & LOCAL LAWS,CHILDREN ACT,Child Marriage (Restraint) Act - 1929,115,22,30,30,2025-06,0,0.0
544,B - SPECIAL & LOCAL LAWS,CHILDREN ACT,Juvenile Justice Act 1986,85,11,16,6,2025-06,-10,-62.5
545,B - SPECIAL & LOCAL LAWS,CHILDREN ACT,Probation of offenders Act 1958,0,0,0,0,2025-06,0,0.0
546,B - SPECIAL & LOCAL LAWS,CHILDREN ACT,Protection of Children from Sexual Offences Act 2012 (POCSO),0,0,0,0,2025-06,0,0.0
547,B - SPECIAL & LOCAL LAWS,PREVENTION OF CORRUPTION ACT 1988,Public Servant - Elected,0,0,0,0,2025-06,0,0.0
548,B - SPECIAL & LOCAL LAWS,PREVENTION OF CORRUPTION ACT 1989,Public Servant - Gazetted - Central,1,0,0,1,2025-06,1,100.0
549,B - SPECIAL & LOCAL LAWS,PREVENTION OF CORRUPTION ACT 1990,Public Servant - Gazetted - Defence,0,0,0,0,2025-06,0,0.0
550,B - SPECIAL & LOCAL LAWS,PREVENTION OF CORRUPTION ACT 1991,Public Servant - Gazetted - Public Sector Undertaking,0,0,0,0,2025-06,0,0.0
551,B - SPECIAL & LOCAL LAWS,PREVENTION OF CORRUPTION ACT 1992,Public Servant - Gazetted - State,1,0,1,0,2025-06,-1,-100.0
552,B - SPECIAL & LOCAL LAWS,PREVENTION OF CORRUPTION ACT 1993,Public Servant - Non-Gazetted - Central,0,0,0,0,2025-06,0,0.0
553,B - SPECIAL & LOCAL LAWS,PREVENTION OF CORRUPTION ACT 1994,Public Servant - Non-Gazetted - Defence,0,0,0,0,2025-06,0,0.0
554,B - SPECIAL & LOCAL LAWS,PREVENTION OF CORRUPTION ACT 1995,Public Servant - Non-Gazetted - State,0,0,0,0,2025-06,0,0.0
555,B - SPECIAL & LOCAL LAWS,CUSTOMS,Customs Act 1962,0,0,0,0,2025-06,0,0.0
556,B - SPECIAL & LOCAL LAWS,CUSTOMS,Import/Export (Control) Act 1947,0,0,0,0,2025-06,0,0.0
557,B - SPECIAL & LOCAL LAWS,Explosives,Explosives Substances Act 1908,22,1,2,2,2025-06,0,0.0
558,B - SPECIAL & LOCAL LAWS,Explosives,Explosives Act 1884,22,3,2,3,2025-06,1,50.0
559,B - SPECIAL & LOCAL LAWS,Explosives,Inflammable Substance Act 1952,0,0,0,0,2025-06,0,0.0
560,B - SPECIAL & LOCAL LAWS,FOREIGN EXCHANGE,Smugglers and Foreign Exchange Manipulator Act 1976,0,0,0,0,2025-06,0,0.0
561,B - SPECIAL & LOCAL LAWS,FOREIGN EXCHANGE,Foreign Exchange Regulation Act 1973,0,0,0,0,2025-06,0,0.0
562,B - SPECIAL & LOCAL LAWS,FOREIGN EXCHANGE,Foreign Exchange Regulation Act 1952,0,0,0,0,2025-06,0,0.0
563,B - SPECIAL & LOCAL LAWS,FOREIGNER,Foreigners Act 1946,45,21,18,9,2025-06,-9,-50.0
564,B - SPECIAL & LOCAL LAWS,FOREIGNER,Registration of Foreigners Act 1939,0,0,0,0,2025-06,0,0.0
565,B - SPECIAL & LOCAL LAWS,FOREST,Indian Forest Act 1927,0,0,0,0,2025-06,0,0.0
566,B - SPECIAL & LOCAL LAWS,FOREST,Forest (Conservation) Act 1980,5,0,1,1,2025-06,0,0.0
567,B - SPECIAL & LOCAL LAWS,HIJACKING,Foreign Aircraft - In India,0,0,0,0,2025-06,0,0.0
568,B - SPECIAL & LOCAL LAWS,HIJACKING,Foreign Aircraft - Outside India,0,0,0,0,2025-06,0,0.0
569,B - SPECIAL & LOCAL LAWS,HIJACKING,Indian Aircraft - In India,0,0,0,0,2025-06,0,0.0
570,B - SPECIAL & LOCAL LAWS,HIJACKING,Indian Aircraft - Outside India,0,0,0,0,2025-06,0,0.0
571,B - SPECIAL & LOCAL LAWS,IMMORAL TRAFFIC,Organised,107,17,15,34,2025-06,19,126.66666666666666
572,B - SPECIAL & LOCAL LAWS,IMMORAL TRAFFIC,Un-Organised,59,4,5,17,2025-06,12,240.0
573,B - SPECIAL & LOCAL LAWS,BONDED LABOUR SYSTEM,ALL / NOT SPECIFIED,3,0,2,0,2025-06,-2,-100.0
574,B - SPECIAL & LOCAL LAWS,INDIAN MOTOR VEHICLE,ALL / NOT SPECIFIED,50,13,4,6,2025-06,2,50.0
575,B - SPECIAL & LOCAL LAWS,NARCOTIC DRUGS & PSYCHOTROPIC SUBSTANCES ACT,Cultivated/Processed,1174,129,165,281,2025-06,116,70.3030303030303
576,B - SPECIAL & LOCAL LAWS,NARCOTIC DRUGS & PSYCHOTROPIC SUBSTANCES ACT,Synthetic,1656,192,209,381,2025-06,172,82.29665071770334
577,B - SPECIAL & LOCAL LAWS,PASSPORT ACT,Foreigner,2,0,0,2,2025-06,2,200.0
578,B - SPECIAL & LOCAL LAWS,PASSPORT ACT,Indian,2,0,0,0,2025-06,0,0.0
579,B - SPECIAL & LOCAL LAWS,REPRESENTATIVE OF PEOPLE ACT 1951 & 1988,Assembly,0,1,0,0,2025-06,0,0.0
580,B - SPECIAL & LOCAL LAWS,REPRESENTATIVE OF PEOPLE ACT 1951 & 1989,Parliament,0,1,0,0,2025-06,0,0.0
581,B - SPECIAL & LOCAL LAWS,REPRESENTATIVE OF PEOPLE ACT 1951 & 1990,Other Elected Bodies,0,0,0,0,2025-06,0,0.0
582,B - SPECIAL & LOCAL LAWS,KARNATAKA POLICE ACT 1963,Gambling - Matka (78 Class C),3386,409,605,693,2025-06,88,14.545454545454545
583,B - SPECIAL & LOCAL LAWS,KARNATAKA POLICE ACT 1964,Street Gambling (87),3705,479,450,635,2025-06,185,41.11111111111111
584,B - SPECIAL & LOCAL LAWS,KARNATAKA POLICE ACT 1965,House Gambling (79 & 80),130,31,12,19,2025-06,7,58.333333333333336
585,B - SPECIAL & LOCAL LAWS,KARNATAKA POLICE ACT 1966,Betting ,550,21,92,18,2025-06,-74,-80.43478260869566
586,B - SPECIAL & LOCAL LAWS,KARNATAKA POLICE ACT 1967,Others ,291,32,35,35,2025-06,0,0.0
587,B - SPECIAL & LOCAL LAWS,PREVENTION OF DAMAGE TO PUBLIC PROPERTY ACT 1984,ALL / NOT SPECIFIED,59,18,5,15,2025-06,10,200.0
588,B - SPECIAL & LOCAL LAWS,"POST & TELEGRAPH, TELEGRAPH WIRES (UNLAWFUL POSSESSION) ACT 1980",ALL / NOT SPECIFIED,0,1,0,0,2025-06,0,0.0
589,B - SPECIAL & LOCAL LAWS,OFFICIAL SECURITY RELATED ACTS,Official Secrets Act 1923,1,0,0,1,2025-06,1,100.0
590,B - SPECIAL & LOCAL LAWS,OFFICIAL SECURITY RELATED ACTS,Essential Services Maintenance Act 1981,0,0,0,0,2025-06,0,0.0
591,B - SPECIAL & LOCAL LAWS,PREVENTION OF TERRORISM ACT (POTA),ALL / NOT SPECIFIED,0,0,0,0,2025-06,0,0.0
592,B - SPECIAL & LOCAL LAWS,RAILWAYS ACT,Indian Railways Act 1989,1,0,0,0,2025-06,0,0.0
593,B - SPECIAL & LOCAL LAWS,RAILWAYS ACT,Railway Property (Unlawful Possession) Act 1966,0,0,0,0,2025-06,0,0.0
594,B - SPECIAL & LOCAL LAWS,UNLAWFUL ACTIVITIES (Prevention) Act 1967,ALL / NOT SPECIFIED,0,0,0,0,2025-06,0,0.0
595,B - SPECIAL & LOCAL LAWS,CRIMES RELATED TO WOMEN,Dowry Prohibition,930,179,178,184,2025-06,6,3.3707865168539324
596,B - SPECIAL & LOCAL LAWS,CRIMES RELATED TO WOMEN,Commission of SATI (Prevention) Act 1987,0,0,0,0,2025-06,0,0.0
597,B - SPECIAL & LOCAL LAWS,CRIMES RELATED TO WOMEN,Indecent Representation of Women (Prohibition) Act 1986,1,1,0,1,2025-06,1,100.0
598,B - SPECIAL & LOCAL LAWS,INDIAN LUNACY ACT,ALL / NOT SPECIFIED,0,0,0,0,2025-06,0,0.0
599,B - SPECIAL & LOCAL LAWS,INDIAN ELECTRICITY ACT,ALL / NOT SPECIFIED,8,0,0,2,2025-06,2,200.0
600,B - SPECIAL & LOCAL LAWS,"COTPA, CIGARETTES AND OTHER TOBACCO PRODUCTS",ALL / NOT SPECIFIED,2339,60,667,1198,2025-06,531,79.61019490254873
601,B - SPECIAL & LOCAL LAWS,KARNATAKA STATE LOCAL ACTS,Prevention of Insult to National Hounours Act 1971,6,0,1,0,2025-06,-1,-100.0
602,B - SPECIAL & LOCAL LAWS,KARNATAKA STATE LOCAL ACTS,"Prevention of violence against Doctors, Medical professionals and Medical institutions",8,1,1,1,2025-06,0,0.0
603,B - SPECIAL & LOCAL LAWS,KARNATAKA STATE LOCAL ACTS,"The Karnataka Prevention of Dangerous Activities of Bootleggers, Drug-offenders, Gamblers, Goonda Act",0,0,0,0,2025-06,0,0.0
604,B - SPECIAL & LOCAL LAWS,KARNATAKA STATE LOCAL ACTS,Karnataka Cow Slaughters Act,116,45,19,25,2025-06,6,31.57894736842105
605,B - SPECIAL & LOCAL LAWS,KARNATAKA STATE LOCAL ACTS,Banning of Unregulated Deposit Schemes Act,11,2,0,0,2025-06,0,0.0
606,B - SPECIAL & LOCAL LAWS,KARNATAKA STATE LOCAL ACTS,"Motor Spirit and High Speed Diesel (Regulation of upply, Distribution and Prevention of Malpractice",0,0,0,0,2025-06,0,0.0
607,B - SPECIAL & LOCAL LAWS,KARNATAKA STATE LOCAL ACTS,Karnataka Epidemic Deseases Act 2020,0,0,0,0,2025-06,0,0.0
608,B - SPECIAL & LOCAL LAWS,KARNATAKA STATE LOCAL ACTS,Karnataka Prevention of Slaughter and Preservation of Cattle Act 2020,133,32,19,50,2025-06,31,163.1578947368421
609,B - SPECIAL & LOCAL LAWS,KARNATAKA STATE LOCAL ACTS,Disaster Management Act 2005,0,0,0,0,2025-06,0,0.0
610,B - SPECIAL & LOCAL LAWS,KARNATAKA STATE LOCAL ACTS,Karnataka Excise Act 1965,5579,523,871,1143,2025-06,272,31.228473019517793
611,B - SPECIAL & LOCAL LAWS,KARNATAKA STATE LOCAL ACTS,Karnataka Forest Act 1963,19,5,5,8,2025-06,3,60.0
612,B - SPECIAL & LOCAL LAWS,KARNATAKA STATE LOCAL ACTS,Karnataka Education Act 1983 As Amended Upto Date,2,0,0,0,2025-06,0,0.0
613,B - SPECIAL & LOCAL LAWS,KARNATAKA STATE LOCAL ACTS,Karnataka Kerosene Restriction Unuse Act 1956,0,0,0,0,2025-06,0,0.0
614,B - SPECIAL & LOCAL LAWS,KARNATAKA STATE LOCAL ACTS,Karnataka University Act,0,0,0,0,2025-06,0,0.0
615,B - SPECIAL & LOCAL LAWS,KARNATAKA STATE LOCAL ACTS,Karnataka Corruption Act,0,0,0,0,2025-06,0,0.0
616,B - SPECIAL & LOCAL LAWS,KARNATAKA STATE LOCAL ACTS,Karnataka Medical Registration Act 1965,2,0,0,1,2025-06,1,100.0
617,B - SPECIAL & LOCAL LAWS,KARNATAKA STATE LOCAL ACTS,Karnataka Land & Revenue Act 1964 & 2007,25,2,4,7,2025-06,3,75.0
618,B - SPECIAL & LOCAL LAWS,KARNATAKA STATE LOCAL ACTS,Karnataka Kerosene Dealers License Order 1969,0,0,0,0,2025-06,0,0.0
619,B - SPECIAL & LOCAL LAWS,KARNATAKA STATE LOCAL ACTS,Karnataka Society Registration Act,0,0,0,0,2025-06,0,0.0
620,B - SPECIAL & LOCAL LAWS,KARNATAKA STATE LOCAL ACTS,Karnataka Minor Mineral Consistent Rule 1994,10,0,1,4,2025-06,3,300.0
621,B - SPECIAL & LOCAL LAWS,KARNATAKA STATE LOCAL ACTS,Bangalore Development Authority Act,0,0,0,0,2025-06,0,0.0
622,B - SPECIAL & LOCAL LAWS,KARNATAKA STATE LOCAL ACTS,Karnataka Prohibition of Beggery Act 1975,38,0,22,3,2025-06,-19,-86.36363636363636
623,B - SPECIAL & LOCAL LAWS,KARNATAKA STATE LOCAL ACTS,Karnataka Municipalities Act 1964,1,0,1,0,2025-06,-1,-100.0
624,B - SPECIAL & LOCAL LAWS,KARNATAKA STATE LOCAL ACTS,Karnataka Irrigation Act 1963,3,0,0,0,2025-06,0,0.0
625,B - SPECIAL & LOCAL LAWS,KARNATAKA STATE LOCAL ACTS,Karnataka Fire Force act 1964,4,0,0,2,2025-06,2,200.0
626,B - SPECIAL & LOCAL LAWS,KARNATAKA STATE LOCAL ACTS,Karnataka Consumer Protection Act 1986,0,0,0,0,2025-06,0,0.0
627,B - SPECIAL & LOCAL LAWS,KARNATAKA STATE LOCAL ACTS,Karnataka Lottery Act,48,5,8,11,2025-06,3,37.5
628,B - SPECIAL & LOCAL LAWS,KARNATAKA STATE LOCAL ACTS,Karnataka Weight & Measurement Act,0,0,0,0,2025-06,0,0.0
629,B - SPECIAL & LOCAL LAWS,KARNATAKA STATE LOCAL ACTS,Karnataka Agriculture Marketing Regulation Act,0,0,0,0,2025-06,0,0.0
630,B - SPECIAL & LOCAL LAWS,KARNATAKA STATE LOCAL ACTS,Karnataka Revenue Act,1,1,0,1,2025-06,1,100.0
631,B - SPECIAL & LOCAL LAWS,KARNATAKA STATE LOCAL ACTS,Karnataka Mining Act,1,0,0,1,2025-06,1,100.0
632,B - SPECIAL & LOCAL LAWS,KARNATAKA STATE LOCAL ACTS,Karnataka Betting Tax Act,0,0,0,0,2025-06,0,0.0
633,B - SPECIAL & LOCAL LAWS,KARNATAKA STATE LOCAL ACTS,Karnataka Panchayat Raj Act,1,0,0,0,2025-06,0,0.0
634,B - SPECIAL & LOCAL LAWS,KARNATAKA STATE LOCAL ACTS,Karnataka Open Place Disfigurement Act 1951,87,125,24,0,2025-06,-24,-100.0
635,B - SPECIAL & LOCAL LAWS,KARNATAKA STATE LOCAL ACTS,Karnataka Right To Information Act 2000 & 2008,1,0,0,0,2025-06,0,0.0
636,B - SPECIAL & LOCAL LAWS,KARNATAKA STATE LOCAL ACTS,Karnataka Urban Development Act 1987,0,0,0,0,2025-06,0,0.0
637,B - SPECIAL & LOCAL LAWS,KARNATAKA STATE LOCAL ACTS,Karnataka Town & City Planning Act 1961,0,0,0,0,2025-06,0,0.0
638,B - SPECIAL & LOCAL LAWS,KARNATAKA STATE LOCAL ACTS,Karnataka Race Betting Act,0,0,0,0,2025-06,0,0.0
639,B - SPECIAL & LOCAL LAWS,KARNATAKA STATE LOCAL ACTS,Karnataka Devadasi's (Prohibition Of Dedication) Act 1982,0,1,0,0,2025-06,0,0.0
640,B - SPECIAL & LOCAL LAWS,KARNATAKA STATE LOCAL ACTS,Cooperative Society Act,1,0,0,0,2025-06,0,0.0
641,B - SPECIAL & LOCAL LAWS,KARNATAKA STATE LOCAL ACTS,Karnataka Entertainment Tax Act 1958,2,1,0,0,2025-06,0,0.0
642,B - SPECIAL & LOCAL LAWS,KARNATAKA STATE LOCAL ACTS,Karnataka Land Acquisition (Prohibition) Act 2007,0,0,0,0,2025-06,0,0.0
643,B - SPECIAL & LOCAL LAWS,KARNATAKA STATE LOCAL ACTS,Karnataka Money Lender Act 1961,13,2,1,1,2025-06,0,0.0
644,B - SPECIAL & LOCAL LAWS,KARNATAKA STATE LOCAL ACTS,Karnataka Stamp Act 1957,0,0,0,0,2025-06,0,0.0
645,B - SPECIAL & LOCAL LAWS,KARNATAKA STATE LOCAL ACTS,Karnataka Prisoners Act 1963 & 1974,27,2,1,7,2025-06,6,600.0
646,B - SPECIAL & LOCAL LAWS,KARNATAKA STATE LOCAL ACTS,Karnataka Private Medical Institution Act 2007,3,0,0,1,2025-06,1,100.0
647,B - SPECIAL & LOCAL LAWS,KARNATAKA STATE LOCAL ACTS,MMRD (Mines & Minerals Regulation Development ) Act 1957,39,9,3,11,2025-06,8,266.66666666666663
648,B - SPECIAL & LOCAL LAWS,KARNATAKA STATE LOCAL ACTS,Karnataka Treasure Trove Act 1962,2,0,0,1,2025-06,1,100.0
649,B - SPECIAL & LOCAL LAWS,KARNATAKA STATE LOCAL ACTS,Karnataka Prohibition of Charging Exorbitant Interest Act 2004,10,0,1,1,2025-06,0,0.0
650,B - SPECIAL & LOCAL LAWS,KARNATAKA STATE LOCAL ACTS,Karnataka Ayurvedic And Unani Pract. Regis. & Medical Prac. Misc. Prov. Act,0,0,0,0,2025-06,0,0.0
651,B - SPECIAL & LOCAL LAWS,KARNATAKA STATE LOCAL ACTS,Other Local Acts,111,9,27,30,2025-06,3,11.11111111111111
652,B - SPECIAL & LOCAL LAWS,CYBER CRIME (INFORMATION TECHNOLOGY ACT),"Information Technology Act 2000, 2009",72,1930,10,11,2025-06,1,10.0
653,B - SPECIAL & LOCAL LAWS,CYBER CRIME (INFORMATION TECHNOLOGY ACT),CSAM (Child Pornography). Cyber Tip Line,15,0,1,3,2025-06,2,200.0
654,B - SPECIAL & LOCAL LAWS,CYBER CRIME (INFORMATION TECHNOLOGY ACT),Online Money Transfer,634,15,105,107,2025-06,2,1.9047619047619049
655,B - SPECIAL & LOCAL LAWS,CYBER CRIME (INFORMATION TECHNOLOGY ACT),Credit Card Fraud,377,10,57,72,2025-06,15,26.31578947368421
656,B - SPECIAL & LOCAL LAWS,CYBER CRIME (INFORMATION TECHNOLOGY ACT),Loan App,104,4,19,15,2025-06,-4,-21.052631578947366
657,B - SPECIAL & LOCAL LAWS,CYBER CRIME (INFORMATION TECHNOLOGY ACT),"Ransomeware Attack, Installing Spyware & Troman, Using Other Malware & Viruses to infect degital serv",3,0,0,0,2025-06,0,0.0
658,B - SPECIAL & LOCAL LAWS,CYBER CRIME (INFORMATION TECHNOLOGY ACT),"Gifts, iPhone & Lottery Fraud",72,3,7,12,2025-06,5,71.42857142857143
659,B - SPECIAL & LOCAL LAWS,CYBER CRIME (INFORMATION TECHNOLOGY ACT),Deep Fake/Deep Nudes,16,0,3,1,2025-06,-2,-66.66666666666666
660,B - SPECIAL & LOCAL LAWS,CYBER CRIME (INFORMATION TECHNOLOGY ACT),"Investment Fraud (Part Time Job, Task, Review)",1528,7,262,243,2025-06,-19,-7.251908396946565
661,B - SPECIAL & LOCAL LAWS,CYBER CRIME (INFORMATION TECHNOLOGY ACT),Card Skimming,5,0,0,0,2025-06,0,0.0
662,B - SPECIAL & LOCAL LAWS,CYBER CRIME (INFORMATION TECHNOLOGY ACT),Job Fraud,330,7,53,57,2025-06,4,7.547169811320755
663,B - SPECIAL & LOCAL LAWS,CYBER CRIME (INFORMATION TECHNOLOGY ACT),Hacking of Accounts & Ids,90,1,20,20,2025-06,0,0.0
664,B - SPECIAL & LOCAL LAWS,CYBER CRIME (INFORMATION TECHNOLOGY ACT),Business Fraud,70,2,8,11,2025-06,3,37.5
665,B - SPECIAL & LOCAL LAWS,CYBER CRIME (INFORMATION TECHNOLOGY ACT),Phishing (Taking Password & Information),24,0,1,3,2025-06,2,200.0
666,B - SPECIAL & LOCAL LAWS,CYBER CRIME (INFORMATION TECHNOLOGY ACT),Email Spoofing / Fraud,22,0,1,2,2025-06,1,100.0
667,B - SPECIAL & LOCAL LAWS,CYBER CRIME (INFORMATION TECHNOLOGY ACT),SIM card Swapping / SIM Jacking / SIM Cloning,5,1,3,1,2025-06,-2,-66.66666666666666
668,B - SPECIAL & LOCAL LAWS,CYBER CRIME (INFORMATION TECHNOLOGY ACT),Social Media Cases (Instagram/Facebook/Whatsapp/X /Telegram etc),265,7,69,47,2025-06,-22,-31.88405797101449
669,B - SPECIAL & LOCAL LAWS,CYBER CRIME (INFORMATION TECHNOLOGY ACT),"Crypto Currency, Bitcoin, etc.",51,0,6,5,2025-06,-1,-16.666666666666664
670,B - SPECIAL & LOCAL LAWS,CYBER CRIME (INFORMATION TECHNOLOGY ACT),Remote Access Fraud  (Any Desk/ Team Viewer),4,0,1,1,2025-06,0,0.0
671,B - SPECIAL & LOCAL LAWS,CYBER CRIME (INFORMATION TECHNOLOGY ACT),OLX Fraud,94,0,16,10,2025-06,-6,-37.5
672,B - SPECIAL & LOCAL LAWS,CYBER CRIME (INFORMATION TECHNOLOGY ACT),Data Theft,30,2,3,3,2025-06,0,0.0
673,B - SPECIAL & LOCAL LAWS,CYBER CRIME (INFORMATION TECHNOLOGY ACT),Fedex,27,3,3,3,2025-06,0,0.0
674,B - SPECIAL & LOCAL LAWS,CYBER CRIME (INFORMATION TECHNOLOGY ACT),Matrimony Fraud,54,1,10,10,2025-06,0,0.0
675,B - SPECIAL & LOCAL LAWS,CYBER CRIME (INFORMATION TECHNOLOGY ACT),"OTP Frauds (KYC Update, Apk Link)",338,7,45,59,2025-06,14,31.11111111111111
676,B - SPECIAL & LOCAL LAWS,CYBER CRIME (INFORMATION TECHNOLOGY ACT),Sextortion and Revenge Porn,57,0,7,11,2025-06,4,57.14285714285714
677,B - SPECIAL & LOCAL LAWS,CYBER CRIME (INFORMATION TECHNOLOGY ACT),Advertising Frauds,23,0,3,3,2025-06,0,0.0
678,B - SPECIAL & LOCAL LAWS,CYBER CRIME (INFORMATION TECHNOLOGY ACT),Investment Fraud (Trading & Share Trading),1742,18,265,295,2025-06,30,11.320754716981133
679,B - SPECIAL & LOCAL LAWS,CYBER CRIME (INFORMATION TECHNOLOGY ACT),Fake Customer Care,153,1,27,24,2025-06,-3,-11.11111111111111
680,B - SPECIAL & LOCAL LAWS,CYBER CRIME (INFORMATION TECHNOLOGY ACT),ATM Fraud,10,0,0,1,2025-06,1,100.0
681,B - SPECIAL & LOCAL LAWS,CYBER CRIME (INFORMATION TECHNOLOGY ACT),Digital Arrest,168,2,27,21,2025-06,-6,-22.22222222222222
682,B - SPECIAL & LOCAL LAWS,CYBER CRIME (INFORMATION TECHNOLOGY ACT),AEPS (Aadhaar),0,0,0,0,2025-06,0,0.0
683,B - SPECIAL & LOCAL LAWS,CYBER CRIME (INFORMATION TECHNOLOGY ACT),Others ,910,38,162,195,2025-06,33,20.37037037037037
684,B - SPECIAL & LOCAL LAWS,NATIONAL SECURITY ACT,ALL / NOT SPECIFIED,0,0,0,0,2025-06,0,0.0
685,B - SPECIAL & LOCAL LAWS,POCSO,Custodial Rape,2,0,1,0,2025-06,-1,-100.0
686,B - SPECIAL & LOCAL LAWS,POCSO,Gang Rape,1,0,0,0,2025-06,0,0.0
687,B - SPECIAL & LOCAL LAWS,POCSO,Rape with Murder,9,1,5,0,2025-06,-5,-100.0
688,B - SPECIAL & LOCAL LAWS,POCSO,Rape,1533,265,273,204,2025-06,-69,-25.274725274725274
689,B - SPECIAL & LOCAL LAWS,POCSO,Others ,607,76,95,105,2025-06,10,10.526315789473683
690,B - SPECIAL & LOCAL LAWS,Aadhar Act,Offence by Company,0,0,0,0,2025-06,0,0.0
691,B - SPECIAL & LOCAL LAWS,Aadhar Act,Impersonation,0,0,0,0,2025-06,0,0.0
692,B - SPECIAL & LOCAL LAWS,Aadhar Act,Offence by Individual,0,0,0,0,2025-06,0,0.0
693,C. CRIMES AGAINST WOMEN,RAPE (Sec.376 IPC/64 BNS),1.1  Custodial Rape,0,0,0,0,2025-06,0,0.0
694,C. CRIMES AGAINST WOMEN,RAPE (Sec.376 IPC/64 BNS),1.2  Gang Rape,7,0,2,0,2025-06,-2,-100.0
695,C. CRIMES AGAINST WOMEN,RAPE (Sec.376 IPC/64 BNS),1.3  other Cases of Rape,474,63,88,78,2025-06,-10,-11.363636363636363
696,C. CRIMES AGAINST WOMEN,Outraging modesty (Molestation) (sec.354 IPC/74 BNS),ALL / NOT SPECIFIED,2693,624,490,527,2025-06,37,7.551020408163265
697,C. CRIMES AGAINST WOMEN,Kidnapping & Abduction of Women: (Sec.366 IPC/87 BNS),ALL / NOT SPECIFIED,59,14,15,9,2025-06,-6,-40.0
698,C. CRIMES AGAINST WOMEN,Insulting modesty (Eve-Teasing) (Sec.294 & 509 IPC/296 & 79 BNS if victim is a woman),ALL / NOT SPECIFIED,199,11,35,42,2025-06,7,20.0
699,C. CRIMES AGAINST WOMEN,Murder for Dowry - by burning (Sec.302 IPC/103 BNS),ALL / NOT SPECIFIED,1,0,0,0,2025-06,0,0.0
700,C. CRIMES AGAINST WOMEN,"Murder for Dowry - by other means
(Sec.302 IPC/103 BNS)",ALL / NOT SPECIFIED,4,1,0,0,2025-06,0,0.0
701,C. CRIMES AGAINST WOMEN,Murder for other reasons,ALL / NOT SPECIFIED,189,32,29,28,2025-06,-1,-3.4482758620689653
702,C. CRIMES AGAINST WOMEN,Attempt to Commit Murder for dowry by burning (Sec.307 IPC/109 BNS),ALL / NOT SPECIFIED,0,0,0,0,2025-06,0,0.0
703,C. CRIMES AGAINST WOMEN,Attempt to Commit Murder for dowry by other means (Sec.307 IPC/109 BNS),ALL / NOT SPECIFIED,10,5,2,0,2025-06,-2,-100.0
704,C. CRIMES AGAINST WOMEN,Attempt to Commit murder for other reasons,ALL / NOT SPECIFIED,511,57,63,100,2025-06,37,58.730158730158735
705,C. CRIMES AGAINST WOMEN,"Dowry Death-by burning
(Sec.304-B IPC/80 BNS)",ALL / NOT SPECIFIED,1,0,0,0,2025-06,0,0.0
706,C. CRIMES AGAINST WOMEN,Dowry Death-by other Means (Sec.304(B) IPC/80 BNS),ALL / NOT SPECIFIED,59,10,6,7,2025-06,1,16.666666666666664
707,C. CRIMES AGAINST WOMEN,Cruelty by Husband or Relatives of Husband (Sec.498-A IPC/85 BNS),ALL / NOT SPECIFIED,1458,285,260,270,2025-06,10,3.8461538461538463
708,C. CRIMES AGAINST WOMEN,Abetment of Suicide (Sec.306 IPC/108 BNS),ALL / NOT SPECIFIED,81,13,11,9,2025-06,-2,-18.181818181818183
709,C. CRIMES AGAINST WOMEN,Immoral Traffic (prevention) Act.,ALL / NOT SPECIFIED,166,21,20,51,2025-06,31,155.0
710,C. CRIMES AGAINST WOMEN,Indecent Representation of Women(Prohibition) Act-1986,ALL / NOT SPECIFIED,1,1,0,1,2025-06,1,100.0
711,C. CRIMES AGAINST WOMEN,Pornography (Sec.292 to 294 IPC/294 TO 296 BNS),ALL / NOT SPECIFIED,1,0,0,0,2025-06,0,0.0
712,C. CRIMES AGAINST WOMEN,"Offences against Public Servants  (Sec 182-188,332,333,353IPC/217-223,121(1),121(2),132 BNS)",ALL / NOT SPECIFIED,65,9,8,11,2025-06,3,37.5
713,C. CRIMES AGAINST WOMEN,Offences related to Marriage,ALL / NOT SPECIFIED,17,2,3,3,2025-06,0,0.0
714,C. CRIMES AGAINST WOMEN,Cyber Crimes,ALL / NOT SPECIFIED,2232,602,382,389,2025-06,7,1.832460732984293
715,D.CRIME AGAINST CHILDREN,"Infanticide/ Foeticide 
(Sec. 315 IPC/91 BNS)",ALL / NOT SPECIFIED,4,0,1,1,2025-06,0,0.0
716,D.CRIME AGAINST CHILDREN,Rape on Minor,ALL / NOT SPECIFIED,0,0,0,0,2025-06,0,0.0
717,D.CRIME AGAINST CHILDREN,Exposure & abandonment (Sec. 317 IPC/93 BNS),ALL / NOT SPECIFIED,30,7,4,4,2025-06,0,0.0
718,D.CRIME AGAINST CHILDREN,Kidnapping & Abduction of Children,ALL / NOT SPECIFIED,2049,325,347,406,2025-06,59,17.002881844380404
719,D.CRIME AGAINST CHILDREN,Kidnapping & Abduction of Children,For Ransom - of Children,5,3,1,1,2025-06,0,0.0
720,D.CRIME AGAINST CHILDREN,Kidnapping & Abduction of Children,of Children - for begging,0,0,0,0,2025-06,0,0.0
721,D.CRIME AGAINST CHILDREN,Kidnapping & Abduction of Children,of Girls - Immoral Purpose,0,0,0,0,2025-06,0,0.0
722,D.CRIME AGAINST CHILDREN,Kidnapping & Abduction of Children,With intent to Steal from Child,0,0,0,0,2025-06,0,0.0
723,D.CRIME AGAINST CHILDREN,Kidnapping & Abduction of Children,Lawful Guardianship,1,1,0,0,2025-06,0,0.0
724,D.CRIME AGAINST CHILDREN,Kidnapping & Abduction of Children,Procuration of Minor Girls - For Prostitution,0,0,0,0,2025-06,0,0.0
725,D.CRIME AGAINST CHILDREN,Kidnapping & Abduction of Children,Procuration of Minor Girls - Importing of Girl,0,0,0,0,2025-06,0,0.0
726,D.CRIME AGAINST CHILDREN,Kidnapping & Abduction of Children,Procuration of Minor Girls - For Other Purposes,10,0,1,2,2025-06,1,100.0
727,D.CRIME AGAINST CHILDREN,Selling of girls for Prostitution (Sec.372 IPC/98 BNS),ALL / NOT SPECIFIED,0,0,0,0,2025-06,0,0.0
728,D.CRIME AGAINST CHILDREN,The Prohibition of Child Marriage Act - 2006,ALL / NOT SPECIFIED,115,22,30,30,2025-06,0,0.0
729,D.CRIME AGAINST CHILDREN,POCSO Act,ALL / NOT SPECIFIED,2152,342,374,309,2025-06,-65,-17.379679144385026
730,D.CRIME AGAINST CHILDREN,Death of Children due to miscarriage,ALL / NOT SPECIFIED,13,5,2,4,2025-06,2,100.0
731,D.CRIME AGAINST CHILDREN,Juvenile Justice Act,ALL / NOT SPECIFIED,85,11,16,6,2025-06,-10,-62.5
732,D.CRIME AGAINST CHILDREN,Child Labour (Pro.& Reg.) Act,ALL / NOT SPECIFIED,36,19,4,12,2025-06,8,200.0
733,D.CRIME AGAINST CHILDREN,Probation of Offenders Act,ALL / NOT SPECIFIED,0,0,0,0,2025-06,0,0.0
734,"    E. CRIME AGAINST SCHEDULED CASTES /TRIBES BY NON SCs/STs 
",Murder,ALL / NOT SPECIFIED,41,7,2,6,2025-06,4,200.0
735,"    E. CRIME AGAINST SCHEDULED CASTES /TRIBES BY NON SCs/STs 
",Rape,ALL / NOT SPECIFIED,77,14,14,13,2025-06,-1,-7.142857142857142
736,"    E. CRIME AGAINST SCHEDULED CASTES /TRIBES BY NON SCs/STs 
",Kidnapping,ALL / NOT SPECIFIED,81,16,13,7,2025-06,-6,-46.15384615384615
737,"    E. CRIME AGAINST SCHEDULED CASTES /TRIBES BY NON SCs/STs 
",Offences under the Protection of Civil Rights Act.,ALL / NOT SPECIFIED,5,0,2,0,2025-06,-2,-100.0
1,A - IPC/BNS Crime,"Murder (Sec.302/303 IPC/103,104 BNS)",For gain,20,1,1,1,2025-07,0,0.0
2,A - IPC/BNS Crime,"Murder (Sec.302/303 IPC/103,104 BNS)",Over Property Dispute,16,1,2,2,2025-07,0,0.0
3,A - IPC/BNS Crime,"Murder (Sec.302/303 IPC/103,104 BNS)",Due to Personal Vendetta or enemity,22,4,4,2,2025-07,-2,-50.0
4,A - IPC/BNS Crime,"Murder (Sec.302/303 IPC/103,104 BNS)",Due to Sexual jealousy,14,5,1,1,2025-07,0,0.0
5,A - IPC/BNS Crime,"Murder (Sec.302/303 IPC/103,104 BNS)",For dowry by burning,1,0,0,0,2025-07,0,0.0
6,A - IPC/BNS Crime,"Murder (Sec.302/303 IPC/103,104 BNS)",For dowry by other means,5,3,0,1,2025-07,1,100.0
7,A - IPC/BNS Crime,"Murder (Sec.302/303 IPC/103,104 BNS)",Due to Communalism,1,0,0,0,2025-07,0,0.0
8,A - IPC/BNS Crime,"Murder (Sec.302/303 IPC/103,104 BNS)",Due to Casteism,0,0,0,0,2025-07,0,0.0
9,A - IPC/BNS Crime,"Murder (Sec.302/303 IPC/103,104 BNS)",Witch Craft (Sorcery),0,0,0,0,2025-07,0,0.0
10,A - IPC/BNS Crime,"Murder (Sec.302/303 IPC/103,104 BNS)",For Human Sacrifice,0,0,0,0,2025-07,0,0.0
11,A - IPC/BNS Crime,"Murder (Sec.302/303 IPC/103,104 BNS)",Due to Terrorism/Naxalism / Extremism,0,0,0,0,2025-07,0,0.0
12,A - IPC/BNS Crime,"Murder (Sec.302/303 IPC/103,104 BNS)",For Political Reasons,0,0,0,0,2025-07,0,0.0
13,A - IPC/BNS Crime,"Murder (Sec.302/303 IPC/103,104 BNS)",Due to Adultery,10,1,0,1,2025-07,1,100.0
14,A - IPC/BNS Crime,"Murder (Sec.302/303 IPC/103,104 BNS)",Civil Disputes,36,4,5,4,2025-07,-1,-20.0
15,A - IPC/BNS Crime,"Murder (Sec.302/303 IPC/103,104 BNS)",Electoral Gain,0,0,0,0,2025-07,0,0.0
16,A - IPC/BNS Crime,"Murder (Sec.302/303 IPC/103,104 BNS)",Gang Rivalry,2,0,2,0,2025-07,-2,-100.0
17,A - IPC/BNS Crime,"Murder (Sec.302/303 IPC/103,104 BNS)",Love Intrigue,10,7,0,1,2025-07,1,100.0
18,A - IPC/BNS Crime,"Murder (Sec.302/303 IPC/103,104 BNS)",Professional ,0,0,0,0,2025-07,0,0.0
19,A - IPC/BNS Crime,"Murder (Sec.302/303 IPC/103,104 BNS)",Psychopathic/Serial Killer/Lunacy,0,0,0,0,2025-07,0,0.0
20,A - IPC/BNS Crime,"Murder (Sec.302/303 IPC/103,104 BNS)",Rape with Murder,7,1,1,2,2025-07,1,100.0
21,A - IPC/BNS Crime,"Murder (Sec.302/303 IPC/103,104 BNS)",Revenge/Enemity,26,6,5,0,2025-07,-5,-100.0
22,A - IPC/BNS Crime,"Murder (Sec.302/303 IPC/103,104 BNS)",Sudden Quarrel,62,7,8,10,2025-07,2,25.0
23,A - IPC/BNS Crime,"Murder (Sec.302/303 IPC/103,104 BNS)",Village Dispute,0,0,0,0,2025-07,0,0.0
24,A - IPC/BNS Crime,"Murder (Sec.302/303 IPC/103,104 BNS)",Custodial,0,0,0,0,2025-07,0,0.0
25,A - IPC/BNS Crime,"Murder (Sec.302/303 IPC/103,104 BNS)",Due to Other Causes,487,52,72,57,2025-07,-15,-20.833333333333336
26,A - IPC/BNS Crime,ATTEMPT TO MURDER (Sec. 307 IPC/109BNS),For Gain ,10,2,2,4,2025-07,2,100.0
27,A - IPC/BNS Crime,ATTEMPT TO MURDER (Sec. 307 IPC/109BNS),Over Property Dispute,49,6,11,7,2025-07,-4,-36.36363636363637
28,A - IPC/BNS Crime,ATTEMPT TO MURDER (Sec. 307 IPC/109BNS),Due to Personal Vendetta or enemity,51,4,6,7,2025-07,1,16.666666666666664
29,A - IPC/BNS Crime,ATTEMPT TO MURDER (Sec. 307 IPC/109BNS),Due to Sexual jealousy,6,1,2,0,2025-07,-2,-100.0
30,A - IPC/BNS Crime,ATTEMPT TO MURDER (Sec. 307 IPC/109BNS),For Dowry other Means,12,2,0,2,2025-07,2,200.0
31,A - IPC/BNS Crime,ATTEMPT TO MURDER (Sec. 307 IPC/109BNS),Dowry By Burning,1,0,0,0,2025-07,0,0.0
32,A - IPC/BNS Crime,ATTEMPT TO MURDER (Sec. 307 IPC/109BNS),Due to Communalism,1,0,0,0,2025-07,0,0.0
33,A - IPC/BNS Crime,ATTEMPT TO MURDER (Sec. 307 IPC/109BNS),Due to Casteism,1,0,1,0,2025-07,-1,-100.0
34,A - IPC/BNS Crime,ATTEMPT TO MURDER (Sec. 307 IPC/109BNS),Witch Craft (Sorcery),0,0,0,0,2025-07,0,0.0
35,A - IPC/BNS Crime,ATTEMPT TO MURDER (Sec. 307 IPC/109BNS),For Human Sacrifice,0,0,0,0,2025-07,0,0.0
36,A - IPC/BNS Crime,ATTEMPT TO MURDER (Sec. 307 IPC/109BNS),Terrorism /Naxalism / Extremism,0,0,0,0,2025-07,0,0.0
37,A - IPC/BNS Crime,ATTEMPT TO MURDER (Sec. 307 IPC/109BNS),For Political Reasons,5,0,0,0,2025-07,0,0.0
38,A - IPC/BNS Crime,ATTEMPT TO MURDER (Sec. 307 IPC/109BNS),Adultery,8,1,3,2,2025-07,-1,-33.33333333333333
39,A - IPC/BNS Crime,ATTEMPT TO MURDER (Sec. 307 IPC/109BNS),Electoral Gain,0,0,0,0,2025-07,0,0.0
40,A - IPC/BNS Crime,ATTEMPT TO MURDER (Sec. 307 IPC/109BNS),Gang Rivalry,2,0,1,0,2025-07,-1,-100.0
41,A - IPC/BNS Crime,ATTEMPT TO MURDER (Sec. 307 IPC/109BNS),Love Intrigue,14,0,2,5,2025-07,3,150.0
42,A - IPC/BNS Crime,ATTEMPT TO MURDER (Sec. 307 IPC/109BNS),Professional ,4,0,1,1,2025-07,0,0.0
43,A - IPC/BNS Crime,ATTEMPT TO MURDER (Sec. 307 IPC/109BNS),Rape,1,0,0,0,2025-07,0,0.0
44,A - IPC/BNS Crime,ATTEMPT TO MURDER (Sec. 307 IPC/109BNS),Revenge/Enemity,142,12,19,18,2025-07,-1,-5.263157894736842
45,A - IPC/BNS Crime,ATTEMPT TO MURDER (Sec. 307 IPC/109BNS),Sudden Quarrel,178,19,35,34,2025-07,-1,-2.857142857142857
46,A - IPC/BNS Crime,ATTEMPT TO MURDER (Sec. 307 IPC/109BNS),Village Dispute,5,2,1,2,2025-07,1,100.0
47,A - IPC/BNS Crime,ATTEMPT TO MURDER (Sec. 307 IPC/109BNS),Due to Other Causes,1246,115,193,139,2025-07,-54,-27.979274611398964
48,A - IPC/BNS Crime,ATTEMPT TO MURDER (Sec. 307 IPC/109BNS),Civil Disputes,212,21,43,31,2025-07,-12,-27.906976744186046
49,A - IPC/BNS Crime,CULPABLE HOMICIDE NOT AMOUNTING TO MUDER (Sec.304 IPC/105 BNS),For Gain,0,0,0,0,2025-07,0,0.0
50,A - IPC/BNS Crime,CULPABLE HOMICIDE NOT AMOUNTING TO MUDER (Sec.304 IPC/105 BNS),Over Civil Dispute,1,0,0,1,2025-07,1,100.0
51,A - IPC/BNS Crime,CULPABLE HOMICIDE NOT AMOUNTING TO MUDER (Sec.304 IPC/105 BNS),Due to Personal Vendetta or enemity,0,0,0,0,2025-07,0,0.0
52,A - IPC/BNS Crime,CULPABLE HOMICIDE NOT AMOUNTING TO MUDER (Sec.304 IPC/105 BNS),Due to Sexual jealousy,0,0,0,0,2025-07,0,0.0
53,A - IPC/BNS Crime,CULPABLE HOMICIDE NOT AMOUNTING TO MUDER (Sec.304 IPC/105 BNS),For Dowry,0,0,0,0,2025-07,0,0.0
54,A - IPC/BNS Crime,CULPABLE HOMICIDE NOT AMOUNTING TO MUDER (Sec.304 IPC/105 BNS),Due to Communalism,0,0,0,0,2025-07,0,0.0
55,A - IPC/BNS Crime,CULPABLE HOMICIDE NOT AMOUNTING TO MUDER (Sec.304 IPC/105 BNS),Due to Casteism,0,0,0,0,2025-07,0,0.0
56,A - IPC/BNS Crime,CULPABLE HOMICIDE NOT AMOUNTING TO MUDER (Sec.304 IPC/105 BNS),Witch Craft (Sorcery),0,0,0,0,2025-07,0,0.0
57,A - IPC/BNS Crime,CULPABLE HOMICIDE NOT AMOUNTING TO MUDER (Sec.304 IPC/105 BNS),For Human Sacrifice,0,0,0,0,2025-07,0,0.0
58,A - IPC/BNS Crime,CULPABLE HOMICIDE NOT AMOUNTING TO MUDER (Sec.304 IPC/105 BNS),Terrorism /Naxalism / Extremism,0,0,0,0,2025-07,0,0.0
59,A - IPC/BNS Crime,CULPABLE HOMICIDE NOT AMOUNTING TO MUDER (Sec.304 IPC/105 BNS),For Political Reasons,0,0,0,0,2025-07,0,0.0
60,A - IPC/BNS Crime,CULPABLE HOMICIDE NOT AMOUNTING TO MUDER (Sec.304 IPC/105 BNS),Adultery,0,0,0,0,2025-07,0,0.0
61,A - IPC/BNS Crime,CULPABLE HOMICIDE NOT AMOUNTING TO MUDER (Sec.304 IPC/105 BNS),Property Disputes,0,0,0,0,2025-07,0,0.0
62,A - IPC/BNS Crime,CULPABLE HOMICIDE NOT AMOUNTING TO MUDER (Sec.304 IPC/105 BNS),Electoral Gain,2,0,0,0,2025-07,0,0.0
63,A - IPC/BNS Crime,CULPABLE HOMICIDE NOT AMOUNTING TO MUDER (Sec.304 IPC/105 BNS),Gang Rivalry,0,0,0,0,2025-07,0,0.0
64,A - IPC/BNS Crime,CULPABLE HOMICIDE NOT AMOUNTING TO MUDER (Sec.304 IPC/105 BNS),Love Intrigue,0,0,0,0,2025-07,0,0.0
65,A - IPC/BNS Crime,CULPABLE HOMICIDE NOT AMOUNTING TO MUDER (Sec.304 IPC/105 BNS),Professional ,0,0,0,0,2025-07,0,0.0
66,A - IPC/BNS Crime,CULPABLE HOMICIDE NOT AMOUNTING TO MUDER (Sec.304 IPC/105 BNS),Sudden Quarrel,7,0,1,0,2025-07,-1,-100.0
67,A - IPC/BNS Crime,CULPABLE HOMICIDE NOT AMOUNTING TO MUDER (Sec.304 IPC/105 BNS),Due to Other Causes,53,15,10,1,2025-07,-9,-90.0
68,A - IPC/BNS Crime,ATTEMPT TO CULPABLE HOMICIDE NOT AMOUNTING TO MURDER (Sec. 308 IPC/110 BNS),For Gain,0,0,0,0,2025-07,0,0.0
69,A - IPC/BNS Crime,ATTEMPT TO CULPABLE HOMICIDE NOT AMOUNTING TO MURDER (Sec. 308 IPC/110 BNS),Over Civil Dispute,1,0,0,1,2025-07,1,100.0
70,A - IPC/BNS Crime,ATTEMPT TO CULPABLE HOMICIDE NOT AMOUNTING TO MURDER (Sec. 308 IPC/110 BNS),Due to Personal Vendetta or enemity,0,0,0,0,2025-07,0,0.0
71,A - IPC/BNS Crime,ATTEMPT TO CULPABLE HOMICIDE NOT AMOUNTING TO MURDER (Sec. 308 IPC/110 BNS),Due to Sexual jealousy,0,0,0,0,2025-07,0,0.0
72,A - IPC/BNS Crime,ATTEMPT TO CULPABLE HOMICIDE NOT AMOUNTING TO MURDER (Sec. 308 IPC/110 BNS),For Dowry,0,0,0,0,2025-07,0,0.0
73,A - IPC/BNS Crime,ATTEMPT TO CULPABLE HOMICIDE NOT AMOUNTING TO MURDER (Sec. 308 IPC/110 BNS),Due to Communalism,0,0,0,0,2025-07,0,0.0
74,A - IPC/BNS Crime,ATTEMPT TO CULPABLE HOMICIDE NOT AMOUNTING TO MURDER (Sec. 308 IPC/110 BNS),Due to Casteism,0,0,0,0,2025-07,0,0.0
75,A - IPC/BNS Crime,ATTEMPT TO CULPABLE HOMICIDE NOT AMOUNTING TO MURDER (Sec. 308 IPC/110 BNS),Witch Craft (Sorcery),0,0,0,0,2025-07,0,0.0
76,A - IPC/BNS Crime,ATTEMPT TO CULPABLE HOMICIDE NOT AMOUNTING TO MURDER (Sec. 308 IPC/110 BNS),For Human Sacrifice,0,0,0,0,2025-07,0,0.0
77,A - IPC/BNS Crime,ATTEMPT TO CULPABLE HOMICIDE NOT AMOUNTING TO MURDER (Sec. 308 IPC/110 BNS),Terrorism /Naxalism / Extremism,0,0,0,0,2025-07,0,0.0
78,A - IPC/BNS Crime,ATTEMPT TO CULPABLE HOMICIDE NOT AMOUNTING TO MURDER (Sec. 308 IPC/110 BNS),For Political Reasons,0,0,0,0,2025-07,0,0.0
79,A - IPC/BNS Crime,ATTEMPT TO CULPABLE HOMICIDE NOT AMOUNTING TO MURDER (Sec. 308 IPC/110 BNS),Due to Other Causes,32,2,2,4,2025-07,2,100.0
80,A - IPC/BNS Crime,ATTEMPT TO CULPABLE HOMICIDE NOT AMOUNTING TO MURDER (Sec. 308 IPC/110 BNS),Adultery,1,0,0,0,2025-07,0,0.0
81,A - IPC/BNS Crime,ATTEMPT TO CULPABLE HOMICIDE NOT AMOUNTING TO MURDER (Sec. 308 IPC/110 BNS),Property Disputes,0,0,0,0,2025-07,0,0.0
82,A - IPC/BNS Crime,ATTEMPT TO CULPABLE HOMICIDE NOT AMOUNTING TO MURDER (Sec. 308 IPC/110 BNS),Electoral Gain,0,0,0,0,2025-07,0,0.0
83,A - IPC/BNS Crime,ATTEMPT TO CULPABLE HOMICIDE NOT AMOUNTING TO MURDER (Sec. 308 IPC/110 BNS),Gang Rivalry,0,0,0,0,2025-07,0,0.0
84,A - IPC/BNS Crime,ATTEMPT TO CULPABLE HOMICIDE NOT AMOUNTING TO MURDER (Sec. 308 IPC/110 BNS),Love Intrigue,0,0,0,0,2025-07,0,0.0
85,A - IPC/BNS Crime,ATTEMPT TO CULPABLE HOMICIDE NOT AMOUNTING TO MURDER (Sec. 308 IPC/110 BNS),Professional ,0,0,0,0,2025-07,0,0.0
86,A - IPC/BNS Crime,ATTEMPT TO CULPABLE HOMICIDE NOT AMOUNTING TO MURDER (Sec. 308 IPC/110 BNS),Sudden Quarrel,4,1,0,0,2025-07,0,0.0
87,A - IPC/BNS Crime,"RAPE (Sec.376, 376(A) to 376 (D) IPC/64 TO 71 BNS)",Custodial Rape,0,0,0,0,2025-07,0,0.0
88,A - IPC/BNS Crime,"RAPE (Sec.376, 376(A) to 376 (D) IPC/64 TO 71 BNS)",Attempt to Commit,9,0,1,2,2025-07,1,100.0
89,A - IPC/BNS Crime,"RAPE (Sec.376, 376(A) to 376 (D) IPC/64 TO 71 BNS)",By a Gang,8,0,0,1,2025-07,1,100.0
90,A - IPC/BNS Crime,"RAPE (Sec.376, 376(A) to 376 (D) IPC/64 TO 71 BNS)",By Parents,2,0,0,0,2025-07,0,0.0
91,A - IPC/BNS Crime,"RAPE (Sec.376, 376(A) to 376 (D) IPC/64 TO 71 BNS)",By Hospital Staff,3,0,1,1,2025-07,0,0.0
92,A - IPC/BNS Crime,"RAPE (Sec.376, 376(A) to 376 (D) IPC/64 TO 71 BNS)",By Husband During Sepearation,2,0,0,0,2025-07,0,0.0
93,A - IPC/BNS Crime,"RAPE (Sec.376, 376(A) to 376 (D) IPC/64 TO 71 BNS)",By Neighbours,28,3,1,7,2025-07,6,600.0
94,A - IPC/BNS Crime,"RAPE (Sec.376, 376(A) to 376 (D) IPC/64 TO 71 BNS)",By Relatives,20,5,2,3,2025-07,1,50.0
95,A - IPC/BNS Crime,"RAPE (Sec.376, 376(A) to 376 (D) IPC/64 TO 71 BNS)",In Jail Custody,0,0,0,0,2025-07,0,0.0
96,A - IPC/BNS Crime,"RAPE (Sec.376, 376(A) to 376 (D) IPC/64 TO 71 BNS)",In Remand Home,0,0,0,0,2025-07,0,0.0
97,A - IPC/BNS Crime,"RAPE (Sec.376, 376(A) to 376 (D) IPC/64 TO 71 BNS)",InCest,0,0,0,0,2025-07,0,0.0
98,A - IPC/BNS Crime,"RAPE (Sec.376, 376(A) to 376 (D) IPC/64 TO 71 BNS)",Known Person,212,37,30,15,2025-07,-15,-50.0
99,A - IPC/BNS Crime,"RAPE (Sec.376, 376(A) to 376 (D) IPC/64 TO 71 BNS)",Unknown Person,12,0,4,1,2025-07,-3,-75.0
100,A - IPC/BNS Crime,"RAPE (Sec.376, 376(A) to 376 (D) IPC/64 TO 71 BNS)",Due to Other Causes,253,22,40,39,2025-07,-1,-2.5
101,A - IPC/BNS Crime,"RAPE (Sec.376, 376(A) to 376 (D) IPC/64 TO 71 BNS)",On Minor,0,0,0,0,2025-07,0,0.0
102,A - IPC/BNS Crime,Sexual Intercourse by employing deceitful means (Sec 69 BNS),False promises of marriage,99,1,21,19,2025-07,-2,-9.523809523809524
103,A - IPC/BNS Crime,Sexual Intercourse by employing deceitful means (Sec 69 BNS),Falsely claiming a job promotion or employment ,1,0,0,0,2025-07,0,0.0
104,A - IPC/BNS Crime,Sexual Intercourse by employing deceitful means (Sec 69 BNS),Suppressing identity to induce marriage,0,0,0,0,2025-07,0,0.0
105,A - IPC/BNS Crime,Sexual Intercourse by employing deceitful means (Sec 69 BNS),Other,4,0,1,1,2025-07,0,0.0
106,A - IPC/BNS Crime,"KIDNAPPING AND ABDUCTION (Sec.360, 361, 363 to 369 IPC/137(1)(A),137(1)(B),137(2),140 TO 142,97 BNS)",Missing - Boy,551,81,88,79,2025-07,-9,-10.227272727272728
107,A - IPC/BNS Crime,"KIDNAPPING AND ABDUCTION (Sec.360, 361, 363 to 369 IPC/137(1)(A),137(1)(B),137(2),140 TO 142,97 BNS)",Missing - Girl,1621,166,252,228,2025-07,-24,-9.523809523809524
108,A - IPC/BNS Crime,"KIDNAPPING AND ABDUCTION (Sec.360, 361, 363 to 369 IPC/137(1)(A),137(1)(B),137(2),140 TO 142,97 BNS)",For Ransom - of Children,5,0,1,0,2025-07,-1,-100.0
109,A - IPC/BNS Crime,"KIDNAPPING AND ABDUCTION (Sec.360, 361, 363 to 369 IPC/137(1)(A),137(1)(B),137(2),140 TO 142,97 BNS)",For Ransom - of Cildren for Begging,0,0,0,0,2025-07,0,0.0
110,A - IPC/BNS Crime,"KIDNAPPING AND ABDUCTION (Sec.360, 361, 363 to 369 IPC/137(1)(A),137(1)(B),137(2),140 TO 142,97 BNS)",For Ransom - of Women,7,1,1,2,2025-07,1,100.0
111,A - IPC/BNS Crime,"KIDNAPPING AND ABDUCTION (Sec.360, 361, 363 to 369 IPC/137(1)(A),137(1)(B),137(2),140 TO 142,97 BNS)",For Ransom - of Girls for Immoral Purpose,0,0,0,0,2025-07,0,0.0
112,A - IPC/BNS Crime,"KIDNAPPING AND ABDUCTION (Sec.360, 361, 363 to 369 IPC/137(1)(A),137(1)(B),137(2),140 TO 142,97 BNS)",For Ransom - of  Others,39,5,1,12,2025-07,11,1100.0
113,A - IPC/BNS Crime,"KIDNAPPING AND ABDUCTION (Sec.360, 361, 363 to 369 IPC/137(1)(A),137(1)(B),137(2),140 TO 142,97 BNS)",Procuration of Minor Girls - For Prostitution,0,0,0,0,2025-07,0,0.0
114,A - IPC/BNS Crime,"KIDNAPPING AND ABDUCTION (Sec.360, 361, 363 to 369 IPC/137(1)(A),137(1)(B),137(2),140 TO 142,97 BNS)",Procuration of Minor Girls - Importring of Girl,0,0,0,0,2025-07,0,0.0
115,A - IPC/BNS Crime,"KIDNAPPING AND ABDUCTION (Sec.360, 361, 363 to 369 IPC/137(1)(A),137(1)(B),137(2),140 TO 142,97 BNS)",Procuration of Minor Girls - For other Purpose,10,2,2,0,2025-07,-2,-100.0
116,A - IPC/BNS Crime,"KIDNAPPING AND ABDUCTION (Sec.360, 361, 363 to 369 IPC/137(1)(A),137(1)(B),137(2),140 TO 142,97 BNS)",Espionage,0,0,0,0,2025-07,0,0.0
117,A - IPC/BNS Crime,"KIDNAPPING AND ABDUCTION (Sec.360, 361, 363 to 369 IPC/137(1)(A),137(1)(B),137(2),140 TO 142,97 BNS)",Intent to Steal From Child,0,0,0,0,2025-07,0,0.0
118,A - IPC/BNS Crime,"KIDNAPPING AND ABDUCTION (Sec.360, 361, 363 to 369 IPC/137(1)(A),137(1)(B),137(2),140 TO 142,97 BNS)",Murder (Homicide),0,0,0,0,2025-07,0,0.0
119,A - IPC/BNS Crime,"KIDNAPPING AND ABDUCTION (Sec.360, 361, 363 to 369 IPC/137(1)(A),137(1)(B),137(2),140 TO 142,97 BNS)",Obtain Signature Forcibly,0,0,0,0,2025-07,0,0.0
120,A - IPC/BNS Crime,"KIDNAPPING AND ABDUCTION (Sec.360, 361, 363 to 369 IPC/137(1)(A),137(1)(B),137(2),140 TO 142,97 BNS)",Recovering Loan,1,0,0,0,2025-07,0,0.0
121,A - IPC/BNS Crime,"KIDNAPPING AND ABDUCTION (Sec.360, 361, 363 to 369 IPC/137(1)(A),137(1)(B),137(2),140 TO 142,97 BNS)",Settling any Disputes,5,1,2,2,2025-07,0,0.0
122,A - IPC/BNS Crime,"KIDNAPPING AND ABDUCTION (Sec.360, 361, 363 to 369 IPC/137(1)(A),137(1)(B),137(2),140 TO 142,97 BNS)",Unnatural Lust / Illicit Intercourse,0,0,0,0,2025-07,0,0.0
123,A - IPC/BNS Crime,"KIDNAPPING AND ABDUCTION (Sec.360, 361, 363 to 369 IPC/137(1)(A),137(1)(B),137(2),140 TO 142,97 BNS)",Wrongful Confinement,9,0,3,2,2025-07,-1,-33.33333333333333
124,A - IPC/BNS Crime,"KIDNAPPING AND ABDUCTION (Sec.360, 361, 363 to 369 IPC/137(1)(A),137(1)(B),137(2),140 TO 142,97 BNS)",For Exporting,0,0,0,0,2025-07,0,0.0
125,A - IPC/BNS Crime,"KIDNAPPING AND ABDUCTION (Sec.360, 361, 363 to 369 IPC/137(1)(A),137(1)(B),137(2),140 TO 142,97 BNS)",From Lawful Guardianship,2,1,0,0,2025-07,0,0.0
126,A - IPC/BNS Crime,"KIDNAPPING AND ABDUCTION (Sec.360, 361, 363 to 369 IPC/137(1)(A),137(1)(B),137(2),140 TO 142,97 BNS)",For Camel Racing Etc.,0,0,0,0,2025-07,0,0.0
127,A - IPC/BNS Crime,"KIDNAPPING AND ABDUCTION (Sec.360, 361, 363 to 369 IPC/137(1)(A),137(1)(B),137(2),140 TO 142,97 BNS)",To Compel For Marriage,3,0,0,0,2025-07,0,0.0
128,A - IPC/BNS Crime,"KIDNAPPING AND ABDUCTION (Sec.360, 361, 363 to 369 IPC/137(1)(A),137(1)(B),137(2),140 TO 142,97 BNS)",For Slavery,0,0,0,0,2025-07,0,0.0
129,A - IPC/BNS Crime,"KIDNAPPING AND ABDUCTION (Sec.360, 361, 363 to 369 IPC/137(1)(A),137(1)(B),137(2),140 TO 142,97 BNS)",For Stealing From its Person,1,0,0,1,2025-07,1,100.0
130,A - IPC/BNS Crime,"KIDNAPPING AND ABDUCTION (Sec.360, 361, 363 to 369 IPC/137(1)(A),137(1)(B),137(2),140 TO 142,97 BNS)",Others,246,28,33,43,2025-07,10,30.303030303030305
131,A - IPC/BNS Crime,"DACOITY (Sec. 395 to 398 IPC/310(2),310(4),311,312 BNS)",At ATM,0,0,0,0,2025-07,0,0.0
132,A - IPC/BNS Crime,"DACOITY (Sec. 395 to 398 IPC/310(2),310(4),311,312 BNS)",At Residential Premises,22,2,1,4,2025-07,3,300.0
133,A - IPC/BNS Crime,"DACOITY (Sec. 395 to 398 IPC/310(2),310(4),311,312 BNS)",On Highways,9,6,1,2,2025-07,1,100.0
134,A - IPC/BNS Crime,"DACOITY (Sec. 395 to 398 IPC/310(2),310(4),311,312 BNS)",In Trains,1,0,0,0,2025-07,0,0.0
135,A - IPC/BNS Crime,"DACOITY (Sec. 395 to 398 IPC/310(2),310(4),311,312 BNS)",At Banks,1,0,0,0,2025-07,0,0.0
136,A - IPC/BNS Crime,"DACOITY (Sec. 395 to 398 IPC/310(2),310(4),311,312 BNS)",At Commercial Places / Establishments,7,4,1,1,2025-07,0,0.0
137,A - IPC/BNS Crime,"DACOITY (Sec. 395 to 398 IPC/310(2),310(4),311,312 BNS)",On Other Roads,21,4,1,3,2025-07,2,200.0
138,A - IPC/BNS Crime,"DACOITY (Sec. 395 to 398 IPC/310(2),310(4),311,312 BNS)",In Other Places,17,5,1,4,2025-07,3,300.0
139,A - IPC/BNS Crime,"DACOITY (Sec. 395 to 398 IPC/310(2),310(4),311,312 BNS)",River & Sea,0,0,0,0,2025-07,0,0.0
140,A - IPC/BNS Crime,"DACOITY (Sec. 395 to 398 IPC/310(2),310(4),311,312 BNS)",Preparation And Assembly for Dacoity,41,13,4,6,2025-07,2,50.0
141,A - IPC/BNS Crime,"Robbery (Sec.392 to 394 IPC/309(4),309(5),309(6) BNS)",At ATM,0,0,0,0,2025-07,0,0.0
142,A - IPC/BNS Crime,"Robbery (Sec.392 to 394 IPC/309(4),309(5),309(6) BNS)",At Residential Premises,59,18,5,12,2025-07,7,140.0
143,A - IPC/BNS Crime,"Robbery (Sec.392 to 394 IPC/309(4),309(5),309(6) BNS)",On Highways,35,7,10,1,2025-07,-9,-90.0
144,A - IPC/BNS Crime,"Robbery (Sec.392 to 394 IPC/309(4),309(5),309(6) BNS)",In Trains,0,1,0,0,2025-07,0,0.0
145,A - IPC/BNS Crime,"Robbery (Sec.392 to 394 IPC/309(4),309(5),309(6) BNS)",At Banks,0,0,0,0,2025-07,0,0.0
146,A - IPC/BNS Crime,"Robbery (Sec.392 to 394 IPC/309(4),309(5),309(6) BNS)",At Commercial Places / Establishments,28,2,3,10,2025-07,7,233.33333333333334
147,A - IPC/BNS Crime,"Robbery (Sec.392 to 394 IPC/309(4),309(5),309(6) BNS)",In Other Places,180,35,22,26,2025-07,4,18.181818181818183
148,A - IPC/BNS Crime,"Robbery (Sec.392 to 394 IPC/309(4),309(5),309(6) BNS)",Chain Snatching,290,54,50,40,2025-07,-10,-20.0
149,A - IPC/BNS Crime,"Robbery (Sec.392 to 394 IPC/309(4),309(5),309(6) BNS)",Attempt to Commit,26,5,6,6,2025-07,0,0.0
150,A - IPC/BNS Crime,"BURGLARY - NIGHT (Sec. 380 IPC R/W 453 TO 460, 462 IPC/305,R/W 331(1) TO 331(8),334(2) BNS)",At Residential Premises,1388,233,199,186,2025-07,-13,-6.532663316582915
151,A - IPC/BNS Crime,"BURGLARY - NIGHT (Sec. 380 IPC R/W 453 TO 460, 462 IPC/305,R/W 331(1) TO 331(8),334(2) BNS)",On Highways,1,1,0,0,2025-07,0,0.0
152,A - IPC/BNS Crime,"BURGLARY - NIGHT (Sec. 380 IPC R/W 453 TO 460, 462 IPC/305,R/W 331(1) TO 331(8),334(2) BNS)",In Trains,0,0,0,0,2025-07,0,0.0
153,A - IPC/BNS Crime,"BURGLARY - NIGHT (Sec. 380 IPC R/W 453 TO 460, 462 IPC/305,R/W 331(1) TO 331(8),334(2) BNS)",At Banks,17,2,5,4,2025-07,-1,-20.0
154,A - IPC/BNS Crime,"BURGLARY - NIGHT (Sec. 380 IPC R/W 453 TO 460, 462 IPC/305,R/W 331(1) TO 331(8),334(2) BNS)",At Commercial Places / Establishments,373,96,45,78,2025-07,33,73.33333333333333
155,A - IPC/BNS Crime,"BURGLARY - NIGHT (Sec. 380 IPC R/W 453 TO 460, 462 IPC/305,R/W 331(1) TO 331(8),334(2) BNS)",In Other Places,280,55,42,41,2025-07,-1,-2.380952380952381
156,A - IPC/BNS Crime,"BURGLARY - NIGHT (Sec. 380 IPC R/W 453 TO 460, 462 IPC/305,R/W 331(1) TO 331(8),334(2) BNS)",Temple Theft,181,45,28,37,2025-07,9,32.142857142857146
157,A - IPC/BNS Crime,"BURGLARY - DAY (Sec. 380 IPC R/W 453 TO 460, 462 IPC/305,R/W 331(1) TO 331(8), 334(2) BNS)",At Residential Premises,559,74,79,83,2025-07,4,5.063291139240507
158,A - IPC/BNS Crime,"BURGLARY - DAY (Sec. 380 IPC R/W 453 TO 460, 462 IPC/305,R/W 331(1) TO 331(8), 334(2) BNS)",On Highways,0,0,0,0,2025-07,0,0.0
159,A - IPC/BNS Crime,"BURGLARY - DAY (Sec. 380 IPC R/W 453 TO 460, 462 IPC/305,R/W 331(1) TO 331(8), 334(2) BNS)",In Trains,0,0,0,0,2025-07,0,0.0
160,A - IPC/BNS Crime,"BURGLARY - DAY (Sec. 380 IPC R/W 453 TO 460, 462 IPC/305,R/W 331(1) TO 331(8), 334(2) BNS)",At Banks,1,0,0,1,2025-07,1,100.0
161,A - IPC/BNS Crime,"BURGLARY - DAY (Sec. 380 IPC R/W 453 TO 460, 462 IPC/305,R/W 331(1) TO 331(8), 334(2) BNS)",At Commercial Places / Establishments,20,1,2,5,2025-07,3,150.0
162,A - IPC/BNS Crime,"BURGLARY - DAY (Sec. 380 IPC R/W 453 TO 460, 462 IPC/305,R/W 331(1) TO 331(8), 334(2) BNS)",In Other Places,24,2,5,6,2025-07,1,20.0
163,A - IPC/BNS Crime,"BURGLARY - DAY (Sec. 380 IPC R/W 453 TO 460, 462 IPC/305,R/W 331(1) TO 331(8), 334(2) BNS)",Temple Theft,6,0,2,1,2025-07,-1,-50.0
164,A - IPC/BNS Crime,THEFT (Sec.379 to 389 IPC/303(2) TO 308(7) BNS),Attempt to commit,31,4,5,2,2025-07,-3,-60.0
165,A - IPC/BNS Crime,THEFT (Sec.379 to 389 IPC/303(2) TO 308(7) BNS),Of Automobiles - Of Tractors,54,4,5,7,2025-07,2,40.0
166,A - IPC/BNS Crime,THEFT (Sec.379 to 389 IPC/303(2) TO 308(7) BNS),In Running Bus,62,11,4,7,2025-07,3,75.0
167,A - IPC/BNS Crime,THEFT (Sec.379 to 389 IPC/303(2) TO 308(7) BNS),Of Snatching,334,36,53,36,2025-07,-17,-32.075471698113205
168,A - IPC/BNS Crime,THEFT (Sec.379 to 389 IPC/303(2) TO 308(7) BNS),At ATM,16,4,0,1,2025-07,1,100.0
169,A - IPC/BNS Crime,THEFT (Sec.379 to 389 IPC/303(2) TO 308(7) BNS),Of Sand,786,92,83,66,2025-07,-17,-20.481927710843372
170,A - IPC/BNS Crime,THEFT (Sec.379 to 389 IPC/303(2) TO 308(7) BNS),Government Office,19,0,2,5,2025-07,3,150.0
171,A - IPC/BNS Crime,THEFT (Sec.379 to 389 IPC/303(2) TO 308(7) BNS),Of Mines,42,4,4,2,2025-07,-2,-50.0
172,A - IPC/BNS Crime,THEFT (Sec.379 to 389 IPC/303(2) TO 308(7) BNS),Communication And Elec. Wire,150,29,19,25,2025-07,6,31.57894736842105
173,A - IPC/BNS Crime,THEFT (Sec.379 to 389 IPC/303(2) TO 308(7) BNS),Of Cattle,308,45,31,54,2025-07,23,74.19354838709677
174,A - IPC/BNS Crime,THEFT (Sec.379 to 389 IPC/303(2) TO 308(7) BNS),Of Cycle,20,4,0,0,2025-07,0,0.0
175,A - IPC/BNS Crime,THEFT (Sec.379 to 389 IPC/303(2) TO 308(7) BNS),Of Automobiles - Of Lorries/Trucks,76,10,5,17,2025-07,12,240.0
176,A - IPC/BNS Crime,THEFT (Sec.379 to 389 IPC/303(2) TO 308(7) BNS),Of Automobiles - Of Buses,1,2,0,0,2025-07,0,0.0
177,A - IPC/BNS Crime,THEFT (Sec.379 to 389 IPC/303(2) TO 308(7) BNS),Of Automobiles - Of Cars / Jeeps,144,23,19,20,2025-07,1,5.263157894736842
178,A - IPC/BNS Crime,THEFT (Sec.379 to 389 IPC/303(2) TO 308(7) BNS),Of Automobiles - Of Two Wheelers ,5303,993,787,756,2025-07,-31,-3.9390088945362134
179,A - IPC/BNS Crime,THEFT (Sec.379 to 389 IPC/303(2) TO 308(7) BNS),Of Automobies - of Three Wheelers,145,36,20,24,2025-07,4,20.0
180,A - IPC/BNS Crime,THEFT (Sec.379 to 389 IPC/303(2) TO 308(7) BNS),Of Accessories of Motor Vehicle,144,31,21,12,2025-07,-9,-42.857142857142854
181,A - IPC/BNS Crime,THEFT (Sec.379 to 389 IPC/303(2) TO 308(7) BNS),Govt. Vehicle,2,1,0,1,2025-07,1,100.0
182,A - IPC/BNS Crime,THEFT (Sec.379 to 389 IPC/303(2) TO 308(7) BNS),"Electronic Goods (Radio, TV, VCR, Acs, Office Automation Equipments)",582,122,65,93,2025-07,28,43.07692307692308
183,A - IPC/BNS Crime,THEFT (Sec.379 to 389 IPC/303(2) TO 308(7) BNS),Of Fire Arms,6,0,0,2,2025-07,2,200.0
184,A - IPC/BNS Crime,THEFT (Sec.379 to 389 IPC/303(2) TO 308(7) BNS),Of Explosives,0,0,0,0,2025-07,0,0.0
185,A - IPC/BNS Crime,THEFT (Sec.379 to 389 IPC/303(2) TO 308(7) BNS),Of Cultural - Idols,8,0,1,2,2025-07,1,100.0
186,A - IPC/BNS Crime,THEFT (Sec.379 to 389 IPC/303(2) TO 308(7) BNS),Of Cultural - Painting,0,0,0,0,2025-07,0,0.0
187,A - IPC/BNS Crime,THEFT (Sec.379 to 389 IPC/303(2) TO 308(7) BNS),Of Cultrual - Others,132,16,17,26,2025-07,9,52.94117647058824
188,A - IPC/BNS Crime,THEFT (Sec.379 to 389 IPC/303(2) TO 308(7) BNS),Cash,300,56,39,46,2025-07,7,17.94871794871795
189,A - IPC/BNS Crime,THEFT (Sec.379 to 389 IPC/303(2) TO 308(7) BNS),Jewellery,901,98,108,92,2025-07,-16,-14.814814814814813
190,A - IPC/BNS Crime,THEFT (Sec.379 to 389 IPC/303(2) TO 308(7) BNS),Other Items Not Included Above,994,131,119,155,2025-07,36,30.252100840336134
191,A - IPC/BNS Crime,THEFT (Sec.379 to 389 IPC/303(2) TO 308(7) BNS),In Running Train,30,5,1,4,2025-07,3,300.0
192,A - IPC/BNS Crime,THEFT (Sec.379 to 389 IPC/303(2) TO 308(7) BNS),Extortion,161,23,24,25,2025-07,1,4.166666666666666
193,A - IPC/BNS Crime,THEFT (Sec.379 to 389 IPC/303(2) TO 308(7) BNS),House Theft,1084,168,181,157,2025-07,-24,-13.259668508287293
194,A - IPC/BNS Crime,THEFT (Sec.379 to 389 IPC/303(2) TO 308(7) BNS),Servant Theft,286,46,51,42,2025-07,-9,-17.647058823529413
195,A - IPC/BNS Crime,"RIOTS (Sec.141 to 153 IPC/189(1) TO 189(6),191(1)TO 191(3), 190,192,195 BNS))",Land Dispute,630,81,126,90,2025-07,-36,-28.57142857142857
196,A - IPC/BNS Crime,"RIOTS (Sec.141 to 153 IPC/189(1) TO 189(6),191(1)TO 191(3), 190,192,195 BNS))",Employee - Govt.,1,0,0,1,2025-07,1,100.0
197,A - IPC/BNS Crime,"RIOTS (Sec.141 to 153 IPC/189(1) TO 189(6),191(1)TO 191(3), 190,192,195 BNS))",Labour - Private Sector,1,0,0,1,2025-07,1,100.0
198,A - IPC/BNS Crime,"RIOTS (Sec.141 to 153 IPC/189(1) TO 189(6),191(1)TO 191(3), 190,192,195 BNS))",Labour - Public Sector,1,0,1,0,2025-07,-1,-100.0
199,A - IPC/BNS Crime,"RIOTS (Sec.141 to 153 IPC/189(1) TO 189(6),191(1)TO 191(3), 190,192,195 BNS))",Linguistic,2,0,1,1,2025-07,0,0.0
200,A - IPC/BNS Crime,"RIOTS (Sec.141 to 153 IPC/189(1) TO 189(6),191(1)TO 191(3), 190,192,195 BNS))",Political ,3,0,0,0,2025-07,0,0.0
201,A - IPC/BNS Crime,"RIOTS (Sec.141 to 153 IPC/189(1) TO 189(6),191(1)TO 191(3), 190,192,195 BNS))",Regional,2,0,0,0,2025-07,0,0.0
202,A - IPC/BNS Crime,"RIOTS (Sec.141 to 153 IPC/189(1) TO 189(6),191(1)TO 191(3), 190,192,195 BNS))",Sectarian,0,0,0,0,2025-07,0,0.0
203,A - IPC/BNS Crime,"RIOTS (Sec.141 to 153 IPC/189(1) TO 189(6),191(1)TO 191(3), 190,192,195 BNS))",Students,2,0,0,0,2025-07,0,0.0
204,A - IPC/BNS Crime,"RIOTS (Sec.141 to 153 IPC/189(1) TO 189(6),191(1)TO 191(3), 190,192,195 BNS))",Tribal,0,0,0,0,2025-07,0,0.0
205,A - IPC/BNS Crime,"RIOTS (Sec.141 to 153 IPC/189(1) TO 189(6),191(1)TO 191(3), 190,192,195 BNS))",Due to Village Disputes,9,0,0,0,2025-07,0,0.0
206,A - IPC/BNS Crime,"RIOTS (Sec.141 to 153 IPC/189(1) TO 189(6),191(1)TO 191(3), 190,192,195 BNS))",Communal,4,0,1,1,2025-07,0,0.0
207,A - IPC/BNS Crime,"RIOTS (Sec.141 to 153 IPC/189(1) TO 189(6),191(1)TO 191(3), 190,192,195 BNS))",Industrial,2,0,0,0,2025-07,0,0.0
208,A - IPC/BNS Crime,"RIOTS (Sec.141 to 153 IPC/189(1) TO 189(6),191(1)TO 191(3), 190,192,195 BNS))",Caste,3,0,1,0,2025-07,-1,-100.0
209,A - IPC/BNS Crime,"RIOTS (Sec.141 to 153 IPC/189(1) TO 189(6),191(1)TO 191(3), 190,192,195 BNS))",Agrarian,0,0,0,0,2025-07,0,0.0
210,A - IPC/BNS Crime,"RIOTS (Sec.141 to 153 IPC/189(1) TO 189(6),191(1)TO 191(3), 190,192,195 BNS))",Others,1389,159,228,169,2025-07,-59,-25.877192982456144
211,A - IPC/BNS Crime,"OFFENCES AGAINST STATE (Sec. 121 to 130, except 124(A) IPC/147 TO 158 BNS)",ALL / NOT SPECIFIED,0,0,0,0,2025-07,0,0.0
212,A - IPC/BNS Crime,"OFFENCES PROMOTING ENEMITY (Sec. 153(A), 154(B) & 505 IPC/196, 197 & 353 BNS",ALL / NOT SPECIFIED,114,7,19,12,2025-07,-7,-36.84210526315789
213,A - IPC/BNS Crime,CRIMINAL BREACH OF TRUST (Sec. 406 to 409 IPC/316(2) to 316(5) BNS),ALL / NOT SPECIFIED,413,51,66,67,2025-07,1,1.5151515151515151
214,A - IPC/BNS Crime,"CHEATING (Sec.417 to 420 IPC/318(2)to 318(4), 319(2) BNS)",ALL / NOT SPECIFIED,3350,613,441,502,2025-07,61,13.83219954648526
215,A - IPC/BNS Crime,"COUNTERFEITING (Sec. 231 to 263 (A), 489(A) to 489 (E) IPC/178 TO 185 BNS)","Stock Share, Debentrue Certificate",0,0,0,0,2025-07,0,0.0
216,A - IPC/BNS Crime,"COUNTERFEITING (Sec. 231 to 263 (A), 489(A) to 489 (E) IPC/178 TO 185 BNS)",Usage of Counterfeit Stamp,0,0,0,0,2025-07,0,0.0
217,A - IPC/BNS Crime,"COUNTERFEITING (Sec. 231 to 263 (A), 489(A) to 489 (E) IPC/178 TO 185 BNS)",Of Coins (Sec 231 to 254 IPC/ 178 to 181 BNS),0,0,0,0,2025-07,0,0.0
218,A - IPC/BNS Crime,"COUNTERFEITING (Sec. 231 to 263 (A), 489(A) to 489 (E) IPC/178 TO 185 BNS)","Of Stamps (Sec 255 To 263(A) IPC/179 to 186
BNS)",0,0,0,0,2025-07,0,0.0
219,A - IPC/BNS Crime,"COUNTERFEITING (Sec. 231 to 263 (A), 489(A) to 489 (E) IPC/178 TO 185 BNS)","Of Currency Notes And Bank Notes (Sec 489
(A) To 489 (E) IPC/ 178 to 182 BNS)",23,1,5,4,2025-07,-1,-20.0
220,A - IPC/BNS Crime,"COUNTERFEITING (Sec. 231 to 263 (A), 489(A) to 489 (E) IPC/178 TO 185 BNS)",Of Others,0,0,0,0,2025-07,0,0.0
221,A - IPC/BNS Crime,"FORGERY (Sec. 465, 468, 471, 473, 476, 477 & 477(A) IPC/336(2),336(3),340(2),341(2),342(2),343,
344 BNS)",Forgery  ,252,41,36,38,2025-07,2,5.555555555555555
222,A - IPC/BNS Crime,"FORGERY (Sec. 465, 468, 471, 473, 476, 477 & 477(A) IPC/336(2),336(3),340(2),341(2),342(2),343,
344 BNS)",Organised (Racket),0,0,0,0,2025-07,0,0.0
223,A - IPC/BNS Crime,"FORGERY (Sec. 465, 468, 471, 473, 476, 477 & 477(A) IPC/336(2),336(3),340(2),341(2),342(2),343,
344 BNS)",Forgery of Passport,0,0,0,0,2025-07,0,0.0
224,A - IPC/BNS Crime,"FORGERY (Sec. 465, 468, 471, 473, 476, 477 & 477(A) IPC/336(2),336(3),340(2),341(2),342(2),343,
344 BNS)",Other Forgery,101,8,11,12,2025-07,1,9.090909090909092
225,A - IPC/BNS Crime,"CASES OF HURT (Sec. 323 to 335 IPC except 328, 332, 333/115(2) TO 122(2) EXCEPT 121(1),121(2) BNS)",Acid Attack (326(a) IPC/124(1) BNS),1,0,1,0,2025-07,-1,-100.0
226,A - IPC/BNS Crime,"CASES OF HURT (Sec. 323 to 335 IPC except 328, 332, 333/115(2) TO 122(2) EXCEPT 121(1),121(2) BNS)","Attempt to Acid Attack  (326(b) IPC/ 124(2)
BNS",7,0,0,2,2025-07,2,200.0
227,A - IPC/BNS Crime,"CASES OF HURT (Sec. 323 to 335 IPC except 328, 332, 333/115(2) TO 122(2) EXCEPT 121(1),121(2) BNS)",Grievous Hurt,715,105,98,91,2025-07,-7,-7.142857142857142
228,A - IPC/BNS Crime,"CASES OF HURT (Sec. 323 to 335 IPC except 328, 332, 333/115(2) TO 122(2) EXCEPT 121(1),121(2) BNS)",Simple Hurt,9114,1080,1337,1261,2025-07,-76,-5.68436798803291
229,A - IPC/BNS Crime,"CASES OF HURT (Sec. 323 to 335 IPC except 328, 332, 333/115(2) TO 122(2) EXCEPT 121(1),121(2) BNS)",Custodial,1,0,0,0,2025-07,0,0.0
230,A - IPC/BNS Crime,"ADULTERATION (Sec. 272, 273 to 276 IPC/274,275 TO 278 BNS)",Attempt to Commit,0,0,0,0,2025-07,0,0.0
231,A - IPC/BNS Crime,"ADULTERATION (Sec. 272, 273 to 276 IPC/274,275 TO 278 BNS)",Alcoholic Drink (Liquor),4,1,0,0,2025-07,0,0.0
232,A - IPC/BNS Crime,"ADULTERATION (Sec. 272, 273 to 276 IPC/274,275 TO 278 BNS)",Cement & Chemical/Fertiliser,0,0,0,0,2025-07,0,0.0
233,A - IPC/BNS Crime,"ADULTERATION (Sec. 272, 273 to 276 IPC/274,275 TO 278 BNS)",Cosmetics,0,0,0,0,2025-07,0,0.0
234,A - IPC/BNS Crime,"ADULTERATION (Sec. 272, 273 to 276 IPC/274,275 TO 278 BNS)",Diesel,0,0,0,0,2025-07,0,0.0
235,A - IPC/BNS Crime,"ADULTERATION (Sec. 272, 273 to 276 IPC/274,275 TO 278 BNS)",Drug/Medicine,3,0,1,0,2025-07,-1,-100.0
236,A - IPC/BNS Crime,"ADULTERATION (Sec. 272, 273 to 276 IPC/274,275 TO 278 BNS)",Edible Oil,0,0,0,0,2025-07,0,0.0
237,A - IPC/BNS Crime,"ADULTERATION (Sec. 272, 273 to 276 IPC/274,275 TO 278 BNS)",Food Grain,1,0,0,0,2025-07,0,0.0
238,A - IPC/BNS Crime,"ADULTERATION (Sec. 272, 273 to 276 IPC/274,275 TO 278 BNS)",Kerosene,0,0,0,0,2025-07,0,0.0
239,A - IPC/BNS Crime,"ADULTERATION (Sec. 272, 273 to 276 IPC/274,275 TO 278 BNS)",Life Saving Drug,0,0,0,0,2025-07,0,0.0
240,A - IPC/BNS Crime,"ADULTERATION (Sec. 272, 273 to 276 IPC/274,275 TO 278 BNS)",Mobile Oil,0,0,0,0,2025-07,0,0.0
241,A - IPC/BNS Crime,"ADULTERATION (Sec. 272, 273 to 276 IPC/274,275 TO 278 BNS)",Petrol,0,0,0,0,2025-07,0,0.0
242,A - IPC/BNS Crime,"ADULTERATION (Sec. 272, 273 to 276 IPC/274,275 TO 278 BNS)",Petroleum Product,0,0,0,0,2025-07,0,0.0
243,A - IPC/BNS Crime,"ADULTERATION (Sec. 272, 273 to 276 IPC/274,275 TO 278 BNS)",Soft Drinks,0,0,0,0,2025-07,0,0.0
244,A - IPC/BNS Crime,"ADULTERATION (Sec. 272, 273 to 276 IPC/274,275 TO 278 BNS)",Spices,0,0,0,0,2025-07,0,0.0
245,A - IPC/BNS Crime,"ADULTERATION (Sec. 272, 273 to 276 IPC/274,275 TO 278 BNS)",Others,7,2,1,2,2025-07,1,100.0
246,A - IPC/BNS Crime,AFFRAY (Sec. 160 IPC/194(2) BNS),ALL / NOT SPECIFIED,420,38,50,72,2025-07,22,44.0
247,A - IPC/BNS Crime,"ARSON (Sec. 435, 436, 438 IPC/326(f),326(g),327(g) BNS)",Agricultural Produce,30,1,2,3,2025-07,1,50.0
248,A - IPC/BNS Crime,"ARSON (Sec. 435, 436, 438 IPC/326(f),326(g),327(g) BNS)",Attemp to Commit,0,0,0,0,2025-07,0,0.0
249,A - IPC/BNS Crime,"ARSON (Sec. 435, 436, 438 IPC/326(f),326(g),327(g) BNS)",Boat / Ship,0,0,0,0,2025-07,0,0.0
250,A - IPC/BNS Crime,"ARSON (Sec. 435, 436, 438 IPC/326(f),326(g),327(g) BNS)",Dwelling House,10,3,2,3,2025-07,1,50.0
251,A - IPC/BNS Crime,"ARSON (Sec. 435, 436, 438 IPC/326(f),326(g),327(g) BNS)",Educational Institution,1,0,0,0,2025-07,0,0.0
252,A - IPC/BNS Crime,"ARSON (Sec. 435, 436, 438 IPC/326(f),326(g),327(g) BNS)",Govt. Property,3,1,0,0,2025-07,0,0.0
253,A - IPC/BNS Crime,"ARSON (Sec. 435, 436, 438 IPC/326(f),326(g),327(g) BNS)",Industrial Establishment,0,1,0,0,2025-07,0,0.0
254,A - IPC/BNS Crime,"ARSON (Sec. 435, 436, 438 IPC/326(f),326(g),327(g) BNS)",Place of worship,1,0,0,0,2025-07,0,0.0
255,A - IPC/BNS Crime,"ARSON (Sec. 435, 436, 438 IPC/326(f),326(g),327(g) BNS)",Public Place,7,1,0,1,2025-07,1,100.0
256,A - IPC/BNS Crime,"ARSON (Sec. 435, 436, 438 IPC/326(f),326(g),327(g) BNS)",Railway Property,0,0,0,0,2025-07,0,0.0
257,A - IPC/BNS Crime,"ARSON (Sec. 435, 436, 438 IPC/326(f),326(g),327(g) BNS)",Vital Installation,0,0,0,0,2025-07,0,0.0
258,A - IPC/BNS Crime,"ARSON (Sec. 435, 436, 438 IPC/326(f),326(g),327(g) BNS)",Warehouse (Godown),2,0,0,0,2025-07,0,0.0
259,A - IPC/BNS Crime,"ARSON (Sec. 435, 436, 438 IPC/326(f),326(g),327(g) BNS)",Others,67,4,7,6,2025-07,-1,-14.285714285714285
260,A - IPC/BNS Crime,"ASSAULT (Sec 356, 357 IPC/134,135 BNS)",Attempt To Commit,4,0,1,0,2025-07,-1,-100.0
261,A - IPC/BNS Crime,"ASSAULT (Sec 356, 357 IPC/134,135 BNS)",On Contractor,0,0,0,0,2025-07,0,0.0
262,A - IPC/BNS Crime,"ASSAULT (Sec 356, 357 IPC/134,135 BNS)",On Domestic Servant,0,0,0,0,2025-07,0,0.0
263,A - IPC/BNS Crime,"ASSAULT (Sec 356, 357 IPC/134,135 BNS)",On Labourer,1,0,0,0,2025-07,0,0.0
264,A - IPC/BNS Crime,"ASSAULT (Sec 356, 357 IPC/134,135 BNS)",On Man (General),8,0,1,1,2025-07,0,0.0
265,A - IPC/BNS Crime,"ASSAULT (Sec 356, 357 IPC/134,135 BNS)",On Man (SC),0,0,0,0,2025-07,0,0.0
266,A - IPC/BNS Crime,"ASSAULT (Sec 356, 357 IPC/134,135 BNS)",On Man (ST),0,0,0,0,2025-07,0,0.0
267,A - IPC/BNS Crime,"ASSAULT (Sec 356, 357 IPC/134,135 BNS)",On Manager/Executive (Other Than Public Servant),0,0,0,0,2025-07,0,0.0
268,A - IPC/BNS Crime,"ASSAULT (Sec 356, 357 IPC/134,135 BNS)","On Member of Clergy (Christian, Budhist, Jain, Sikh)",0,0,0,0,2025-07,0,0.0
269,A - IPC/BNS Crime,"ASSAULT (Sec 356, 357 IPC/134,135 BNS)",Member of Legislative Assembly / Council (MLA/MLC),0,0,0,0,2025-07,0,0.0
270,A - IPC/BNS Crime,"ASSAULT (Sec 356, 357 IPC/134,135 BNS)",On Member of Parliament (MP),0,0,0,0,2025-07,0,0.0
271,A - IPC/BNS Crime,"ASSAULT (Sec 356, 357 IPC/134,135 BNS)",On other Dignitaries /Public Figures,1,0,0,1,2025-07,1,100.0
272,A - IPC/BNS Crime,"ASSAULT (Sec 356, 357 IPC/134,135 BNS)",On Press,0,0,0,0,2025-07,0,0.0
273,A - IPC/BNS Crime,"ASSAULT (Sec 356, 357 IPC/134,135 BNS)",On Professional ,0,0,0,0,2025-07,0,0.0
274,A - IPC/BNS Crime,"ASSAULT (Sec 356, 357 IPC/134,135 BNS)",On Public Servant,0,0,0,0,2025-07,0,0.0
275,A - IPC/BNS Crime,"ASSAULT (Sec 356, 357 IPC/134,135 BNS)",On Student,0,0,0,0,2025-07,0,0.0
276,A - IPC/BNS Crime,"ASSAULT (Sec 356, 357 IPC/134,135 BNS)",On Teacher,0,0,0,0,2025-07,0,0.0
277,A - IPC/BNS Crime,"ASSAULT (Sec 356, 357 IPC/134,135 BNS)",On Women (General),0,1,0,0,2025-07,0,0.0
278,A - IPC/BNS Crime,"ASSAULT (Sec 356, 357 IPC/134,135 BNS)",On Woman (SC),0,0,0,0,2025-07,0,0.0
279,A - IPC/BNS Crime,"ASSAULT (Sec 356, 357 IPC/134,135 BNS)",On Woman (ST),0,0,0,0,2025-07,0,0.0
280,A - IPC/BNS Crime,COMMUNAL / RELIGION (Sec. 295 to 297 IPC/298 TO 301 BNS),Attempt to Commit,1,0,0,0,2025-07,0,0.0
281,A - IPC/BNS Crime,COMMUNAL / RELIGION (Sec. 295 to 297 IPC/298 TO 301 BNS),Caste Issue,3,2,1,0,2025-07,-1,-100.0
282,A - IPC/BNS Crime,COMMUNAL / RELIGION (Sec. 295 to 297 IPC/298 TO 301 BNS),Communal Issue,26,2,4,1,2025-07,-3,-75.0
283,A - IPC/BNS Crime,COMMUNAL / RELIGION (Sec. 295 to 297 IPC/298 TO 301 BNS),Linguistic Issue,0,0,0,0,2025-07,0,0.0
284,A - IPC/BNS Crime,COMMUNAL / RELIGION (Sec. 295 to 297 IPC/298 TO 301 BNS),Political Issue,1,0,0,1,2025-07,1,100.0
285,A - IPC/BNS Crime,COMMUNAL / RELIGION (Sec. 295 to 297 IPC/298 TO 301 BNS),Racial/Ethnic Issue,0,0,0,0,2025-07,0,0.0
286,A - IPC/BNS Crime,COMMUNAL / RELIGION (Sec. 295 to 297 IPC/298 TO 301 BNS),Regional Issue,9,0,0,0,2025-07,0,0.0
287,A - IPC/BNS Crime,COMMUNAL / RELIGION (Sec. 295 to 297 IPC/298 TO 301 BNS),Religious Issue,58,9,5,6,2025-07,1,20.0
288,A - IPC/BNS Crime,COMMUNAL / RELIGION (Sec. 295 to 297 IPC/298 TO 301 BNS),Sectarian Issue,0,0,0,0,2025-07,0,0.0
289,A - IPC/BNS Crime,COMMUNAL / RELIGION (Sec. 295 to 297 IPC/298 TO 301 BNS),Others,53,2,9,5,2025-07,-4,-44.44444444444444
290,A - IPC/BNS Crime,"CRIMINAL CONSPIRACY (Sec. 120(B), 121(A) IPC/61(2),148 BNS)",Conspiracy To Wage War,0,0,0,0,2025-07,0,0.0
291,A - IPC/BNS Crime,"CRIMINAL CONSPIRACY (Sec. 120(B), 121(A) IPC/61(2),148 BNS)",Related to Substantive Offence,0,0,0,0,2025-07,0,0.0
292,A - IPC/BNS Crime,"CRIMINAL CONSPIRACY (Sec. 120(B), 121(A) IPC/61(2),148 BNS)",Others,9,0,1,0,2025-07,-1,-100.0
293,A - IPC/BNS Crime,CRIMINAL INTIMIDATION (Sec. 504 to 508 IPC/352 TO 354 BNS),ALL / NOT SPECIFIED,1893,237,292,263,2025-07,-29,-9.931506849315069
294,A - IPC/BNS Crime,"CRIMINAL MISAPPROPRIATION (Sec. 403, 404 IPC/314,315 BNS)",Attempt to Commit,0,0,0,0,2025-07,0,0.0
295,A - IPC/BNS Crime,"CRIMINAL MISAPPROPRIATION (Sec. 403, 404 IPC/314,315 BNS)",Bank,1,0,0,0,2025-07,0,0.0
296,A - IPC/BNS Crime,"CRIMINAL MISAPPROPRIATION (Sec. 403, 404 IPC/314,315 BNS)",Business Establishment,1,0,0,0,2025-07,0,0.0
297,A - IPC/BNS Crime,"CRIMINAL MISAPPROPRIATION (Sec. 403, 404 IPC/314,315 BNS)",Charitable Organisation,0,0,0,0,2025-07,0,0.0
298,A - IPC/BNS Crime,"CRIMINAL MISAPPROPRIATION (Sec. 403, 404 IPC/314,315 BNS)",Chitfund Organisation,0,0,0,0,2025-07,0,0.0
299,A - IPC/BNS Crime,"CRIMINAL MISAPPROPRIATION (Sec. 403, 404 IPC/314,315 BNS)",Co-operative Organisation,3,0,1,0,2025-07,-1,-100.0
300,A - IPC/BNS Crime,"CRIMINAL MISAPPROPRIATION (Sec. 403, 404 IPC/314,315 BNS)",Commercial Establishment/Shop,0,0,0,0,2025-07,0,0.0
301,A - IPC/BNS Crime,"CRIMINAL MISAPPROPRIATION (Sec. 403, 404 IPC/314,315 BNS)",Customs Department,0,0,0,0,2025-07,0,0.0
302,A - IPC/BNS Crime,"CRIMINAL MISAPPROPRIATION (Sec. 403, 404 IPC/314,315 BNS)",Excise Department,0,0,0,0,2025-07,0,0.0
303,A - IPC/BNS Crime,"CRIMINAL MISAPPROPRIATION (Sec. 403, 404 IPC/314,315 BNS)",Financial Institution,0,0,0,0,2025-07,0,0.0
304,A - IPC/BNS Crime,"CRIMINAL MISAPPROPRIATION (Sec. 403, 404 IPC/314,315 BNS)",Income Tax Department,0,0,0,0,2025-07,0,0.0
305,A - IPC/BNS Crime,"CRIMINAL MISAPPROPRIATION (Sec. 403, 404 IPC/314,315 BNS)",Other Government Organisation,1,0,0,0,2025-07,0,0.0
306,A - IPC/BNS Crime,"CRIMINAL MISAPPROPRIATION (Sec. 403, 404 IPC/314,315 BNS)",Postal Department,0,0,0,0,2025-07,0,0.0
307,A - IPC/BNS Crime,"CRIMINAL MISAPPROPRIATION (Sec. 403, 404 IPC/314,315 BNS)",Public Sector Undertakings,0,0,0,0,2025-07,0,0.0
308,A - IPC/BNS Crime,"CRIMINAL MISAPPROPRIATION (Sec. 403, 404 IPC/314,315 BNS)",Railway Department,0,0,0,0,2025-07,0,0.0
309,A - IPC/BNS Crime,"CRIMINAL MISAPPROPRIATION (Sec. 403, 404 IPC/314,315 BNS)",Revenue Department,0,0,0,0,2025-07,0,0.0
310,A - IPC/BNS Crime,"CRIMINAL MISAPPROPRIATION (Sec. 403, 404 IPC/314,315 BNS)",Sales Tax Department,0,0,0,0,2025-07,0,0.0
311,A - IPC/BNS Crime,"CRIMINAL MISAPPROPRIATION (Sec. 403, 404 IPC/314,315 BNS)",Social Organisation (Aided) (N),0,0,0,0,2025-07,0,0.0
312,A - IPC/BNS Crime,"CRIMINAL MISAPPROPRIATION (Sec. 403, 404 IPC/314,315 BNS)",Transport Authority,0,0,0,0,2025-07,0,0.0
313,A - IPC/BNS Crime,"CRIMINAL MISAPPROPRIATION (Sec. 403, 404 IPC/314,315 BNS)",Trust - Other than religious,1,0,1,0,2025-07,-1,-100.0
314,A - IPC/BNS Crime,"CRIMINAL MISAPPROPRIATION (Sec. 403, 404 IPC/314,315 BNS)",Trust - Religious,0,0,0,0,2025-07,0,0.0
315,A - IPC/BNS Crime,"CRIMINAL MISAPPROPRIATION (Sec. 403, 404 IPC/314,315 BNS)",Others,3,1,1,0,2025-07,-1,-100.0
316,A - IPC/BNS Crime,CRIMINAL TRESPASS (Sec.447 to 452 IPC/329(3) TO 333 BNS),Attempt to Commit,8,0,1,3,2025-07,2,200.0
317,A - IPC/BNS Crime,CRIMINAL TRESPASS (Sec.447 to 452 IPC/329(3) TO 333 BNS),Club,3,0,0,0,2025-07,0,0.0
318,A - IPC/BNS Crime,CRIMINAL TRESPASS (Sec.447 to 452 IPC/329(3) TO 333 BNS),Hostel,2,1,0,1,2025-07,1,100.0
319,A - IPC/BNS Crime,CRIMINAL TRESPASS (Sec.447 to 452 IPC/329(3) TO 333 BNS),Hotel,5,1,0,1,2025-07,1,100.0
320,A - IPC/BNS Crime,CRIMINAL TRESPASS (Sec.447 to 452 IPC/329(3) TO 333 BNS),House,435,51,63,60,2025-07,-3,-4.761904761904762
321,A - IPC/BNS Crime,CRIMINAL TRESPASS (Sec.447 to 452 IPC/329(3) TO 333 BNS),Land,1016,141,174,195,2025-07,21,12.068965517241379
322,A - IPC/BNS Crime,CRIMINAL TRESPASS (Sec.447 to 452 IPC/329(3) TO 333 BNS),Office,39,4,6,6,2025-07,0,0.0
323,A - IPC/BNS Crime,CRIMINAL TRESPASS (Sec.447 to 452 IPC/329(3) TO 333 BNS),Prohibited Places,8,1,1,0,2025-07,-1,-100.0
324,A - IPC/BNS Crime,CRIMINAL TRESPASS (Sec.447 to 452 IPC/329(3) TO 333 BNS),Religious Place,4,1,0,2,2025-07,2,200.0
325,A - IPC/BNS Crime,CRIMINAL TRESPASS (Sec.447 to 452 IPC/329(3) TO 333 BNS),Restricted Area,5,0,0,0,2025-07,0,0.0
326,A - IPC/BNS Crime,CRIMINAL TRESPASS (Sec.447 to 452 IPC/329(3) TO 333 BNS),Others,122,15,14,20,2025-07,6,42.857142857142854
327,A - IPC/BNS Crime,CRUELTY BY HUSBAND (Sec. 498(A) IPC/85 BNS),Husband ,603,79,89,91,2025-07,2,2.247191011235955
328,A - IPC/BNS Crime,CRUELTY BY HUSBAND (Sec. 498(A) IPC/85 BNS),Husband And Relative(S) in Law,767,116,119,116,2025-07,-3,-2.5210084033613445
329,A - IPC/BNS Crime,CRUELTY BY HUSBAND (Sec. 498(A) IPC/85 BNS),Relative(S) in Law,18,1,1,4,2025-07,3,300.0
330,A - IPC/BNS Crime,CRUELTY BY HUSBAND (Sec. 498(A) IPC/85 BNS),Dowry Harassment,289,23,40,51,2025-07,11,27.500000000000004
331,A - IPC/BNS Crime,DOWRY DEATHS (Sec.304(B) IPC/80 BNS),By Husband  ,2,1,0,1,2025-07,1,100.0
332,A - IPC/BNS Crime,DOWRY DEATHS (Sec.304(B) IPC/80 BNS),By Husband And Relatives In Law,24,5,1,2,2025-07,1,100.0
333,A - IPC/BNS Crime,DOWRY DEATHS (Sec.304(B) IPC/80 BNS),By Relatives in Law,1,0,0,0,2025-07,0,0.0
334,A - IPC/BNS Crime,DOWRY DEATHS (Sec.304(B) IPC/80 BNS),By Burning,1,0,0,0,2025-07,0,0.0
335,A - IPC/BNS Crime,DOWRY DEATHS (Sec.304(B) IPC/80 BNS),By Hanging,36,4,6,6,2025-07,0,0.0
336,A - IPC/BNS Crime,DOWRY DEATHS (Sec.304(B) IPC/80 BNS),By Other Means,6,0,0,3,2025-07,3,300.0
337,A - IPC/BNS Crime,DEATHS DUE TO RASHNESS/NEGLIGENCE (Sec.304(A) IPC/106 BNS),Electrocution,11,2,2,0,2025-07,-2,-100.0
338,A - IPC/BNS Crime,DEATHS DUE TO RASHNESS/NEGLIGENCE (Sec.304(A) IPC/106 BNS),Adulterated Food/Drug,0,0,0,0,2025-07,0,0.0
339,A - IPC/BNS Crime,DEATHS DUE TO RASHNESS/NEGLIGENCE (Sec.304(A) IPC/106 BNS),Accident by Air,0,0,0,0,2025-07,0,0.0
340,A - IPC/BNS Crime,DEATHS DUE TO RASHNESS/NEGLIGENCE (Sec.304(A) IPC/106 BNS),Boad Accident,0,0,0,0,2025-07,0,0.0
341,A - IPC/BNS Crime,DEATHS DUE TO RASHNESS/NEGLIGENCE (Sec.304(A) IPC/106 BNS),Bridge/Dam Collapse,1,0,1,0,2025-07,-1,-100.0
342,A - IPC/BNS Crime,DEATHS DUE TO RASHNESS/NEGLIGENCE (Sec.304(A) IPC/106 BNS),Building Collapse,2,0,0,0,2025-07,0,0.0
343,A - IPC/BNS Crime,DEATHS DUE TO RASHNESS/NEGLIGENCE (Sec.304(A) IPC/106 BNS),Caused By Animal,1,0,0,0,2025-07,0,0.0
344,A - IPC/BNS Crime,DEATHS DUE TO RASHNESS/NEGLIGENCE (Sec.304(A) IPC/106 BNS),Death Due to Other Cause,40,7,7,6,2025-07,-1,-14.285714285714285
345,A - IPC/BNS Crime,DEATHS DUE TO RASHNESS/NEGLIGENCE (Sec.304(A) IPC/106 BNS),Electrocution Accident,26,8,5,4,2025-07,-1,-20.0
346,A - IPC/BNS Crime,DEATHS DUE TO RASHNESS/NEGLIGENCE (Sec.304(A) IPC/106 BNS),Explosion Accident,0,0,0,0,2025-07,0,0.0
347,A - IPC/BNS Crime,DEATHS DUE TO RASHNESS/NEGLIGENCE (Sec.304(A) IPC/106 BNS),Fire accident,0,0,0,0,2025-07,0,0.0
348,A - IPC/BNS Crime,DEATHS DUE TO RASHNESS/NEGLIGENCE (Sec.304(A) IPC/106 BNS),Gas Leakage Accident,2,0,1,0,2025-07,-1,-100.0
349,A - IPC/BNS Crime,DEATHS DUE TO RASHNESS/NEGLIGENCE (Sec.304(A) IPC/106 BNS),Improper Infrastucture In Construction,43,9,6,5,2025-07,-1,-16.666666666666664
350,A - IPC/BNS Crime,DEATHS DUE TO RASHNESS/NEGLIGENCE (Sec.304(A) IPC/106 BNS),Improper Medical Treatment,4,0,0,1,2025-07,1,100.0
351,A - IPC/BNS Crime,DEATHS DUE TO RASHNESS/NEGLIGENCE (Sec.304(A) IPC/106 BNS),In Custody of Public Servant,0,0,0,0,2025-07,0,0.0
352,A - IPC/BNS Crime,DEATHS DUE TO RASHNESS/NEGLIGENCE (Sec.304(A) IPC/106 BNS),In Jail/Judicial Custody,0,0,0,0,2025-07,0,0.0
353,A - IPC/BNS Crime,DEATHS DUE TO RASHNESS/NEGLIGENCE (Sec.304(A) IPC/106 BNS),In Police Custody,0,0,0,0,2025-07,0,0.0
354,A - IPC/BNS Crime,DEATHS DUE TO RASHNESS/NEGLIGENCE (Sec.304(A) IPC/106 BNS),Industrial Accident (Factory),5,0,1,2,2025-07,1,100.0
355,A - IPC/BNS Crime,DEATHS DUE TO RASHNESS/NEGLIGENCE (Sec.304(A) IPC/106 BNS),Inflammable Substance,0,0,0,0,2025-07,0,0.0
356,A - IPC/BNS Crime,DEATHS DUE TO RASHNESS/NEGLIGENCE (Sec.304(A) IPC/106 BNS),Mine Accident,2,0,0,0,2025-07,0,0.0
357,A - IPC/BNS Crime,DEATHS DUE TO RASHNESS/NEGLIGENCE (Sec.304(A) IPC/106 BNS),Poisonous Substance,0,0,0,0,2025-07,0,0.0
358,A - IPC/BNS Crime,DEATHS DUE TO RASHNESS/NEGLIGENCE (Sec.304(A) IPC/106 BNS),Quarry Accident,0,0,0,0,2025-07,0,0.0
359,A - IPC/BNS Crime,DEATHS DUE TO RASHNESS/NEGLIGENCE (Sec.304(A) IPC/106 BNS),Spurious Liquor (Hooch) Accident,0,1,0,0,2025-07,0,0.0
360,A - IPC/BNS Crime,DEATHS DUE TO RASHNESS/NEGLIGENCE (Sec.304(A) IPC/106 BNS),Railway Accident,0,0,0,0,2025-07,0,0.0
361,A - IPC/BNS Crime,DEATHS DUE TO RASHNESS/NEGLIGENCE (Sec.304(A) IPC/106 BNS),Others,54,4,10,6,2025-07,-4,-40.0
362,A - IPC/BNS Crime,MOTOR VEHICLE ACCIDENTS FATAL (Sec.304(A) IPC/106 BNS),National Highways,2354,290,327,252,2025-07,-75,-22.93577981651376
363,A - IPC/BNS Crime,MOTOR VEHICLE ACCIDENTS FATAL (Sec.304(A) IPC/106 BNS),State Highways,1845,208,219,206,2025-07,-13,-5.93607305936073
364,A - IPC/BNS Crime,MOTOR VEHICLE ACCIDENTS FATAL (Sec.304(A) IPC/106 BNS),Other Roads,2451,297,310,283,2025-07,-27,-8.709677419354838
365,A - IPC/BNS Crime,MOTOR VEHICLE ACCIDENTS FATAL (Sec.304(A) IPC/106 BNS),Other Places,92,10,11,6,2025-07,-5,-45.45454545454545
366,A - IPC/BNS Crime,"MOTOR VEHICLE ACCIDENTS NON-FATAL (Sec.279, 337, 338 IPC/281,125(a),125(b) BNS)",National Highways,5975,747,806,776,2025-07,-30,-3.722084367245657
367,A - IPC/BNS Crime,"MOTOR VEHICLE ACCIDENTS NON-FATAL (Sec.279, 337, 338 IPC/281,125(a),125(b) BNS)",State Highways,4204,507,543,526,2025-07,-17,-3.1307550644567224
368,A - IPC/BNS Crime,"MOTOR VEHICLE ACCIDENTS NON-FATAL (Sec.279, 337, 338 IPC/281,125(a),125(b) BNS)",Other Roads,7981,1028,1165,1134,2025-07,-31,-2.6609442060085837
369,A - IPC/BNS Crime,"MOTOR VEHICLE ACCIDENTS NON-FATAL (Sec.279, 337, 338 IPC/281,125(a),125(b) BNS)",Other Places,247,21,27,26,2025-07,-1,-3.7037037037037033
370,A - IPC/BNS Crime,"DEATHS-MISCARRIAGE (Sec.312, 313, 314 IPC/88,89,90 BNS)",Child,12,1,3,1,2025-07,-2,-66.66666666666666
371,A - IPC/BNS Crime,"DEATHS-MISCARRIAGE (Sec.312, 313, 314 IPC/88,89,90 BNS)",Woman,1,1,0,0,2025-07,0,0.0
372,A - IPC/BNS Crime,"DEATHS-MISCARRIAGE (Sec.312, 313, 314 IPC/88,89,90 BNS)",Women and Child,0,0,0,0,2025-07,0,0.0
373,A - IPC/BNS Crime,"DEFENCE FORCES OFFENCES RELATING (also relating to desertion) (Sec.131 to 140, except 136 IPC/159 TO 168 EXCEPT 164 BNS)",Air Force,0,0,0,0,2025-07,0,0.0
374,A - IPC/BNS Crime,"DEFENCE FORCES OFFENCES RELATING (also relating to desertion) (Sec.131 to 140, except 136 IPC/159 TO 168 EXCEPT 164 BNS)",Army,0,0,0,0,2025-07,0,0.0
375,A - IPC/BNS Crime,"DEFENCE FORCES OFFENCES RELATING (also relating to desertion) (Sec.131 to 140, except 136 IPC/159 TO 168 EXCEPT 164 BNS)",Navy,0,0,0,0,2025-07,0,0.0
376,A - IPC/BNS Crime,"ESCAPE FROM LAWFUL CUSTODY AND RESISTANCE (Sec.224, 225, 225(B) IPC/262,263,265 BNS)",From Jail Custody,5,3,1,0,2025-07,-1,-100.0
377,A - IPC/BNS Crime,"ESCAPE FROM LAWFUL CUSTODY AND RESISTANCE (Sec.224, 225, 225(B) IPC/262,263,265 BNS)",From Police Custody,11,1,0,3,2025-07,3,300.0
378,A - IPC/BNS Crime,"ESCAPE FROM LAWFUL CUSTODY AND RESISTANCE (Sec.224, 225, 225(B) IPC/262,263,265 BNS)",Others,6,0,0,3,2025-07,3,300.0
379,A - IPC/BNS Crime,"IMPERSONATION (Sec.170, 171 IPC/204,205 BNS)",Attempt to Commit,5,0,1,0,2025-07,-1,-100.0
380,A - IPC/BNS Crime,"IMPERSONATION (Sec.170, 171 IPC/204,205 BNS)",Non-Uniformed Authority,2,0,0,0,2025-07,0,0.0
381,A - IPC/BNS Crime,"IMPERSONATION (Sec.170, 171 IPC/204,205 BNS)",Uniformed Authority,2,0,0,0,2025-07,0,0.0
382,A - IPC/BNS Crime,"MISCHIEF (Sec.427 to 440 except 434, 435, 436, 438 IPC/324(4) TO 324(6) BNS)",ALL / NOT SPECIFIED,275,33,38,44,2025-07,6,15.789473684210526
383,A - IPC/BNS Crime,MOLESTATION (Sec.354 IPC/74 BNS),Attempt to Commit,39,6,9,8,2025-07,-1,-11.11111111111111
384,A - IPC/BNS Crime,MOLESTATION (Sec.354 IPC/74 BNS),Private Place,566,81,92,94,2025-07,2,2.1739130434782608
385,A - IPC/BNS Crime,MOLESTATION (Sec.354 IPC/74 BNS),Public Conveyance,3,0,0,1,2025-07,1,100.0
386,A - IPC/BNS Crime,MOLESTATION (Sec.354 IPC/74 BNS),Public Place,1267,160,177,166,2025-07,-11,-6.214689265536723
387,A - IPC/BNS Crime,MOLESTATION (Sec.354 IPC/74 BNS),Other Places,1578,183,247,218,2025-07,-29,-11.740890688259109
388,A - IPC/BNS Crime,POISONING-PROFESSIONAL (Sec. 328 IPC/123 BNS),Attempt to Commit,8,1,2,1,2025-07,-1,-50.0
389,A - IPC/BNS Crime,POISONING-PROFESSIONAL (Sec. 328 IPC/123 BNS),Fatal,0,0,0,0,2025-07,0,0.0
390,A - IPC/BNS Crime,POISONING-PROFESSIONAL (Sec. 328 IPC/123 BNS),Non Fatal,2,1,0,0,2025-07,0,0.0
391,A - IPC/BNS Crime,PORNOGRAPHY (Sec.292 to 294 IPC/294 TO 296 BNS),Advertisement,0,0,0,0,2025-07,0,0.0
392,A - IPC/BNS Crime,PORNOGRAPHY (Sec.292 to 294 IPC/294 TO 296 BNS),Audio Tape,1,0,0,1,2025-07,1,100.0
393,A - IPC/BNS Crime,PORNOGRAPHY (Sec.292 to 294 IPC/294 TO 296 BNS),Book,0,0,0,0,2025-07,0,0.0
394,A - IPC/BNS Crime,PORNOGRAPHY (Sec.292 to 294 IPC/294 TO 296 BNS),Computer Software,0,0,0,0,2025-07,0,0.0
395,A - IPC/BNS Crime,PORNOGRAPHY (Sec.292 to 294 IPC/294 TO 296 BNS),Figures,0,0,0,0,2025-07,0,0.0
396,A - IPC/BNS Crime,PORNOGRAPHY (Sec.292 to 294 IPC/294 TO 296 BNS),Film (Blue),0,0,0,0,2025-07,0,0.0
397,A - IPC/BNS Crime,PORNOGRAPHY (Sec.292 to 294 IPC/294 TO 296 BNS),Painting,0,0,0,0,2025-07,0,0.0
398,A - IPC/BNS Crime,PORNOGRAPHY (Sec.292 to 294 IPC/294 TO 296 BNS),Pamphlet,0,0,0,0,2025-07,0,0.0
399,A - IPC/BNS Crime,PORNOGRAPHY (Sec.292 to 294 IPC/294 TO 296 BNS),Paper,1,0,0,0,2025-07,0,0.0
400,A - IPC/BNS Crime,PORNOGRAPHY (Sec.292 to 294 IPC/294 TO 296 BNS),Photography,0,0,0,0,2025-07,0,0.0
401,A - IPC/BNS Crime,PORNOGRAPHY (Sec.292 to 294 IPC/294 TO 296 BNS),Poster,6,0,3,3,2025-07,0,0.0
402,A - IPC/BNS Crime,PORNOGRAPHY (Sec.292 to 294 IPC/294 TO 296 BNS),Video Film(Blue),1,0,0,1,2025-07,1,100.0
403,A - IPC/BNS Crime,PORNOGRAPHY (Sec.292 to 294 IPC/294 TO 296 BNS),Others,7,0,0,4,2025-07,4,400.0
404,A - IPC/BNS Crime,PUBLIC JUSTICE (Sec.213 to 215 IPC/250 TO 252 BNS),ALL / NOT SPECIFIED,3,1,0,1,2025-07,1,100.0
405,A - IPC/BNS Crime,"PUBLIC NUISANCE (Sec.291 and 510 IPC/293,355 BNS)",ALL / NOT SPECIFIED,132,14,23,24,2025-07,1,4.3478260869565215
406,A - IPC/BNS Crime,"PUBLIC SAFETY (Sec.269 to 271, 277, 283, 289 IPC/271 to 273, 279,285,291 BNS)",ALL / NOT SPECIFIED,1797,135,264,388,2025-07,124,46.96969696969697
407,A - IPC/BNS Crime,"OFFENCES AGAINST PUBLIC SERVANTS (Public servant is a victim) (Sec 182-188, 332, 333, 353 IPC/217-223,121(1),121(2), 132 BNS)",Attempt to Commit,14,1,1,1,2025-07,0,0.0
408,A - IPC/BNS Crime,"OFFENCES AGAINST PUBLIC SERVANTS (Public servant is a victim) (Sec 182-188, 332, 333, 353 IPC/217-223,121(1),121(2), 132 BNS)",Defence Personnel,2,0,0,0,2025-07,0,0.0
409,A - IPC/BNS Crime,"OFFENCES AGAINST PUBLIC SERVANTS (Public servant is a victim) (Sec 182-188, 332, 333, 353 IPC/217-223,121(1),121(2), 132 BNS)",Jail Personnel,8,0,3,1,2025-07,-2,-66.66666666666666
410,A - IPC/BNS Crime,"OFFENCES AGAINST PUBLIC SERVANTS (Public servant is a victim) (Sec 182-188, 332, 333, 353 IPC/217-223,121(1),121(2), 132 BNS)",Judicial Official,17,1,1,1,2025-07,0,0.0
411,A - IPC/BNS Crime,"OFFENCES AGAINST PUBLIC SERVANTS (Public servant is a victim) (Sec 182-188, 332, 333, 353 IPC/217-223,121(1),121(2), 132 BNS)",Minister,0,0,0,0,2025-07,0,0.0
412,A - IPC/BNS Crime,"OFFENCES AGAINST PUBLIC SERVANTS (Public servant is a victim) (Sec 182-188, 332, 333, 353 IPC/217-223,121(1),121(2), 132 BNS)",MLA,0,0,0,0,2025-07,0,0.0
413,A - IPC/BNS Crime,"OFFENCES AGAINST PUBLIC SERVANTS (Public servant is a victim) (Sec 182-188, 332, 333, 353 IPC/217-223,121(1),121(2), 132 BNS)",MP,0,0,0,0,2025-07,0,0.0
414,A - IPC/BNS Crime,"OFFENCES AGAINST PUBLIC SERVANTS (Public servant is a victim) (Sec 182-188, 332, 333, 353 IPC/217-223,121(1),121(2), 132 BNS)",Nationalised Bank Personnel,2,0,0,0,2025-07,0,0.0
415,A - IPC/BNS Crime,"OFFENCES AGAINST PUBLIC SERVANTS (Public servant is a victim) (Sec 182-188, 332, 333, 353 IPC/217-223,121(1),121(2), 132 BNS)",Other Elected Member,4,0,0,0,2025-07,0,0.0
416,A - IPC/BNS Crime,"OFFENCES AGAINST PUBLIC SERVANTS (Public servant is a victim) (Sec 182-188, 332, 333, 353 IPC/217-223,121(1),121(2), 132 BNS)",Other Enforcement Official,1,0,0,1,2025-07,1,100.0
417,A - IPC/BNS Crime,"OFFENCES AGAINST PUBLIC SERVANTS (Public servant is a victim) (Sec 182-188, 332, 333, 353 IPC/217-223,121(1),121(2), 132 BNS)",Other Govt. Official,268,32,34,41,2025-07,7,20.588235294117645
418,A - IPC/BNS Crime,"OFFENCES AGAINST PUBLIC SERVANTS (Public servant is a victim) (Sec 182-188, 332, 333, 353 IPC/217-223,121(1),121(2), 132 BNS)",Para Military Personnel,2,0,1,0,2025-07,-1,-100.0
419,A - IPC/BNS Crime,"OFFENCES AGAINST PUBLIC SERVANTS (Public servant is a victim) (Sec 182-188, 332, 333, 353 IPC/217-223,121(1),121(2), 132 BNS)",Police Personnel,308,30,44,38,2025-07,-6,-13.636363636363635
420,A - IPC/BNS Crime,"OFFENCES AGAINST PUBLIC SERVANTS (Public servant is a victim) (Sec 182-188, 332, 333, 353 IPC/217-223,121(1),121(2), 132 BNS)",Public Sector Undertaking Official,85,6,9,12,2025-07,3,33.33333333333333
421,A - IPC/BNS Crime,"OFFENCES BY PUBLIC SERVANTS (EXCEPT CORRUPTION) (Public servant is accused) (Sec.128, 129, 167, 218, 221, 222 IPC/156,157,201,256,259,260 BNS)",Defence Personnel,0,0,0,0,2025-07,0,0.0
422,A - IPC/BNS Crime,"OFFENCES BY PUBLIC SERVANTS (EXCEPT CORRUPTION) (Public servant is accused) (Sec.128, 129, 167, 218, 221, 222 IPC/156,157,201,256,259,260 BNS)",Jail Personnel,0,0,0,0,2025-07,0,0.0
423,A - IPC/BNS Crime,"OFFENCES BY PUBLIC SERVANTS (EXCEPT CORRUPTION) (Public servant is accused) (Sec.128, 129, 167, 218, 221, 222 IPC/156,157,201,256,259,260 BNS)",Judicial Official,0,0,0,0,2025-07,0,0.0
424,A - IPC/BNS Crime,"OFFENCES BY PUBLIC SERVANTS (EXCEPT CORRUPTION) (Public servant is accused) (Sec.128, 129, 167, 218, 221, 222 IPC/156,157,201,256,259,260 BNS)",Minister,0,0,0,0,2025-07,0,0.0
425,A - IPC/BNS Crime,"OFFENCES BY PUBLIC SERVANTS (EXCEPT CORRUPTION) (Public servant is accused) (Sec.128, 129, 167, 218, 221, 222 IPC/156,157,201,256,259,260 BNS)",MLA,0,0,0,0,2025-07,0,0.0
426,A - IPC/BNS Crime,"OFFENCES BY PUBLIC SERVANTS (EXCEPT CORRUPTION) (Public servant is accused) (Sec.128, 129, 167, 218, 221, 222 IPC/156,157,201,256,259,260 BNS)",MP,0,0,0,0,2025-07,0,0.0
427,A - IPC/BNS Crime,"OFFENCES BY PUBLIC SERVANTS (EXCEPT CORRUPTION) (Public servant is accused) (Sec.128, 129, 167, 218, 221, 222 IPC/156,157,201,256,259,260 BNS)",Nationalised Bank Personnel,0,0,0,0,2025-07,0,0.0
428,A - IPC/BNS Crime,"OFFENCES BY PUBLIC SERVANTS (EXCEPT CORRUPTION) (Public servant is accused) (Sec.128, 129, 167, 218, 221, 222 IPC/156,157,201,256,259,260 BNS)",Other Elected Member,0,0,0,0,2025-07,0,0.0
429,A - IPC/BNS Crime,"OFFENCES BY PUBLIC SERVANTS (EXCEPT CORRUPTION) (Public servant is accused) (Sec.128, 129, 167, 218, 221, 222 IPC/156,157,201,256,259,260 BNS)",Other Enforcement Official,0,0,0,0,2025-07,0,0.0
430,A - IPC/BNS Crime,"OFFENCES BY PUBLIC SERVANTS (EXCEPT CORRUPTION) (Public servant is accused) (Sec.128, 129, 167, 218, 221, 222 IPC/156,157,201,256,259,260 BNS)",Other Govt. Official,0,0,0,0,2025-07,0,0.0
431,A - IPC/BNS Crime,"OFFENCES BY PUBLIC SERVANTS (EXCEPT CORRUPTION) (Public servant is accused) (Sec.128, 129, 167, 218, 221, 222 IPC/156,157,201,256,259,260 BNS)",Para Military Personnel,0,0,0,0,2025-07,0,0.0
432,A - IPC/BNS Crime,"OFFENCES BY PUBLIC SERVANTS (EXCEPT CORRUPTION) (Public servant is accused) (Sec.128, 129, 167, 218, 221, 222 IPC/156,157,201,256,259,260 BNS)",Police Personnel,0,1,0,0,2025-07,0,0.0
433,A - IPC/BNS Crime,"OFFENCES BY PUBLIC SERVANTS (EXCEPT CORRUPTION) (Public servant is accused) (Sec.128, 129, 167, 218, 221, 222 IPC/156,157,201,256,259,260 BNS)",Public Sector Undertaking Official,2,0,0,0,2025-07,0,0.0
434,A - IPC/BNS Crime,"OFFENCES BY PUBLIC SERVANTS (EXCEPT CORRUPTION) (Public servant is accused) (Sec.128, 129, 167, 218, 221, 222 IPC/156,157,201,256,259,260 BNS)",Others,0,0,0,0,2025-07,0,0.0
435,A - IPC/BNS Crime,"NEGLIGENT ACT (Sec.280 to 289, 336 to 338 except 283 IPC/282 to 291,125 to 125(b) except 285 BNS)",Death Causeed By Electric Shock,54,12,5,2,2025-07,-3,-60.0
436,A - IPC/BNS Crime,"NEGLIGENT ACT (Sec.280 to 289, 336 to 338 except 283 IPC/282 to 291,125 to 125(b) except 285 BNS)",Animal -Related,32,6,3,4,2025-07,1,33.33333333333333
437,A - IPC/BNS Crime,"NEGLIGENT ACT (Sec.280 to 289, 336 to 338 except 283 IPC/282 to 291,125 to 125(b) except 285 BNS)",Boat/Vessel - Related,1,0,1,0,2025-07,-1,-100.0
438,A - IPC/BNS Crime,"NEGLIGENT ACT (Sec.280 to 289, 336 to 338 except 283 IPC/282 to 291,125 to 125(b) except 285 BNS)",Explosive/Explosive Substances - Related,14,0,2,1,2025-07,-1,-50.0
439,A - IPC/BNS Crime,"NEGLIGENT ACT (Sec.280 to 289, 336 to 338 except 283 IPC/282 to 291,125 to 125(b) except 285 BNS)",Inflammable Substance- Related ,13,5,1,0,2025-07,-1,-100.0
440,A - IPC/BNS Crime,"NEGLIGENT ACT (Sec.280 to 289, 336 to 338 except 283 IPC/282 to 291,125 to 125(b) except 285 BNS)",Machinery - Related,76,12,12,10,2025-07,-2,-16.666666666666664
441,A - IPC/BNS Crime,"NEGLIGENT ACT (Sec.280 to 289, 336 to 338 except 283 IPC/282 to 291,125 to 125(b) except 285 BNS)",Poisonous Substance - Related,9,1,0,3,2025-07,3,300.0
442,A - IPC/BNS Crime,"NEGLIGENT ACT (Sec.280 to 289, 336 to 338 except 283 IPC/282 to 291,125 to 125(b) except 285 BNS)",Other - Related,855,77,68,81,2025-07,13,19.11764705882353
443,A - IPC/BNS Crime,"NEGLIGENT ACT (Sec.280 to 289, 336 to 338 except 283 IPC/282 to 291,125 to 125(b) except 285 BNS)",Human - Related,685,62,51,72,2025-07,21,41.17647058823529
444,A - IPC/BNS Crime,"NEGLIGENT ACT (Sec.280 to 289, 336 to 338 except 283 IPC/282 to 291,125 to 125(b) except 285 BNS)",Wheeling,70,0,23,23,2025-07,0,0.0
445,A - IPC/BNS Crime,"NEGLIGENT ACT (Sec.280 to 289, 336 to 338 except 283 IPC/282 to 291,125 to 125(b) except 285 BNS)",Drink & Drive Without DL,25,0,11,9,2025-07,-2,-18.181818181818183
446,A - IPC/BNS Crime,RECEIVING OF STOLEN PROPERTY (Sec.411 to 414 IPC/317(2) TO 317(5) BNS),ALL / NOT SPECIFIED,1,0,0,0,2025-07,0,0.0
447,A - IPC/BNS Crime,SEDITION (Sec. 124A IPC/IN BNS Deleted),Attempt to Commit,0,0,0,0,2025-07,0,0.0
448,A - IPC/BNS Crime,SEDITION (Sec. 124A IPC/IN BNS Deleted),By Foreigner,0,0,0,0,2025-07,0,0.0
449,A - IPC/BNS Crime,SEDITION (Sec. 124A IPC/IN BNS Deleted),By National,0,0,0,0,2025-07,0,0.0
450,A - IPC/BNS Crime,SEDITION (Sec. 124A IPC/IN BNS Deleted),By National And Foreigner,0,0,0,0,2025-07,0,0.0
451,A - IPC/BNS Crime,INSULTING MODESTY OF WOMEN (EVE TEASING) (Sec.509 IPC/79 BNS),Attempt to Commit,8,1,0,0,2025-07,0,0.0
452,A - IPC/BNS Crime,INSULTING MODESTY OF WOMEN (EVE TEASING) (Sec.509 IPC/79 BNS),Office,9,0,4,1,2025-07,-3,-75.0
453,A - IPC/BNS Crime,INSULTING MODESTY OF WOMEN (EVE TEASING) (Sec.509 IPC/79 BNS),Public Conveyance,5,1,0,2,2025-07,2,200.0
454,A - IPC/BNS Crime,INSULTING MODESTY OF WOMEN (EVE TEASING) (Sec.509 IPC/79 BNS),Public Place,73,9,14,10,2025-07,-4,-28.57142857142857
455,A - IPC/BNS Crime,INSULTING MODESTY OF WOMEN (EVE TEASING) (Sec.509 IPC/79 BNS),Other Places,133,16,21,19,2025-07,-2,-9.523809523809524
456,A - IPC/BNS Crime,"SUICIDE (Sec.305, 306, 309 IPC/107,108 BNS)",Dowry,3,0,0,0,2025-07,0,0.0
457,A - IPC/BNS Crime,"SUICIDE (Sec.305, 306, 309 IPC/107,108 BNS)",Abetment of Suicide,226,28,27,37,2025-07,10,37.03703703703704
458,A - IPC/BNS Crime,"SUICIDE (Sec.305, 306, 309 IPC/107,108 BNS)",Other Reasons,176,21,20,22,2025-07,2,10.0
459,A - IPC/BNS Crime,"SUICIDE (Sec.305, 306, 309 IPC/107,108 BNS)",Attempt to Commit suicide,48,6,5,6,2025-07,1,20.0
460,A - IPC/BNS Crime,UNNATURAL SEX (Sec.377 IPC/IN BNS Deleted),Abetment  ,0,0,0,0,2025-07,0,0.0
461,A - IPC/BNS Crime,UNNATURAL SEX (Sec.377 IPC/IN BNS Deleted),Animal  ,0,0,0,0,2025-07,0,0.0
462,A - IPC/BNS Crime,UNNATURAL SEX (Sec.377 IPC/IN BNS Deleted),Attempt,0,0,0,0,2025-07,0,0.0
463,A - IPC/BNS Crime,UNNATURAL SEX (Sec.377 IPC/IN BNS Deleted),Major - Man,0,0,0,0,2025-07,0,0.0
464,A - IPC/BNS Crime,UNNATURAL SEX (Sec.377 IPC/IN BNS Deleted),Major - Woman,0,0,0,0,2025-07,0,0.0
465,A - IPC/BNS Crime,UNNATURAL SEX (Sec.377 IPC/IN BNS Deleted),Minor - Boy,0,0,0,0,2025-07,0,0.0
466,A - IPC/BNS Crime,UNNATURAL SEX (Sec.377 IPC/IN BNS Deleted),Minor - Girl,0,0,0,0,2025-07,0,0.0
467,A - IPC/BNS Crime,"WRONGFUL RESTRAINT/CONFINEMENT (Sec.341 to 348 IPC/126(2),127(2)-127(8) BNS)",Attempt to Commit,19,1,4,3,2025-07,-1,-25.0
468,A - IPC/BNS Crime,"WRONGFUL RESTRAINT/CONFINEMENT (Sec.341 to 348 IPC/126(2),127(2)-127(8) BNS)",To Extort Confession,4,0,1,1,2025-07,0,0.0
469,A - IPC/BNS Crime,"WRONGFUL RESTRAINT/CONFINEMENT (Sec.341 to 348 IPC/126(2),127(2)-127(8) BNS)",To Extort Property,18,1,1,3,2025-07,2,200.0
470,A - IPC/BNS Crime,"WRONGFUL RESTRAINT/CONFINEMENT (Sec.341 to 348 IPC/126(2),127(2)-127(8) BNS)",To settle Dispute,12,2,0,0,2025-07,0,0.0
471,A - IPC/BNS Crime,"WRONGFUL RESTRAINT/CONFINEMENT (Sec.341 to 348 IPC/126(2),127(2)-127(8) BNS)",Others,258,35,46,50,2025-07,4,8.695652173913043
472,A - IPC/BNS Crime,"INFANTICIDE (Sec.315, 316 IPC/91,92 BNS)",Male,2,0,0,0,2025-07,0,0.0
473,A - IPC/BNS Crime,"INFANTICIDE (Sec.315, 316 IPC/91,92 BNS)",Female,3,0,1,1,2025-07,0,0.0
474,A - IPC/BNS Crime,"OFFENCES RELATED TO MARRIAGE (Sec.493 to 498 IPC/81,84 BNS)",ALL / NOT SPECIFIED,26,3,5,3,2025-07,-2,-40.0
475,A - IPC/BNS Crime,"BUYING & SELLING MINOR FOR PROSTITUTION (Sec.372, 373 IPC/98,99 BNS)",ALL / NOT SPECIFIED,0,0,0,0,2025-07,0,0.0
476,A - IPC/BNS Crime,DOCUMENTS & PROPERTY MARKS (Sec.483 to 489 IPC/346-350(2) BNS),Documents  ,0,1,0,0,2025-07,0,0.0
477,A - IPC/BNS Crime,DOCUMENTS & PROPERTY MARKS (Sec.483 to 489 IPC/346-350(2) BNS),Property  ,0,1,0,0,2025-07,0,0.0
478,A - IPC/BNS Crime,DEFAMATION (Sec.500 to 502 IPC/350(2)-356(4) BNS),Persons ,1,0,0,0,2025-07,0,0.0
479,A - IPC/BNS Crime,DEFAMATION (Sec.500 to 502 IPC/350(2)-356(4) BNS),Printed Matter,1,0,1,0,2025-07,-1,-100.0
480,A - IPC/BNS Crime,DEFAMATION (Sec.500 to 502 IPC/350(2)-356(4) BNS),Others,2,0,1,0,2025-07,-1,-100.0
481,A - IPC/BNS Crime,ELECTION(Sec.171(E) to 171(1) IPC/173-177 BNS),Assembly,0,1,0,0,2025-07,0,0.0
482,A - IPC/BNS Crime,ELECTION(Sec.171(E) to 171(1) IPC/173-177 BNS),Parliament,1,0,0,0,2025-07,0,0.0
483,A - IPC/BNS Crime,ELECTION(Sec.171(E) to 171(1) IPC/173-177 BNS),Other Elected Bodies,0,0,0,0,2025-07,0,0.0
484,A - IPC/BNS Crime,"SLAVERY (Sec.370, 371, 374 IPC/143,145,146 BNS)",Man,0,0,0,0,2025-07,0,0.0
485,A - IPC/BNS Crime,"SLAVERY (Sec.370, 371, 374 IPC/143,145,146 BNS)",Woman,0,0,0,0,2025-07,0,0.0
486,A - IPC/BNS Crime,"SLAVERY (Sec.370, 371, 374 IPC/143,145,146 BNS)",Boy,3,0,1,1,2025-07,0,0.0
487,A - IPC/BNS Crime,"SLAVERY (Sec.370, 371, 374 IPC/143,145,146 BNS)",Girl,0,0,0,0,2025-07,0,0.0
488,A - IPC/BNS Crime,Attempting to commit offences (Sec.511 IPC/62 BNS),Attempting to commit offences,129,25,16,13,2025-07,-3,-18.75
489,A - IPC/BNS Crime,ILLEGAL DETENTION (Sec.342 IPC/127(2) BNS),ALL / NOT SPECIFIED,0,0,0,0,2025-07,0,0.0
490,A - IPC/BNS Crime,FALSE EVIDENCE (Sec.191 to 205 IPC/227-242 BNS),ALL / NOT SPECIFIED,5,0,1,1,2025-07,0,0.0
491,A - IPC/BNS Crime,EXPOSURE AND ABANDONMENT OF CHILD (Sec.317 IPC/93 BNS),Boy ,17,4,1,2,2025-07,1,100.0
492,A - IPC/BNS Crime,EXPOSURE AND ABANDONMENT OF CHILD (Sec.317 IPC/93 BNS),Girl,20,3,3,5,2025-07,2,66.66666666666666
493,A - IPC/BNS Crime,OF ABETMENT (Sec.107 to 120 IPC/45-60 BNS),ALL / NOT SPECIFIED,12,1,4,1,2025-07,-3,-75.0
494,A - IPC/BNS Crime,"FAILURE TO APPEAR TO COURT (Sec.174A, 229A IPC/209,269 BNS)",IPC 174 A/BNS 209,304,10,31,18,2025-07,-13,-41.935483870967744
495,A - IPC/BNS Crime,"FAILURE TO APPEAR TO COURT (Sec.174A, 229A IPC/209,269 BNS)",IPC 229 A/BNS 269,845,22,109,62,2025-07,-47,-43.11926605504588
496,A - IPC/BNS Crime,Concealment of birth by secret disposal of Child,Girl,15,1,1,4,2025-07,3,300.0
497,A - IPC/BNS Crime,Concealment of birth by secret disposal of Child,Boy,16,2,2,0,2025-07,-2,-100.0
498,A - IPC/BNS Crime,ASSAULT OR USE OF CRIMINAL FORCE TO DISROBE WOMEN,ALL / NOT SPECIFIED,4,1,1,2,2025-07,1,100.0
499,A - IPC/BNS Crime,Disobedience to Order Promulgated by Public/Servant,By Others,9,2,1,3,2025-07,2,200.0
500,A - IPC/BNS Crime,Disobedience to Order Promulgated by Public/Servant,By Private Institution,0,0,0,0,2025-07,0,0.0
501,A - IPC/BNS Crime,Disobedience to Order Promulgated by Public/Servant,By Govt. Institution,7,2,1,1,2025-07,0,0.0
502,A - IPC/BNS Crime,Human Trafficking,Eunuch,2,0,0,0,2025-07,0,0.0
503,A - IPC/BNS Crime,Human Trafficking,Men,4,0,0,0,2025-07,0,0.0
504,A - IPC/BNS Crime,Human Trafficking,Boy,0,0,0,0,2025-07,0,0.0
505,A - IPC/BNS Crime,Human Trafficking,Women,0,2,0,0,2025-07,0,0.0
506,A - IPC/BNS Crime,Human Trafficking,Girl,1,0,0,0,2025-07,0,0.0
507,A - IPC/BNS Crime,Giving false information respecting an offence committed,Giving false information respecting an offence committed,23,0,12,3,2025-07,-9,-75.0
508,A - IPC/BNS Crime,Harbouring Offender,ALL / NOT SPECIFIED,2,0,0,0,2025-07,0,0.0
509,B - SPECIAL & LOCAL LAWS,Petty Organised Crimes,ALL / NOT SPECIFIED,0,0,0,0,2025-07,0,0.0
510,B - SPECIAL & LOCAL LAWS,ANTIQUES (CULTURAL PROPERTY),Antiques & Art Treasures Act 1972,0,0,0,0,2025-07,0,0.0
511,B - SPECIAL & LOCAL LAWS,ANTIQUES (CULTURAL PROPERTY),Ancient Monument & Archaelogical Sites And Remains Act 1958,5,0,1,0,2025-07,-1,-100.0
512,B - SPECIAL & LOCAL LAWS,ARMS ACT 1959,Country Made - Non Prohibited Bore - In Disturbed Area,8,2,1,2,2025-07,1,100.0
513,B - SPECIAL & LOCAL LAWS,ARMS ACT 1960,Country Made - Non Prohibited Bore - In Other Area,92,13,10,17,2025-07,7,70.0
514,B - SPECIAL & LOCAL LAWS,ARMS ACT 1961,Country Made - Prohibited Bore - In Disturbed Area,10,3,1,5,2025-07,4,400.0
515,B - SPECIAL & LOCAL LAWS,ARMS ACT 1962,Country Made - Prohibited Bore - In Other Area,74,7,18,11,2025-07,-7,-38.88888888888889
516,B - SPECIAL & LOCAL LAWS,ARMS ACT 1963,Factory Made - Non Prohibited Bore - In Disturbed Area,4,0,0,1,2025-07,1,100.0
517,B - SPECIAL & LOCAL LAWS,ARMS ACT 1964,Factory Made - Non Prohibited Bore - In Other Area,18,4,3,2,2025-07,-1,-33.33333333333333
518,B - SPECIAL & LOCAL LAWS,ARMS ACT 1965,Factory Made - Prohibited Bore - In Disturbed Area,7,0,2,1,2025-07,-1,-50.0
519,B - SPECIAL & LOCAL LAWS,ARMS ACT 1966,Factory Made - Prohibited Bore - In Other Area,27,2,5,1,2025-07,-4,-80.0
520,B - SPECIAL & LOCAL LAWS,ANIMAL,The Karnataka Prevention of Slaughter and Preservation of Cattle Ordinance 2020,92,14,27,13,2025-07,-14,-51.85185185185185
521,B - SPECIAL & LOCAL LAWS,ANIMAL,Wild Life Preservation Act 1972,1,0,0,1,2025-07,1,100.0
522,B - SPECIAL & LOCAL LAWS,ANIMAL,Wild Life Protection Act 1972,3,0,0,0,2025-07,0,0.0
523,B - SPECIAL & LOCAL LAWS,ANIMAL,Prevention of Cruelty to Animals Act 1960,169,10,49,21,2025-07,-28,-57.14285714285714
524,B - SPECIAL & LOCAL LAWS,ANIMAL,Elephant (Preservation) Act 1879,0,0,0,0,2025-07,0,0.0
525,B - SPECIAL & LOCAL LAWS,ANIMAL,Cattle Tresspass Act 1871,3,0,1,0,2025-07,-1,-100.0
526,B - SPECIAL & LOCAL LAWS,CINEMATOGRAPHY ACT 1952,Films,0,0,0,0,2025-07,0,0.0
527,B - SPECIAL & LOCAL LAWS,CINEMATOGRAPHY ACT 1953,Video,0,0,0,0,2025-07,0,0.0
528,B - SPECIAL & LOCAL LAWS,CONSUMER,Liquified Petroleum Gas Supply & Control Order 2000 ,56,2,7,4,2025-07,-3,-42.857142857142854
529,B - SPECIAL & LOCAL LAWS,CONSUMER,Consumer (Protection) Act 1986,4,0,1,0,2025-07,-1,-100.0
530,B - SPECIAL & LOCAL LAWS,CONSUMER,Essential Commodities Act 1955,386,34,64,84,2025-07,20,31.25
531,B - SPECIAL & LOCAL LAWS,CONSUMER,Prevention of Food Adulternation Act 1954,2,0,0,0,2025-07,0,0.0
532,B - SPECIAL & LOCAL LAWS,CONSUMER,Packaged Commodities (Regulation) order 1975,0,0,0,0,2025-07,0,0.0
533,B - SPECIAL & LOCAL LAWS,COPY RIGHT ACT 1957,By Company,84,11,8,13,2025-07,5,62.5
534,B - SPECIAL & LOCAL LAWS,COPY RIGHT ACT 1958,By Individual,51,3,11,5,2025-07,-6,-54.54545454545454
535,B - SPECIAL & LOCAL LAWS,CIVIL RIGHTS,Protection of Civil Rights Act 1955,4,0,0,1,2025-07,1,100.0
536,B - SPECIAL & LOCAL LAWS,SCHEDULED CASTE AND THE SCHEDULED TRIBES,Scheduled Caste  ,793,94,108,125,2025-07,17,15.74074074074074
537,B - SPECIAL & LOCAL LAWS,SCHEDULED CASTE AND THE SCHEDULED TRIBES,Scheduled Tribes,171,13,31,23,2025-07,-8,-25.806451612903224
538,B - SPECIAL & LOCAL LAWS,SCHEDULED CASTE AND THE SCHEDULED TRIBES,Scheduled Caste Women,303,43,46,53,2025-07,7,15.217391304347828
539,B - SPECIAL & LOCAL LAWS,SCHEDULED CASTE AND THE SCHEDULED TRIBES,Scheduled Tribes Women,74,11,7,17,2025-07,10,142.85714285714286
540,B - SPECIAL & LOCAL LAWS,CHILDREN ACT,Child Labour (Prohibition & Regulation) Act1986,53,7,12,17,2025-07,5,41.66666666666667
541,B - SPECIAL & LOCAL LAWS,CHILDREN ACT,Child Marriage (Restraint) Act - 1929,123,15,26,18,2025-07,-8,-30.76923076923077
542,B - SPECIAL & LOCAL LAWS,CHILDREN ACT,Juvenile Justice Act 1986,97,7,6,12,2025-07,6,100.0
543,B - SPECIAL & LOCAL LAWS,CHILDREN ACT,Probation of offenders Act 1958,0,0,0,0,2025-07,0,0.0
544,B - SPECIAL & LOCAL LAWS,CHILDREN ACT,Protection of Children from Sexual Offences Act 2012 (POCSO),0,0,0,0,2025-07,0,0.0
545,B - SPECIAL & LOCAL LAWS,PREVENTION OF CORRUPTION ACT 1988,Public Servant - Elected,0,0,0,0,2025-07,0,0.0
546,B - SPECIAL & LOCAL LAWS,PREVENTION OF CORRUPTION ACT 1989,Public Servant - Gazetted - Central,1,0,1,0,2025-07,-1,-100.0
547,B - SPECIAL & LOCAL LAWS,PREVENTION OF CORRUPTION ACT 1990,Public Servant - Gazetted - Defence,0,0,0,0,2025-07,0,0.0
548,B - SPECIAL & LOCAL LAWS,PREVENTION OF CORRUPTION ACT 1991,Public Servant - Gazetted - Public Sector Undertaking,0,0,0,0,2025-07,0,0.0
549,B - SPECIAL & LOCAL LAWS,PREVENTION OF CORRUPTION ACT 1992,Public Servant - Gazetted - State,1,0,0,0,2025-07,0,0.0
550,B - SPECIAL & LOCAL LAWS,PREVENTION OF CORRUPTION ACT 1993,Public Servant - Non-Gazetted - Central,0,0,0,0,2025-07,0,0.0
551,B - SPECIAL & LOCAL LAWS,PREVENTION OF CORRUPTION ACT 1994,Public Servant - Non-Gazetted - Defence,0,0,0,0,2025-07,0,0.0
552,B - SPECIAL & LOCAL LAWS,PREVENTION OF CORRUPTION ACT 1995,Public Servant - Non-Gazetted - State,0,0,0,0,2025-07,0,0.0
553,B - SPECIAL & LOCAL LAWS,CUSTOMS,Customs Act 1962,0,0,0,0,2025-07,0,0.0
554,B - SPECIAL & LOCAL LAWS,CUSTOMS,Import/Export (Control) Act 1947,0,0,0,0,2025-07,0,0.0
555,B - SPECIAL & LOCAL LAWS,Explosives,Explosives Substances Act 1908,31,1,2,9,2025-07,7,350.0
556,B - SPECIAL & LOCAL LAWS,Explosives,Explosives Act 1884,27,5,3,5,2025-07,2,66.66666666666666
557,B - SPECIAL & LOCAL LAWS,Explosives,Inflammable Substance Act 1952,0,0,0,0,2025-07,0,0.0
558,B - SPECIAL & LOCAL LAWS,FOREIGN EXCHANGE,Smugglers and Foreign Exchange Manipulator Act 1976,0,0,0,0,2025-07,0,0.0
559,B - SPECIAL & LOCAL LAWS,FOREIGN EXCHANGE,Foreign Exchange Regulation Act 1973,0,0,0,0,2025-07,0,0.0
560,B - SPECIAL & LOCAL LAWS,FOREIGN EXCHANGE,Foreign Exchange Regulation Act 1952,0,0,0,0,2025-07,0,0.0
561,B - SPECIAL & LOCAL LAWS,FOREIGNER,Foreigners Act 1946,60,4,9,15,2025-07,6,66.66666666666666
562,B - SPECIAL & LOCAL LAWS,FOREIGNER,Registration of Foreigners Act 1939,0,0,0,0,2025-07,0,0.0
563,B - SPECIAL & LOCAL LAWS,FOREST,Indian Forest Act 1927,1,0,0,1,2025-07,1,100.0
564,B - SPECIAL & LOCAL LAWS,FOREST,Forest (Conservation) Act 1980,5,0,1,0,2025-07,-1,-100.0
565,B - SPECIAL & LOCAL LAWS,HIJACKING,Foreign Aircraft - In India,0,0,0,0,2025-07,0,0.0
566,B - SPECIAL & LOCAL LAWS,HIJACKING,Foreign Aircraft - Outside India,0,0,0,0,2025-07,0,0.0
567,B - SPECIAL & LOCAL LAWS,HIJACKING,Indian Aircraft - In India,0,0,0,0,2025-07,0,0.0
568,B - SPECIAL & LOCAL LAWS,HIJACKING,Indian Aircraft - Outside India,0,0,0,0,2025-07,0,0.0
569,B - SPECIAL & LOCAL LAWS,IMMORAL TRAFFIC,Organised,134,21,34,27,2025-07,-7,-20.588235294117645
570,B - SPECIAL & LOCAL LAWS,IMMORAL TRAFFIC,Un-Organised,69,3,16,10,2025-07,-6,-37.5
571,B - SPECIAL & LOCAL LAWS,BONDED LABOUR SYSTEM,ALL / NOT SPECIFIED,3,1,0,0,2025-07,0,0.0
572,B - SPECIAL & LOCAL LAWS,INDIAN MOTOR VEHICLE,ALL / NOT SPECIFIED,54,3,5,6,2025-07,1,20.0
573,B - SPECIAL & LOCAL LAWS,NARCOTIC DRUGS & PSYCHOTROPIC SUBSTANCES ACT,Cultivated/Processed,1543,159,279,369,2025-07,90,32.25806451612903
574,B - SPECIAL & LOCAL LAWS,NARCOTIC DRUGS & PSYCHOTROPIC SUBSTANCES ACT,Synthetic,1988,195,383,332,2025-07,-51,-13.315926892950392
575,B - SPECIAL & LOCAL LAWS,PASSPORT ACT,Foreigner,2,0,2,0,2025-07,-2,-100.0
576,B - SPECIAL & LOCAL LAWS,PASSPORT ACT,Indian,2,0,0,0,2025-07,0,0.0
577,B - SPECIAL & LOCAL LAWS,PASSPORT ACT,REPRESENTATIVE OF PEOPLE ACT 1951 & 1988,0,0,0,0,2025-07,0,0.0
578,B - SPECIAL & LOCAL LAWS,PASSPORT ACT,Assembly,0,1,0,0,2025-07,0,0.0
579,B - SPECIAL & LOCAL LAWS,PASSPORT ACT,Parliament,0,0,0,0,2025-07,0,0.0
580,B - SPECIAL & LOCAL LAWS,PASSPORT ACT,Other Elected Bodies,0,0,0,0,2025-07,0,0.0
581,B - SPECIAL & LOCAL LAWS,KARNATAKA POLICE ACT 1963,Gambling - Matka (78 Class C),3916,371,694,529,2025-07,-165,-23.77521613832853
582,B - SPECIAL & LOCAL LAWS,KARNATAKA POLICE ACT 1964,Street Gambling (87),4269,456,636,560,2025-07,-76,-11.949685534591195
583,B - SPECIAL & LOCAL LAWS,KARNATAKA POLICE ACT 1965,House Gambling (79 & 80),154,28,19,24,2025-07,5,26.31578947368421
584,B - SPECIAL & LOCAL LAWS,KARNATAKA POLICE ACT 1966,Betting ,556,7,18,6,2025-07,-12,-66.66666666666666
585,B - SPECIAL & LOCAL LAWS,KARNATAKA POLICE ACT 1967,Others ,335,47,34,47,2025-07,13,38.23529411764706
586,B - SPECIAL & LOCAL LAWS,PREVENTION OF DAMAGE TO PUBLIC PROPERTY ACT 1984,ALL / NOT SPECIFIED,64,17,15,5,2025-07,-10,-66.66666666666666
587,B - SPECIAL & LOCAL LAWS,"POST & TELEGRAPH, TELEGRAPH WIRES (UNLAWFUL POSSESSION) ACT 1980",ALL / NOT SPECIFIED,0,0,0,0,2025-07,0,0.0
588,B - SPECIAL & LOCAL LAWS,OFFICIAL SECURITY RELATED ACTS,Official Secrets Act 1923,1,0,1,0,2025-07,-1,-100.0
589,B - SPECIAL & LOCAL LAWS,OFFICIAL SECURITY RELATED ACTS,Essential Services Maintenance Act 1981,0,0,0,0,2025-07,0,0.0
590,B - SPECIAL & LOCAL LAWS,PREVENTION OF TERRORISM ACT (POTA),ALL / NOT SPECIFIED,0,0,0,0,2025-07,0,0.0
591,B - SPECIAL & LOCAL LAWS,RAILWAYS ACT,Indian Railways Act 1989,1,0,0,0,2025-07,0,0.0
592,B - SPECIAL & LOCAL LAWS,RAILWAYS ACT,Railway Property (Unlawful Possession) Act 1966,0,0,0,0,2025-07,0,0.0
593,B - SPECIAL & LOCAL LAWS,UNLAWFUL ACTIVITIES (Prevention) Act 1967,ALL / NOT SPECIFIED,0,0,0,0,2025-07,0,0.0
594,B - SPECIAL & LOCAL LAWS,CRIMES RELATED TO WOMEN,Dowry Prohibition,1133,151,190,184,2025-07,-6,-3.1578947368421053
595,B - SPECIAL & LOCAL LAWS,CRIMES RELATED TO WOMEN,Commission of SATI (Prevention) Act 1987,0,0,0,0,2025-07,0,0.0
596,B - SPECIAL & LOCAL LAWS,CRIMES RELATED TO WOMEN,Indecent Representation of Women (Prohibition) Act 1986,1,0,1,0,2025-07,-1,-100.0
597,B - SPECIAL & LOCAL LAWS,INDIAN LUNACY ACT,ALL / NOT SPECIFIED,0,0,0,0,2025-07,0,0.0
598,B - SPECIAL & LOCAL LAWS,INDIAN ELECTRICITY ACT,ALL / NOT SPECIFIED,8,2,2,0,2025-07,-2,-100.0
599,B - SPECIAL & LOCAL LAWS,"COTPA, CIGARETTES AND OTHER TOBACCO PRODUCTS",ALL / NOT SPECIFIED,2446,133,1198,107,2025-07,-1091,-91.06844741235392
600,B - SPECIAL & LOCAL LAWS,KARNATAKA STATE LOCAL ACTS,Prevention of Insult to National Hounours Act 1971,6,0,0,0,2025-07,0,0.0
601,B - SPECIAL & LOCAL LAWS,KARNATAKA STATE LOCAL ACTS,"Prevention of violence against Doctors, Medical professionals and Medical institutions",9,0,1,1,2025-07,0,0.0
602,B - SPECIAL & LOCAL LAWS,KARNATAKA STATE LOCAL ACTS,"The Karnataka Prevention of Dangerous Activities of Bootleggers, Drug-offenders, Gamblers, Goonda Act",0,0,0,0,2025-07,0,0.0
603,B - SPECIAL & LOCAL LAWS,KARNATAKA STATE LOCAL ACTS,Karnataka Cow Slaughters Act,138,18,25,22,2025-07,-3,-12.0
604,B - SPECIAL & LOCAL LAWS,KARNATAKA STATE LOCAL ACTS,Banning of Unregulated Deposit Schemes Act,13,1,0,2,2025-07,2,200.0
605,B - SPECIAL & LOCAL LAWS,KARNATAKA STATE LOCAL ACTS,"Motor Spirit and High Speed Diesel (Regulation of upply, Distribution and Prevention of Malpractice",0,0,0,0,2025-07,0,0.0
606,B - SPECIAL & LOCAL LAWS,KARNATAKA STATE LOCAL ACTS,Karnataka Epidemic Deseases Act 2020,0,0,0,0,2025-07,0,0.0
607,B - SPECIAL & LOCAL LAWS,KARNATAKA STATE LOCAL ACTS,Karnataka Prevention of Slaughter and Preservation of Cattle Act 2020,151,14,48,20,2025-07,-28,-58.333333333333336
608,B - SPECIAL & LOCAL LAWS,KARNATAKA STATE LOCAL ACTS,Disaster Management Act 2005,0,0,0,0,2025-07,0,0.0
609,B - SPECIAL & LOCAL LAWS,KARNATAKA STATE LOCAL ACTS,Karnataka Excise Act 1965,6397,549,1143,817,2025-07,-326,-28.521434820647418
610,B - SPECIAL & LOCAL LAWS,KARNATAKA STATE LOCAL ACTS,Karnataka Forest Act 1963,28,4,10,7,2025-07,-3,-30.0
611,B - SPECIAL & LOCAL LAWS,KARNATAKA STATE LOCAL ACTS,Karnataka Education Act 1983 As Amended Upto Date,2,2,0,0,2025-07,0,0.0
612,B - SPECIAL & LOCAL LAWS,KARNATAKA STATE LOCAL ACTS,Karnataka Kerosene Restriction Unuse Act 1956,0,0,0,0,2025-07,0,0.0
613,B - SPECIAL & LOCAL LAWS,KARNATAKA STATE LOCAL ACTS,Karnataka University Act,0,0,0,0,2025-07,0,0.0
614,B - SPECIAL & LOCAL LAWS,KARNATAKA STATE LOCAL ACTS,Karnataka Corruption Act,0,0,0,0,2025-07,0,0.0
615,B - SPECIAL & LOCAL LAWS,KARNATAKA STATE LOCAL ACTS,Karnataka Medical Registration Act 1965,3,0,1,1,2025-07,0,0.0
616,B - SPECIAL & LOCAL LAWS,KARNATAKA STATE LOCAL ACTS,Karnataka Land & Revenue Act 1964 & 2007,26,0,7,1,2025-07,-6,-85.71428571428571
617,B - SPECIAL & LOCAL LAWS,KARNATAKA STATE LOCAL ACTS,Karnataka Kerosene Dealers License Order 1969,0,0,0,0,2025-07,0,0.0
618,B - SPECIAL & LOCAL LAWS,KARNATAKA STATE LOCAL ACTS,Karnataka Society Registration Act,0,0,0,0,2025-07,0,0.0
619,B - SPECIAL & LOCAL LAWS,KARNATAKA STATE LOCAL ACTS,Karnataka Minor Mineral Consistent Rule 1994,11,3,4,1,2025-07,-3,-75.0
620,B - SPECIAL & LOCAL LAWS,KARNATAKA STATE LOCAL ACTS,Bangalore Development Authority Act,0,0,0,0,2025-07,0,0.0
621,B - SPECIAL & LOCAL LAWS,KARNATAKA STATE LOCAL ACTS,Karnataka Prohibition of Beggery Act 1975,54,0,3,16,2025-07,13,433.3333333333333
622,B - SPECIAL & LOCAL LAWS,KARNATAKA STATE LOCAL ACTS,Karnataka Municipalities Act 1964,1,0,0,0,2025-07,0,0.0
623,B - SPECIAL & LOCAL LAWS,KARNATAKA STATE LOCAL ACTS,Karnataka Irrigation Act 1963,3,0,0,0,2025-07,0,0.0
624,B - SPECIAL & LOCAL LAWS,KARNATAKA STATE LOCAL ACTS,Karnataka Fire Force act 1964,3,0,2,0,2025-07,-2,-100.0
625,B - SPECIAL & LOCAL LAWS,KARNATAKA STATE LOCAL ACTS,Karnataka Consumer Protection Act 1986,0,0,0,0,2025-07,0,0.0
626,B - SPECIAL & LOCAL LAWS,KARNATAKA STATE LOCAL ACTS,Karnataka Lottery Act,50,3,11,2,2025-07,-9,-81.81818181818183
627,B - SPECIAL & LOCAL LAWS,KARNATAKA STATE LOCAL ACTS,Karnataka Weight & Measurement Act,0,0,0,0,2025-07,0,0.0
628,B - SPECIAL & LOCAL LAWS,KARNATAKA STATE LOCAL ACTS,Karnataka Agriculture Marketing Regulation Act,0,0,0,0,2025-07,0,0.0
629,B - SPECIAL & LOCAL LAWS,KARNATAKA STATE LOCAL ACTS,Karnataka Revenue Act,1,0,1,0,2025-07,-1,-100.0
630,B - SPECIAL & LOCAL LAWS,KARNATAKA STATE LOCAL ACTS,Karnataka Mining Act,2,0,0,2,2025-07,2,200.0
631,B - SPECIAL & LOCAL LAWS,KARNATAKA STATE LOCAL ACTS,Karnataka Betting Tax Act,0,0,0,0,2025-07,0,0.0
632,B - SPECIAL & LOCAL LAWS,KARNATAKA STATE LOCAL ACTS,Karnataka Panchayat Raj Act,1,0,0,0,2025-07,0,0.0
633,B - SPECIAL & LOCAL LAWS,KARNATAKA STATE LOCAL ACTS,Karnataka Open Place Disfigurement Act 1951,97,99,0,10,2025-07,10,1000.0
634,B - SPECIAL & LOCAL LAWS,KARNATAKA STATE LOCAL ACTS,Karnataka Right To Information Act 2000 & 2008,1,0,0,0,2025-07,0,0.0
635,B - SPECIAL & LOCAL LAWS,KARNATAKA STATE LOCAL ACTS,Karnataka Urban Development Act 1987,0,0,0,0,2025-07,0,0.0
636,B - SPECIAL & LOCAL LAWS,KARNATAKA STATE LOCAL ACTS,Karnataka Town & City Planning Act 1961,0,0,0,0,2025-07,0,0.0
637,B - SPECIAL & LOCAL LAWS,KARNATAKA STATE LOCAL ACTS,Karnataka Race Betting Act,0,0,0,0,2025-07,0,0.0
638,B - SPECIAL & LOCAL LAWS,KARNATAKA STATE LOCAL ACTS,Karnataka Devadasi's (Prohibition Of Dedication) Act 1982,0,0,0,0,2025-07,0,0.0
639,B - SPECIAL & LOCAL LAWS,KARNATAKA STATE LOCAL ACTS,Cooperative Society Act,1,0,0,0,2025-07,0,0.0
640,B - SPECIAL & LOCAL LAWS,KARNATAKA STATE LOCAL ACTS,Karnataka Entertainment Tax Act 1958,2,0,0,0,2025-07,0,0.0
641,B - SPECIAL & LOCAL LAWS,KARNATAKA STATE LOCAL ACTS,Karnataka Land Acquisition (Prohibition) Act 2007,0,0,0,0,2025-07,0,0.0
642,B - SPECIAL & LOCAL LAWS,KARNATAKA STATE LOCAL ACTS,Karnataka Money Lender Act 1961,14,0,0,2,2025-07,2,200.0
643,B - SPECIAL & LOCAL LAWS,KARNATAKA STATE LOCAL ACTS,Karnataka Stamp Act 1957,0,0,0,0,2025-07,0,0.0
644,B - SPECIAL & LOCAL LAWS,KARNATAKA STATE LOCAL ACTS,Karnataka Prisoners Act 1963 & 1974,31,2,7,4,2025-07,-3,-42.857142857142854
645,B - SPECIAL & LOCAL LAWS,KARNATAKA STATE LOCAL ACTS,Karnataka Private Medical Institution Act 2007,4,0,1,1,2025-07,0,0.0
646,B - SPECIAL & LOCAL LAWS,KARNATAKA STATE LOCAL ACTS,MMRD (Mines & Minerals Regulation Development ) Act 1957,53,2,14,11,2025-07,-3,-21.428571428571427
647,B - SPECIAL & LOCAL LAWS,KARNATAKA STATE LOCAL ACTS,Karnataka Treasure Trove Act 1962,2,0,1,0,2025-07,-1,-100.0
648,B - SPECIAL & LOCAL LAWS,KARNATAKA STATE LOCAL ACTS,Karnataka Prohibition of Charging Exorbitant Interest Act 2004,13,1,2,1,2025-07,-1,-50.0
649,B - SPECIAL & LOCAL LAWS,KARNATAKA STATE LOCAL ACTS,Karnataka Ayurvedic And Unani Pract. Regis. & Medical Prac. Misc. Prov. Act,0,0,0,0,2025-07,0,0.0
650,B - SPECIAL & LOCAL LAWS,KARNATAKA STATE LOCAL ACTS,Other Local Acts,118,12,29,7,2025-07,-22,-75.86206896551724
651,B - SPECIAL & LOCAL LAWS,KARNATAKA STATE LOCAL ACTS,Sub Total,7235,710,1310,928,2025-07,-382,-29.16030534351145
652,B - SPECIAL & LOCAL LAWS,KARNATAKA STATE LOCAL ACTS,CYBER CRIME (INFORMATION TECHNOLOGY ACT),0,0,0,0,2025-07,0,0.0
653,B - SPECIAL & LOCAL LAWS,KARNATAKA STATE LOCAL ACTS,"Information Technology Act 2000, 2009",78,1967,11,6,2025-07,-5,-45.45454545454545
654,B - SPECIAL & LOCAL LAWS,KARNATAKA STATE LOCAL ACTS,CSAM (Child Pornography). Cyber Tip Line,16,0,4,0,2025-07,-4,-100.0
655,B - SPECIAL & LOCAL LAWS,KARNATAKA STATE LOCAL ACTS,Online Money Transfer,778,13,107,143,2025-07,36,33.64485981308411
656,B - SPECIAL & LOCAL LAWS,KARNATAKA STATE LOCAL ACTS,Credit Card Fraud,432,8,72,55,2025-07,-17,-23.61111111111111
657,B - SPECIAL & LOCAL LAWS,KARNATAKA STATE LOCAL ACTS,Loan App,117,2,15,13,2025-07,-2,-13.333333333333334
658,B - SPECIAL & LOCAL LAWS,KARNATAKA STATE LOCAL ACTS,"Ransomeware Attack, Installing Spyware & Troman, Using Other Malware & Viruses to infect degital serv",3,0,0,0,2025-07,0,0.0
659,B - SPECIAL & LOCAL LAWS,KARNATAKA STATE LOCAL ACTS,"Gifts, iPhone & Lottery Fraud",81,3,12,9,2025-07,-3,-25.0
660,B - SPECIAL & LOCAL LAWS,KARNATAKA STATE LOCAL ACTS,Deep Fake/Deep Nudes,19,0,1,3,2025-07,2,200.0
661,B - SPECIAL & LOCAL LAWS,KARNATAKA STATE LOCAL ACTS,"Investment Fraud (Part Time Job, Task, Review)",1748,17,242,228,2025-07,-14,-5.785123966942149
662,B - SPECIAL & LOCAL LAWS,KARNATAKA STATE LOCAL ACTS,Card Skimming,5,0,0,0,2025-07,0,0.0
663,B - SPECIAL & LOCAL LAWS,KARNATAKA STATE LOCAL ACTS,Job Fraud,404,5,58,66,2025-07,8,13.793103448275861
664,B - SPECIAL & LOCAL LAWS,KARNATAKA STATE LOCAL ACTS,Hacking of Accounts & Ids,103,2,20,13,2025-07,-7,-35.0
665,B - SPECIAL & LOCAL LAWS,KARNATAKA STATE LOCAL ACTS,Business Fraud,92,1,11,22,2025-07,11,100.0
666,B - SPECIAL & LOCAL LAWS,KARNATAKA STATE LOCAL ACTS,Phishing (Taking Password & Information),27,0,3,1,2025-07,-2,-66.66666666666666
667,B - SPECIAL & LOCAL LAWS,KARNATAKA STATE LOCAL ACTS,Email Spoofing / Fraud,28,0,2,6,2025-07,4,200.0
668,B - SPECIAL & LOCAL LAWS,KARNATAKA STATE LOCAL ACTS,SIM card Swapping / SIM Jacking / SIM Cloning,10,1,1,5,2025-07,4,400.0
669,B - SPECIAL & LOCAL LAWS,KARNATAKA STATE LOCAL ACTS,Social Media Cases (Instagram/Facebook/Whatsapp/X /Telegram etc),325,10,46,62,2025-07,16,34.78260869565217
670,B - SPECIAL & LOCAL LAWS,KARNATAKA STATE LOCAL ACTS,"Crypto Currency, Bitcoin, etc.",53,0,6,2,2025-07,-4,-66.66666666666666
671,B - SPECIAL & LOCAL LAWS,KARNATAKA STATE LOCAL ACTS,Remote Access Fraud  (Any Desk/ Team Viewer),5,0,1,1,2025-07,0,0.0
672,B - SPECIAL & LOCAL LAWS,KARNATAKA STATE LOCAL ACTS,OLX Fraud,115,1,10,21,2025-07,11,110.00000000000001
673,B - SPECIAL & LOCAL LAWS,KARNATAKA STATE LOCAL ACTS,Data Theft,38,0,3,8,2025-07,5,166.66666666666669
674,B - SPECIAL & LOCAL LAWS,KARNATAKA STATE LOCAL ACTS,Fedex,28,3,3,1,2025-07,-2,-66.66666666666666
675,B - SPECIAL & LOCAL LAWS,KARNATAKA STATE LOCAL ACTS,Matrimony Fraud,67,1,10,13,2025-07,3,30.0
676,B - SPECIAL & LOCAL LAWS,KARNATAKA STATE LOCAL ACTS,"OTP Frauds (KYC Update, Apk Link)",437,5,60,98,2025-07,38,63.33333333333333
677,B - SPECIAL & LOCAL LAWS,KARNATAKA STATE LOCAL ACTS,Sextortion and Revenge Porn,65,0,11,8,2025-07,-3,-27.27272727272727
678,B - SPECIAL & LOCAL LAWS,KARNATAKA STATE LOCAL ACTS,Advertising Frauds,29,0,3,6,2025-07,3,100.0
679,B - SPECIAL & LOCAL LAWS,KARNATAKA STATE LOCAL ACTS,Investment Fraud (Trading & Share Trading),2009,15,294,270,2025-07,-24,-8.16326530612245
680,B - SPECIAL & LOCAL LAWS,KARNATAKA STATE LOCAL ACTS,Fake Customer Care,186,1,24,33,2025-07,9,37.5
681,B - SPECIAL & LOCAL LAWS,KARNATAKA STATE LOCAL ACTS,ATM Fraud,13,0,1,3,2025-07,2,200.0
682,B - SPECIAL & LOCAL LAWS,KARNATAKA STATE LOCAL ACTS,Digital Arrest,207,0,21,39,2025-07,18,85.71428571428571
683,B - SPECIAL & LOCAL LAWS,KARNATAKA STATE LOCAL ACTS,AEPS (Aadhaar),1,0,0,1,2025-07,1,100.0
684,B - SPECIAL & LOCAL LAWS,KARNATAKA STATE LOCAL ACTS,Others ,1101,62,196,181,2025-07,-15,-7.653061224489796
685,B - SPECIAL & LOCAL LAWS,NATIONAL SECURITY ACT,ALL / NOT SPECIFIED,0,0,0,0,2025-07,0,0.0
686,B - SPECIAL & LOCAL LAWS,POCSO,Custodial Rape,3,0,0,1,2025-07,1,100.0
687,B - SPECIAL & LOCAL LAWS,POCSO,Gang Rape,10,3,0,1,2025-07,1,100.0
688,B - SPECIAL & LOCAL LAWS,POCSO,Rape with Murder,1,0,0,0,2025-07,0,0.0
689,B - SPECIAL & LOCAL LAWS,POCSO,Rape,1822,265,239,243,2025-07,4,1.6736401673640167
690,B - SPECIAL & LOCAL LAWS,POCSO,Others ,711,67,108,92,2025-07,-16,-14.814814814814813
691,B - SPECIAL & LOCAL LAWS,Aadhar Act,Offence by Company,0,0,0,0,2025-07,0,0.0
692,B - SPECIAL & LOCAL LAWS,Aadhar Act,Impersonation,0,0,0,0,2025-07,0,0.0
693,B - SPECIAL & LOCAL LAWS,Aadhar Act,Offence by Individual,0,0,0,0,2025-07,0,0.0
694,C. CRIMES AGAINST WOMEN,RAPE (Sec.376 IPC/64 BNS),1.1  Custodial Rape,0,0,0,0,2025-07,0,0.0
695,C. CRIMES AGAINST WOMEN,RAPE (Sec.376 IPC/64 BNS),1.2  Gang Rape,8,0,0,1,2025-07,1,100.0
696,C. CRIMES AGAINST WOMEN,RAPE (Sec.376 IPC/64 BNS),1.3  other Cases of Rape,541,67,79,68,2025-07,-11,-13.924050632911392
697,C. CRIMES AGAINST WOMEN,Outraging modesty (Molestation) (sec.354 IPC/74 BNS),ALL / NOT SPECIFIED,3453,430,525,487,2025-07,-38,-7.238095238095238
698,C. CRIMES AGAINST WOMEN,Kidnapping & Abduction of Women: (Sec.366 IPC/87 BNS),ALL / NOT SPECIFIED,67,15,10,8,2025-07,-2,-20.0
699,C. CRIMES AGAINST WOMEN,Insulting modesty (Eve-Teasing) (Sec.294 & 509 IPC/296 & 79 BNS if victim is a woman),ALL / NOT SPECIFIED,228,27,39,32,2025-07,-7,-17.94871794871795
700,C. CRIMES AGAINST WOMEN,Murder for Dowry - by burning (Sec.302 IPC/103 BNS),ALL / NOT SPECIFIED,1,0,0,0,2025-07,0,0.0
701,C. CRIMES AGAINST WOMEN,"Murder for Dowry - by other means
(Sec.302 IPC/103 BNS)",ALL / NOT SPECIFIED,5,3,0,1,2025-07,1,100.0
702,C. CRIMES AGAINST WOMEN,Murder for other reasons,ALL / NOT SPECIFIED,210,24,29,19,2025-07,-10,-34.48275862068966
703,C. CRIMES AGAINST WOMEN,Attempt to Commit Murder for dowry by burning (Sec.307 IPC/109 BNS),ALL / NOT SPECIFIED,1,0,0,0,2025-07,0,0.0
704,C. CRIMES AGAINST WOMEN,Attempt to Commit Murder for dowry by other means (Sec.307 IPC/109 BNS),ALL / NOT SPECIFIED,12,2,0,2,2025-07,2,200.0
705,C. CRIMES AGAINST WOMEN,Attempt to Commit murder for other reasons,ALL / NOT SPECIFIED,575,47,99,66,2025-07,-33,-33.33333333333333
706,C. CRIMES AGAINST WOMEN,"Dowry Death-by burning
(Sec.304-B IPC/80 BNS)",ALL / NOT SPECIFIED,1,0,0,0,2025-07,0,0.0
707,C. CRIMES AGAINST WOMEN,Dowry Death-by other Means (Sec.304(B) IPC/80 BNS),ALL / NOT SPECIFIED,69,10,7,12,2025-07,5,71.42857142857143
708,C. CRIMES AGAINST WOMEN,Cruelty by Husband or Relatives of Husband (Sec.498-A IPC/85 BNS),ALL / NOT SPECIFIED,1677,219,249,262,2025-07,13,5.220883534136546
709,C. CRIMES AGAINST WOMEN,Abetment of Suicide (Sec.306 IPC/108 BNS),ALL / NOT SPECIFIED,98,13,10,18,2025-07,8,80.0
710,C. CRIMES AGAINST WOMEN,Immoral Traffic (prevention) Act.,ALL / NOT SPECIFIED,203,24,50,37,2025-07,-13,-26.0
711,C. CRIMES AGAINST WOMEN,Indecent Representation of Women(Prohibition) Act-1986,ALL / NOT SPECIFIED,1134,151,191,184,2025-07,-7,-3.664921465968586
712,C. CRIMES AGAINST WOMEN,Pornography (Sec.292 to 294 IPC/294 TO 296 BNS),ALL / NOT SPECIFIED,1,0,0,0,2025-07,0,0.0
713,C. CRIMES AGAINST WOMEN,"Offences against Public Servants  (Sec 182-188,332,333,353IPC/217-223,121(1),121(2),132 BNS)",ALL / NOT SPECIFIED,78,6,12,12,2025-07,0,0.0
714,C. CRIMES AGAINST WOMEN,Offences related to Marriage,ALL / NOT SPECIFIED,19,3,3,2,2025-07,-1,-33.33333333333333
715,C. CRIMES AGAINST WOMEN,Cyber Crimes,ALL / NOT SPECIFIED,2635,628,389,403,2025-07,14,3.5989717223650386
716,D.CRIME AGAINST CHILDREN,"Infanticide/ Foeticide 
(Sec. 315 IPC/91 BNS)",ALL / NOT SPECIFIED,5,0,1,1,2025-07,0,0.0
717,D.CRIME AGAINST CHILDREN,Rape on Minor,ALL / NOT SPECIFIED,0,0,0,0,2025-07,0,0.0
718,D.CRIME AGAINST CHILDREN,Exposure & abandonment (Sec. 317 IPC/93 BNS),ALL / NOT SPECIFIED,37,7,4,7,2025-07,3,75.0
719,D.CRIME AGAINST CHILDREN,Kidnapping & Abduction of Children,For Ransom - of Children,5,0,1,0,2025-07,-1,-100.0
720,D.CRIME AGAINST CHILDREN,Kidnapping & Abduction of Children,of Children - for begging,0,0,0,0,2025-07,0,0.0
721,D.CRIME AGAINST CHILDREN,Kidnapping & Abduction of Children,of Girls - Immoral Purpose,0,0,0,0,2025-07,0,0.0
722,D.CRIME AGAINST CHILDREN,Kidnapping & Abduction of Children,With intent to Steal from Child,0,0,0,0,2025-07,0,0.0
723,D.CRIME AGAINST CHILDREN,Kidnapping & Abduction of Children,Lawful Guardianship,1,1,0,0,2025-07,0,0.0
724,D.CRIME AGAINST CHILDREN,Kidnapping & Abduction of Children,Procuration of Minor Girls - For Prostitution,0,0,0,0,2025-07,0,0.0
725,D.CRIME AGAINST CHILDREN,Kidnapping & Abduction of Children,Procuration of Minor Girls - Importing of Girl,0,0,0,0,2025-07,0,0.0
726,D.CRIME AGAINST CHILDREN,Kidnapping & Abduction of Children,Procuration of Minor Girls - For Other Purposes,10,2,2,0,2025-07,-2,-100.0
727,D.CRIME AGAINST CHILDREN,Selling of girls for Prostitution (Sec.372 IPC/98 BNS),ALL / NOT SPECIFIED,0,0,0,0,2025-07,0,0.0
728,D.CRIME AGAINST CHILDREN,The Prohibition of Child Marriage Act - 2006,ALL / NOT SPECIFIED,123,15,26,18,2025-07,-8,-30.76923076923077
729,D.CRIME AGAINST CHILDREN,POCSO Act,ALL / NOT SPECIFIED,2547,335,347,337,2025-07,-10,-2.881844380403458
730,D.CRIME AGAINST CHILDREN,Death of Children due to miscarriage,ALL / NOT SPECIFIED,13,2,3,1,2025-07,-2,-66.66666666666666
731,D.CRIME AGAINST CHILDREN,Juvenile Justice Act,ALL / NOT SPECIFIED,97,7,6,12,2025-07,6,100.0
732,D.CRIME AGAINST CHILDREN,Child Labour (Pro.& Reg.) Act,ALL / NOT SPECIFIED,53,7,12,17,2025-07,5,41.66666666666667
733,D.CRIME AGAINST CHILDREN,Probation of Offenders Act,ALL / NOT SPECIFIED,0,0,0,0,2025-07,0,0.0
734,"    E. CRIME AGAINST SCHEDULED CASTES /TRIBES BY NON SCs/STs 
",Murder,ALL / NOT SPECIFIED,48,6,6,5,2025-07,-1,-16.666666666666664
735,"    E. CRIME AGAINST SCHEDULED CASTES /TRIBES BY NON SCs/STs 
",Rape,ALL / NOT SPECIFIED,89,9,13,12,2025-07,-1,-7.6923076923076925
736,"    E. CRIME AGAINST SCHEDULED CASTES /TRIBES BY NON SCs/STs 
",Kidnapping,ALL / NOT SPECIFIED,104,11,12,16,2025-07,4,33.33333333333333
737,"    E. CRIME AGAINST SCHEDULED CASTES /TRIBES BY NON SCs/STs 
",Offences under the Protection of Civil Rights Act.,ALL / NOT SPECIFIED,6,0,0,1,2025-07,1,100.0
1,A - IPC Crime,"Murder (Sec.302/303 IPC/103,104 BNS)",For gain,24,4,3,3,2025-08,0,0.0
2,A - IPC Crime,"Murder (Sec.302/303 IPC/103,104 BNS)",Over Property Dispute,17,1,2,1,2025-08,-1,-50.0
3,A - IPC Crime,"Murder (Sec.302/303 IPC/103,104 BNS)",Due to Personal Vendetta or enemity,26,2,3,3,2025-08,0,0.0
4,A - IPC Crime,"Murder (Sec.302/303 IPC/103,104 BNS)",Due to Sexual jealousy,16,1,1,2,2025-08,1,100.0
5,A - IPC Crime,"Murder (Sec.302/303 IPC/103,104 BNS)",For dowry by burning,1,0,0,0,2025-08,0,0.0
6,A - IPC Crime,"Murder (Sec.302/303 IPC/103,104 BNS)",For dowry by other means,4,2,0,0,2025-08,0,0.0
7,A - IPC Crime,"Murder (Sec.302/303 IPC/103,104 BNS)",Due to Communalism,1,0,0,0,2025-08,0,0.0
8,A - IPC Crime,"Murder (Sec.302/303 IPC/103,104 BNS)",Due to Casteism,0,0,0,0,2025-08,0,0.0
9,A - IPC Crime,"Murder (Sec.302/303 IPC/103,104 BNS)",Witch Craft (Sorcery),0,0,0,0,2025-08,0,0.0
10,A - IPC Crime,"Murder (Sec.302/303 IPC/103,104 BNS)",For Human Sacrifice,0,0,0,0,2025-08,0,0.0
11,A - IPC Crime,"Murder (Sec.302/303 IPC/103,104 BNS)",Due to Terrorism/Naxalism / Extremism,0,0,0,0,2025-08,0,0.0
12,A - IPC Crime,"Murder (Sec.302/303 IPC/103,104 BNS)",For Political Reasons,0,0,0,0,2025-08,0,0.0
13,A - IPC Crime,"Murder (Sec.302/303 IPC/103,104 BNS)",Due to Adultery,10,2,1,0,2025-08,-1,-100.0
14,A - IPC Crime,"Murder (Sec.302/303 IPC/103,104 BNS)",Civil Disputes,38,4,4,1,2025-08,-3,-75.0
15,A - IPC Crime,"Murder (Sec.302/303 IPC/103,104 BNS)",Electoral Gain,0,0,0,0,2025-08,0,0.0
16,A - IPC Crime,"Murder (Sec.302/303 IPC/103,104 BNS)",Gang Rivalry,2,0,0,0,2025-08,0,0.0
17,A - IPC Crime,"Murder (Sec.302/303 IPC/103,104 BNS)",Love Intrigue,15,2,3,3,2025-08,0,0.0
18,A - IPC Crime,"Murder (Sec.302/303 IPC/103,104 BNS)",Professional ,0,0,0,0,2025-08,0,0.0
19,A - IPC Crime,"Murder (Sec.302/303 IPC/103,104 BNS)",Psychopathic/Serial Killer/Lunacy,0,0,0,0,2025-08,0,0.0
20,A - IPC Crime,"Murder (Sec.302/303 IPC/103,104 BNS)",Rape with Murder,7,2,2,0,2025-08,-2,-100.0
21,A - IPC Crime,"Murder (Sec.302/303 IPC/103,104 BNS)",Revenge/Enemity,30,5,0,4,2025-08,4,400.0
22,A - IPC Crime,"Murder (Sec.302/303 IPC/103,104 BNS)",Sudden Quarrel,66,11,8,6,2025-08,-2,-25.0
23,A - IPC Crime,"Murder (Sec.302/303 IPC/103,104 BNS)",Village Dispute,0,0,0,0,2025-08,0,0.0
24,A - IPC Crime,"Murder (Sec.302/303 IPC/103,104 BNS)",Custodial,0,0,0,0,2025-08,0,0.0
25,A - IPC Crime,"Murder (Sec.302/303 IPC/103,104 BNS)",Due to Other Causes,565,55,58,74,2025-08,16,27.586206896551722
26,A - IPC Crime,ATTEMPT TO MURDER (Sec. 307 IPC/109BNS),For Gain ,10,2,3,1,2025-08,-2,-66.66666666666666
27,A - IPC Crime,ATTEMPT TO MURDER (Sec. 307 IPC/109BNS),Over Property Dispute,53,3,7,5,2025-08,-2,-28.57142857142857
28,A - IPC Crime,ATTEMPT TO MURDER (Sec. 307 IPC/109BNS),Due to Personal Vendetta or enemity,52,3,7,1,2025-08,-6,-85.71428571428571
29,A - IPC Crime,ATTEMPT TO MURDER (Sec. 307 IPC/109BNS),Due to Sexual jealousy,7,3,0,1,2025-08,1,100.0
30,A - IPC Crime,ATTEMPT TO MURDER (Sec. 307 IPC/109BNS),For Dowry other Means,11,4,1,0,2025-08,-1,-100.0
31,A - IPC Crime,ATTEMPT TO MURDER (Sec. 307 IPC/109BNS),Dowry By Burning,1,0,0,0,2025-08,0,0.0
32,A - IPC Crime,ATTEMPT TO MURDER (Sec. 307 IPC/109BNS),Due to Communalism,1,0,0,0,2025-08,0,0.0
33,A - IPC Crime,ATTEMPT TO MURDER (Sec. 307 IPC/109BNS),Due to Casteism,1,0,0,0,2025-08,0,0.0
34,A - IPC Crime,ATTEMPT TO MURDER (Sec. 307 IPC/109BNS),Witch Craft (Sorcery),0,0,0,0,2025-08,0,0.0
35,A - IPC Crime,ATTEMPT TO MURDER (Sec. 307 IPC/109BNS),For Human Sacrifice,0,0,0,0,2025-08,0,0.0
36,A - IPC Crime,ATTEMPT TO MURDER (Sec. 307 IPC/109BNS),Terrorism /Naxalism / Extremism,0,0,0,0,2025-08,0,0.0
37,A - IPC Crime,ATTEMPT TO MURDER (Sec. 307 IPC/109BNS),For Political Reasons,6,0,0,1,2025-08,1,100.0
38,A - IPC Crime,ATTEMPT TO MURDER (Sec. 307 IPC/109BNS),Adultery,10,2,2,2,2025-08,0,0.0
39,A - IPC Crime,ATTEMPT TO MURDER (Sec. 307 IPC/109BNS),Electoral Gain,0,0,0,0,2025-08,0,0.0
40,A - IPC Crime,ATTEMPT TO MURDER (Sec. 307 IPC/109BNS),Gang Rivalry,2,1,0,0,2025-08,0,0.0
41,A - IPC Crime,ATTEMPT TO MURDER (Sec. 307 IPC/109BNS),Love Intrigue,17,1,5,3,2025-08,-2,-40.0
42,A - IPC Crime,ATTEMPT TO MURDER (Sec. 307 IPC/109BNS),Professional ,4,0,1,0,2025-08,-1,-100.0
43,A - IPC Crime,ATTEMPT TO MURDER (Sec. 307 IPC/109BNS),Rape,1,0,0,0,2025-08,0,0.0
44,A - IPC Crime,ATTEMPT TO MURDER (Sec. 307 IPC/109BNS),Revenge/Enemity,159,15,18,16,2025-08,-2,-11.11111111111111
45,A - IPC Crime,ATTEMPT TO MURDER (Sec. 307 IPC/109BNS),Sudden Quarrel,200,23,34,23,2025-08,-11,-32.35294117647059
46,A - IPC Crime,ATTEMPT TO MURDER (Sec. 307 IPC/109BNS),Village Dispute,5,0,1,2,2025-08,1,100.0
47,A - IPC Crime,ATTEMPT TO MURDER (Sec. 307 IPC/109BNS),Due to Other Causes,1400,147,135,167,2025-08,32,23.703703703703706
48,A - IPC Crime,ATTEMPT TO MURDER (Sec. 307 IPC/109BNS),Civil Disputes,246,19,31,39,2025-08,8,25.806451612903224
49,A - IPC Crime,CULPABLE HOMICIDE NOT AMOUNTING TO MUDER (Sec.304 IPC/105 BNS),For Gain,0,0,0,0,2025-08,0,0.0
50,A - IPC Crime,CULPABLE HOMICIDE NOT AMOUNTING TO MUDER (Sec.304 IPC/105 BNS),Over Civil Dispute,1,0,1,0,2025-08,-1,-100.0
51,A - IPC Crime,CULPABLE HOMICIDE NOT AMOUNTING TO MUDER (Sec.304 IPC/105 BNS),Due to Personal Vendetta or enemity,0,0,0,0,2025-08,0,0.0
52,A - IPC Crime,CULPABLE HOMICIDE NOT AMOUNTING TO MUDER (Sec.304 IPC/105 BNS),Due to Sexual jealousy,0,0,0,0,2025-08,0,0.0
53,A - IPC Crime,CULPABLE HOMICIDE NOT AMOUNTING TO MUDER (Sec.304 IPC/105 BNS),For Dowry,0,0,0,0,2025-08,0,0.0
54,A - IPC Crime,CULPABLE HOMICIDE NOT AMOUNTING TO MUDER (Sec.304 IPC/105 BNS),Due to Communalism,0,0,0,0,2025-08,0,0.0
55,A - IPC Crime,CULPABLE HOMICIDE NOT AMOUNTING TO MUDER (Sec.304 IPC/105 BNS),Due to Casteism,0,0,0,0,2025-08,0,0.0
56,A - IPC Crime,CULPABLE HOMICIDE NOT AMOUNTING TO MUDER (Sec.304 IPC/105 BNS),Witch Craft (Sorcery),0,0,0,0,2025-08,0,0.0
57,A - IPC Crime,CULPABLE HOMICIDE NOT AMOUNTING TO MUDER (Sec.304 IPC/105 BNS),For Human Sacrifice,0,0,0,0,2025-08,0,0.0
58,A - IPC Crime,CULPABLE HOMICIDE NOT AMOUNTING TO MUDER (Sec.304 IPC/105 BNS),Terrorism /Naxalism / Extremism,0,0,0,0,2025-08,0,0.0
59,A - IPC Crime,CULPABLE HOMICIDE NOT AMOUNTING TO MUDER (Sec.304 IPC/105 BNS),For Political Reasons,0,0,0,0,2025-08,0,0.0
60,A - IPC Crime,CULPABLE HOMICIDE NOT AMOUNTING TO MUDER (Sec.304 IPC/105 BNS),Adultery,0,0,0,0,2025-08,0,0.0
61,A - IPC Crime,CULPABLE HOMICIDE NOT AMOUNTING TO MUDER (Sec.304 IPC/105 BNS),Property Disputes,0,0,0,0,2025-08,0,0.0
62,A - IPC Crime,CULPABLE HOMICIDE NOT AMOUNTING TO MUDER (Sec.304 IPC/105 BNS),Electoral Gain,3,0,0,1,2025-08,1,100.0
63,A - IPC Crime,CULPABLE HOMICIDE NOT AMOUNTING TO MUDER (Sec.304 IPC/105 BNS),Gang Rivalry,0,0,0,0,2025-08,0,0.0
64,A - IPC Crime,CULPABLE HOMICIDE NOT AMOUNTING TO MUDER (Sec.304 IPC/105 BNS),Love Intrigue,0,0,0,0,2025-08,0,0.0
65,A - IPC Crime,CULPABLE HOMICIDE NOT AMOUNTING TO MUDER (Sec.304 IPC/105 BNS),Professional ,0,0,0,0,2025-08,0,0.0
66,A - IPC Crime,CULPABLE HOMICIDE NOT AMOUNTING TO MUDER (Sec.304 IPC/105 BNS),Sudden Quarrel,8,1,0,1,2025-08,1,100.0
67,A - IPC Crime,CULPABLE HOMICIDE NOT AMOUNTING TO MUDER (Sec.304 IPC/105 BNS),Due to Other Causes,60,10,1,6,2025-08,5,500.0
68,A - IPC Crime,CULPABLE HOMICIDE NOT AMOUNTING TO MUDER (Sec.304 IPC/105 BNS),Fatal (Drink & Drive),14,0,2,2,2025-08,0,0.0
69,A - IPC Crime,ATTEMPT TO CULPABLE HOMICIDE NOT AMOUNTING TO MURDER (Sec. 308 IPC/110 BNS),For Gain,0,0,0,0,2025-08,0,0.0
70,A - IPC Crime,ATTEMPT TO CULPABLE HOMICIDE NOT AMOUNTING TO MURDER (Sec. 308 IPC/110 BNS),Over Civil Dispute,2,0,1,1,2025-08,0,0.0
71,A - IPC Crime,ATTEMPT TO CULPABLE HOMICIDE NOT AMOUNTING TO MURDER (Sec. 308 IPC/110 BNS),Due to Personal Vendetta or enemity,0,0,0,0,2025-08,0,0.0
72,A - IPC Crime,ATTEMPT TO CULPABLE HOMICIDE NOT AMOUNTING TO MURDER (Sec. 308 IPC/110 BNS),Due to Sexual jealousy,0,0,0,0,2025-08,0,0.0
73,A - IPC Crime,ATTEMPT TO CULPABLE HOMICIDE NOT AMOUNTING TO MURDER (Sec. 308 IPC/110 BNS),For Dowry,0,0,0,0,2025-08,0,0.0
74,A - IPC Crime,ATTEMPT TO CULPABLE HOMICIDE NOT AMOUNTING TO MURDER (Sec. 308 IPC/110 BNS),Due to Communalism,0,0,0,0,2025-08,0,0.0
75,A - IPC Crime,ATTEMPT TO CULPABLE HOMICIDE NOT AMOUNTING TO MURDER (Sec. 308 IPC/110 BNS),Due to Casteism,0,0,0,0,2025-08,0,0.0
76,A - IPC Crime,ATTEMPT TO CULPABLE HOMICIDE NOT AMOUNTING TO MURDER (Sec. 308 IPC/110 BNS),Witch Craft (Sorcery),0,0,0,0,2025-08,0,0.0
77,A - IPC Crime,ATTEMPT TO CULPABLE HOMICIDE NOT AMOUNTING TO MURDER (Sec. 308 IPC/110 BNS),For Human Sacrifice,0,0,0,0,2025-08,0,0.0
78,A - IPC Crime,ATTEMPT TO CULPABLE HOMICIDE NOT AMOUNTING TO MURDER (Sec. 308 IPC/110 BNS),Terrorism /Naxalism / Extremism,0,0,0,0,2025-08,0,0.0
79,A - IPC Crime,ATTEMPT TO CULPABLE HOMICIDE NOT AMOUNTING TO MURDER (Sec. 308 IPC/110 BNS),For Political Reasons,0,0,0,0,2025-08,0,0.0
80,A - IPC Crime,ATTEMPT TO CULPABLE HOMICIDE NOT AMOUNTING TO MURDER (Sec. 308 IPC/110 BNS),Due to Other Causes,33,1,4,2,2025-08,-2,-50.0
81,A - IPC Crime,ATTEMPT TO CULPABLE HOMICIDE NOT AMOUNTING TO MURDER (Sec. 308 IPC/110 BNS),Adultery,1,0,0,0,2025-08,0,0.0
82,A - IPC Crime,ATTEMPT TO CULPABLE HOMICIDE NOT AMOUNTING TO MURDER (Sec. 308 IPC/110 BNS),Property Disputes,0,2,0,0,2025-08,0,0.0
83,A - IPC Crime,ATTEMPT TO CULPABLE HOMICIDE NOT AMOUNTING TO MURDER (Sec. 308 IPC/110 BNS),Electoral Gain,0,0,0,0,2025-08,0,0.0
84,A - IPC Crime,ATTEMPT TO CULPABLE HOMICIDE NOT AMOUNTING TO MURDER (Sec. 308 IPC/110 BNS),Gang Rivalry,0,0,0,0,2025-08,0,0.0
85,A - IPC Crime,ATTEMPT TO CULPABLE HOMICIDE NOT AMOUNTING TO MURDER (Sec. 308 IPC/110 BNS),Love Intrigue,2,0,0,2,2025-08,2,200.0
86,A - IPC Crime,ATTEMPT TO CULPABLE HOMICIDE NOT AMOUNTING TO MURDER (Sec. 308 IPC/110 BNS),Professional ,0,0,0,0,2025-08,0,0.0
87,A - IPC Crime,ATTEMPT TO CULPABLE HOMICIDE NOT AMOUNTING TO MURDER (Sec. 308 IPC/110 BNS),Sudden Quarrel,5,1,0,1,2025-08,1,100.0
88,A - IPC Crime,"RAPE (Sec.376, 376(A) to 376 (D) IPC/64 TO 71 BNS)",Custodial Rape,0,0,0,0,2025-08,0,0.0
89,A - IPC Crime,"RAPE (Sec.376, 376(A) to 376 (D) IPC/64 TO 71 BNS)",Attempt to Commit,8,0,2,0,2025-08,-2,-100.0
90,A - IPC Crime,"RAPE (Sec.376, 376(A) to 376 (D) IPC/64 TO 71 BNS)",By a Gang,9,2,1,1,2025-08,0,0.0
91,A - IPC Crime,"RAPE (Sec.376, 376(A) to 376 (D) IPC/64 TO 71 BNS)",By Parents,2,0,0,0,2025-08,0,0.0
92,A - IPC Crime,"RAPE (Sec.376, 376(A) to 376 (D) IPC/64 TO 71 BNS)",By Hospital Staff,3,0,1,0,2025-08,-1,-100.0
93,A - IPC Crime,"RAPE (Sec.376, 376(A) to 376 (D) IPC/64 TO 71 BNS)",By Husband During Sepearation,3,0,0,1,2025-08,1,100.0
94,A - IPC Crime,"RAPE (Sec.376, 376(A) to 376 (D) IPC/64 TO 71 BNS)",By Neighbours,30,6,7,2,2025-08,-5,-71.42857142857143
95,A - IPC Crime,"RAPE (Sec.376, 376(A) to 376 (D) IPC/64 TO 71 BNS)",By Relatives,23,2,3,4,2025-08,1,33.33333333333333
96,A - IPC Crime,"RAPE (Sec.376, 376(A) to 376 (D) IPC/64 TO 71 BNS)",In Jail Custody,0,0,0,0,2025-08,0,0.0
97,A - IPC Crime,"RAPE (Sec.376, 376(A) to 376 (D) IPC/64 TO 71 BNS)",In Remand Home,0,0,0,0,2025-08,0,0.0
98,A - IPC Crime,"RAPE (Sec.376, 376(A) to 376 (D) IPC/64 TO 71 BNS)",InCest,0,0,0,0,2025-08,0,0.0
99,A - IPC Crime,"RAPE (Sec.376, 376(A) to 376 (D) IPC/64 TO 71 BNS)",Known Person,236,30,17,23,2025-08,6,35.294117647058826
100,A - IPC Crime,"RAPE (Sec.376, 376(A) to 376 (D) IPC/64 TO 71 BNS)",Unknown Person,14,2,1,2,2025-08,1,100.0
101,A - IPC Crime,"RAPE (Sec.376, 376(A) to 376 (D) IPC/64 TO 71 BNS)",Due to Other Causes,301,19,37,49,2025-08,12,32.432432432432435
102,A - IPC Crime,"RAPE (Sec.376, 376(A) to 376 (D) IPC/64 TO 71 BNS)",On Minor,0,0,0,0,2025-08,0,0.0
103,A - IPC Crime,Sexual Intercourse by employing deceitful means (Se 69 BNS),False promises of marriage,120,3,19,21,2025-08,2,10.526315789473683
104,A - IPC Crime,Sexual Intercourse by employing deceitful means (Se 69 BNS),Falsely claiming a job promotion or employment,2,0,0,1,2025-08,1,100.0
105,A - IPC Crime,Sexual Intercourse by employing deceitful means (Se 69 BNS),Suppressing identity to induce marriage,0,0,0,0,2025-08,0,0.0
106,A - IPC Crime,Sexual Intercourse by employing deceitful means (Se 69 BNS),Other,5,0,1,1,2025-08,0,0.0
107,A - IPC Crime,"KIDNAPPING AND ABDUCTION (Sec.360, 361, 363 to 369 IPC/137(1)(A),137(1)(B),137(2),140 TO 142,97 BNS)",Missing - Boy,1828,209,201,244,2025-08,43,21.393034825870647
108,A - IPC Crime,"KIDNAPPING AND ABDUCTION (Sec.360, 361, 363 to 369 IPC/137(1)(A),137(1)(B),137(2),140 TO 142,97 BNS)",Missing - Girl,624,94,78,72,2025-08,-6,-7.6923076923076925
109,A - IPC Crime,"KIDNAPPING AND ABDUCTION (Sec.360, 361, 363 to 369 IPC/137(1)(A),137(1)(B),137(2),140 TO 142,97 BNS)",For Ransom - of Children,5,0,0,0,2025-08,0,0.0
110,A - IPC Crime,"KIDNAPPING AND ABDUCTION (Sec.360, 361, 363 to 369 IPC/137(1)(A),137(1)(B),137(2),140 TO 142,97 BNS)",For Ransom - of Cildren for Begging,0,0,0,0,2025-08,0,0.0
111,A - IPC Crime,"KIDNAPPING AND ABDUCTION (Sec.360, 361, 363 to 369 IPC/137(1)(A),137(1)(B),137(2),140 TO 142,97 BNS)",For Ransom - of Women,9,0,2,2,2025-08,0,0.0
112,A - IPC Crime,"KIDNAPPING AND ABDUCTION (Sec.360, 361, 363 to 369 IPC/137(1)(A),137(1)(B),137(2),140 TO 142,97 BNS)",For Ransom - of Girls for Immoral Purpose,0,0,0,0,2025-08,0,0.0
113,A - IPC Crime,"KIDNAPPING AND ABDUCTION (Sec.360, 361, 363 to 369 IPC/137(1)(A),137(1)(B),137(2),140 TO 142,97 BNS)",For Ransom - of  Others,41,5,12,4,2025-08,-8,-66.66666666666666
114,A - IPC Crime,"KIDNAPPING AND ABDUCTION (Sec.360, 361, 363 to 369 IPC/137(1)(A),137(1)(B),137(2),140 TO 142,97 BNS)",Procuration of Minor Girls - For Prostitution,0,0,0,0,2025-08,0,0.0
115,A - IPC Crime,"KIDNAPPING AND ABDUCTION (Sec.360, 361, 363 to 369 IPC/137(1)(A),137(1)(B),137(2),140 TO 142,97 BNS)",Procuration of Minor Girls - Importring of Girl,0,0,0,0,2025-08,0,0.0
116,A - IPC Crime,"KIDNAPPING AND ABDUCTION (Sec.360, 361, 363 to 369 IPC/137(1)(A),137(1)(B),137(2),140 TO 142,97 BNS)",Procuration of Minor Girls - For other Purpose,9,0,0,1,2025-08,1,100.0
117,A - IPC Crime,"KIDNAPPING AND ABDUCTION (Sec.360, 361, 363 to 369 IPC/137(1)(A),137(1)(B),137(2),140 TO 142,97 BNS)",Espionage,0,0,0,0,2025-08,0,0.0
118,A - IPC Crime,"KIDNAPPING AND ABDUCTION (Sec.360, 361, 363 to 369 IPC/137(1)(A),137(1)(B),137(2),140 TO 142,97 BNS)",Intent to Steal From Child,0,0,0,0,2025-08,0,0.0
119,A - IPC Crime,"KIDNAPPING AND ABDUCTION (Sec.360, 361, 363 to 369 IPC/137(1)(A),137(1)(B),137(2),140 TO 142,97 BNS)",Murder (Homicide),0,0,0,0,2025-08,0,0.0
120,A - IPC Crime,"KIDNAPPING AND ABDUCTION (Sec.360, 361, 363 to 369 IPC/137(1)(A),137(1)(B),137(2),140 TO 142,97 BNS)",Obtain Signature Forcibly,0,0,0,0,2025-08,0,0.0
121,A - IPC Crime,"KIDNAPPING AND ABDUCTION (Sec.360, 361, 363 to 369 IPC/137(1)(A),137(1)(B),137(2),140 TO 142,97 BNS)",Recovering Loan,1,1,0,0,2025-08,0,0.0
122,A - IPC Crime,"KIDNAPPING AND ABDUCTION (Sec.360, 361, 363 to 369 IPC/137(1)(A),137(1)(B),137(2),140 TO 142,97 BNS)",Settling any Disputes,6,0,2,0,2025-08,-2,-100.0
123,A - IPC Crime,"KIDNAPPING AND ABDUCTION (Sec.360, 361, 363 to 369 IPC/137(1)(A),137(1)(B),137(2),140 TO 142,97 BNS)",Unnatural Lust / Illicit Intercourse,0,0,0,0,2025-08,0,0.0
124,A - IPC Crime,"KIDNAPPING AND ABDUCTION (Sec.360, 361, 363 to 369 IPC/137(1)(A),137(1)(B),137(2),140 TO 142,97 BNS)",Wrongful Confinement,9,1,1,1,2025-08,0,0.0
125,A - IPC Crime,"KIDNAPPING AND ABDUCTION (Sec.360, 361, 363 to 369 IPC/137(1)(A),137(1)(B),137(2),140 TO 142,97 BNS)",For Exporting,0,0,0,0,2025-08,0,0.0
126,A - IPC Crime,"KIDNAPPING AND ABDUCTION (Sec.360, 361, 363 to 369 IPC/137(1)(A),137(1)(B),137(2),140 TO 142,97 BNS)",From Lawful Guardianship,5,2,0,3,2025-08,3,300.0
127,A - IPC Crime,"KIDNAPPING AND ABDUCTION (Sec.360, 361, 363 to 369 IPC/137(1)(A),137(1)(B),137(2),140 TO 142,97 BNS)",For Camel Racing Etc.,0,0,0,0,2025-08,0,0.0
128,A - IPC Crime,"KIDNAPPING AND ABDUCTION (Sec.360, 361, 363 to 369 IPC/137(1)(A),137(1)(B),137(2),140 TO 142,97 BNS)",To Compel For Marriage,4,0,0,1,2025-08,1,100.0
129,A - IPC Crime,"KIDNAPPING AND ABDUCTION (Sec.360, 361, 363 to 369 IPC/137(1)(A),137(1)(B),137(2),140 TO 142,97 BNS)",For Slavery,0,0,0,0,2025-08,0,0.0
130,A - IPC Crime,"KIDNAPPING AND ABDUCTION (Sec.360, 361, 363 to 369 IPC/137(1)(A),137(1)(B),137(2),140 TO 142,97 BNS)",For Stealing From its Person,1,0,1,0,2025-08,-1,-100.0
131,A - IPC Crime,"KIDNAPPING AND ABDUCTION (Sec.360, 361, 363 to 369 IPC/137(1)(A),137(1)(B),137(2),140 TO 142,97 BNS)",Others,270,33,32,38,2025-08,6,18.75
132,A - IPC Crime,"DACOITY (Sec. 395 to 398 IPC/310(2),310(4),311,312 BNS)",At ATM,0,0,0,0,2025-08,0,0.0
133,A - IPC Crime,"DACOITY (Sec. 395 to 398 IPC/310(2),310(4),311,312 BNS)",At Residential Premises,21,3,4,2,2025-08,-2,-50.0
134,A - IPC Crime,"DACOITY (Sec. 395 to 398 IPC/310(2),310(4),311,312 BNS)",On Highways,12,5,2,3,2025-08,1,50.0
135,A - IPC Crime,"DACOITY (Sec. 395 to 398 IPC/310(2),310(4),311,312 BNS)",In Trains,1,0,0,0,2025-08,0,0.0
136,A - IPC Crime,"DACOITY (Sec. 395 to 398 IPC/310(2),310(4),311,312 BNS)",At Banks,1,0,0,0,2025-08,0,0.0
137,A - IPC Crime,"DACOITY (Sec. 395 to 398 IPC/310(2),310(4),311,312 BNS)",At Commercial Places / Establishments,8,0,1,1,2025-08,0,0.0
138,A - IPC Crime,"DACOITY (Sec. 395 to 398 IPC/310(2),310(4),311,312 BNS)",On Other Roads,23,3,3,2,2025-08,-1,-33.33333333333333
139,A - IPC Crime,"DACOITY (Sec. 395 to 398 IPC/310(2),310(4),311,312 BNS)",In Other Places,21,3,4,2,2025-08,-2,-50.0
140,A - IPC Crime,"DACOITY (Sec. 395 to 398 IPC/310(2),310(4),311,312 BNS)",River & Sea,0,0,0,0,2025-08,0,0.0
141,A - IPC Crime,"DACOITY (Sec. 395 to 398 IPC/310(2),310(4),311,312 BNS)",Preparation And Assembly for Dacoity,43,15,6,2,2025-08,-4,-66.66666666666666
142,A - IPC Crime,"Robbery (Sec.392 to 394 IPC/309(4),309(5),309(6) BNS)",At ATM,0,0,0,0,2025-08,0,0.0
143,A - IPC Crime,"Robbery (Sec.392 to 394 IPC/309(4),309(5),309(6) BNS)",At Residential Premises,67,5,10,10,2025-08,0,0.0
144,A - IPC Crime,"Robbery (Sec.392 to 394 IPC/309(4),309(5),309(6) BNS)",On Highways,38,7,1,3,2025-08,2,200.0
145,A - IPC Crime,"Robbery (Sec.392 to 394 IPC/309(4),309(5),309(6) BNS)",In Trains,0,0,0,0,2025-08,0,0.0
146,A - IPC Crime,"Robbery (Sec.392 to 394 IPC/309(4),309(5),309(6) BNS)",At Banks,0,0,0,0,2025-08,0,0.0
147,A - IPC Crime,"Robbery (Sec.392 to 394 IPC/309(4),309(5),309(6) BNS)",At Commercial Places / Establishments,29,3,10,2,2025-08,-8,-80.0
148,A - IPC Crime,"Robbery (Sec.392 to 394 IPC/309(4),309(5),309(6) BNS)",In Other Places,215,43,26,36,2025-08,10,38.46153846153847
149,A - IPC Crime,"Robbery (Sec.392 to 394 IPC/309(4),309(5),309(6) BNS)",Chain Snatching,318,51,42,25,2025-08,-17,-40.476190476190474
150,A - IPC Crime,"Robbery (Sec.392 to 394 IPC/309(4),309(5),309(6) BNS)",Attempt to Commit,30,8,6,4,2025-08,-2,-33.33333333333333
151,A - IPC Crime,"BURGLARY - NIGHT (Sec. 380 IPC R/W 453 TO 460, 462 IPC/305,R/W 331(1) TO 331(8),334(2) BNS)",At Residential Premises,1592,200,190,201,2025-08,11,5.7894736842105265
152,A - IPC Crime,"BURGLARY - NIGHT (Sec. 380 IPC R/W 453 TO 460, 462 IPC/305,R/W 331(1) TO 331(8),334(2) BNS)",On Highways,1,0,0,0,2025-08,0,0.0
153,A - IPC Crime,"BURGLARY - NIGHT (Sec. 380 IPC R/W 453 TO 460, 462 IPC/305,R/W 331(1) TO 331(8),334(2) BNS)",In Trains,0,0,0,0,2025-08,0,0.0
154,A - IPC Crime,"BURGLARY - NIGHT (Sec. 380 IPC R/W 453 TO 460, 462 IPC/305,R/W 331(1) TO 331(8),334(2) BNS)",At Banks,20,2,4,3,2025-08,-1,-25.0
155,A - IPC Crime,"BURGLARY - NIGHT (Sec. 380 IPC R/W 453 TO 460, 462 IPC/305,R/W 331(1) TO 331(8),334(2) BNS)",At Commercial Places / Establishments,440,51,77,68,2025-08,-9,-11.688311688311687
156,A - IPC Crime,"BURGLARY - NIGHT (Sec. 380 IPC R/W 453 TO 460, 462 IPC/305,R/W 331(1) TO 331(8),334(2) BNS)",In Other Places,318,37,41,38,2025-08,-3,-7.317073170731707
157,A - IPC Crime,"BURGLARY - NIGHT (Sec. 380 IPC R/W 453 TO 460, 462 IPC/305,R/W 331(1) TO 331(8),334(2) BNS)",Temple Theft,218,32,37,37,2025-08,0,0.0
158,A - IPC Crime,"BURGLARY - DAY (Sec. 380 IPC R/W 453 TO 460, 462 IPC/305,R/W 331(1) TO 331(8), 334(2) BNS)",At Residential Premises,637,100,82,77,2025-08,-5,-6.097560975609756
159,A - IPC Crime,"BURGLARY - DAY (Sec. 380 IPC R/W 453 TO 460, 462 IPC/305,R/W 331(1) TO 331(8), 334(2) BNS)",On Highways,0,0,0,0,2025-08,0,0.0
160,A - IPC Crime,"BURGLARY - DAY (Sec. 380 IPC R/W 453 TO 460, 462 IPC/305,R/W 331(1) TO 331(8), 334(2) BNS)",In Trains,0,0,0,0,2025-08,0,0.0
161,A - IPC Crime,"BURGLARY - DAY (Sec. 380 IPC R/W 453 TO 460, 462 IPC/305,R/W 331(1) TO 331(8), 334(2) BNS)",At Banks,1,0,1,0,2025-08,-1,-100.0
162,A - IPC Crime,"BURGLARY - DAY (Sec. 380 IPC R/W 453 TO 460, 462 IPC/305,R/W 331(1) TO 331(8), 334(2) BNS)",At Commercial Places / Establishments,25,2,5,5,2025-08,0,0.0
163,A - IPC Crime,"BURGLARY - DAY (Sec. 380 IPC R/W 453 TO 460, 462 IPC/305,R/W 331(1) TO 331(8), 334(2) BNS)",In Other Places,29,8,6,6,2025-08,0,0.0
164,A - IPC Crime,"BURGLARY - DAY (Sec. 380 IPC R/W 453 TO 460, 462 IPC/305,R/W 331(1) TO 331(8), 334(2) BNS)",Temple Theft,9,0,1,3,2025-08,2,200.0
165,A - IPC Crime,THEFT (Sec.379 to 389 IPC/303(2) TO 308(7) BNS),Attempt to commit,33,5,2,2,2025-08,0,0.0
166,A - IPC Crime,THEFT (Sec.379 to 389 IPC/303(2) TO 308(7) BNS),Of Automobiles - Of Tractors,60,6,7,6,2025-08,-1,-14.285714285714285
167,A - IPC Crime,THEFT (Sec.379 to 389 IPC/303(2) TO 308(7) BNS),In Running Bus,68,11,7,6,2025-08,-1,-14.285714285714285
168,A - IPC Crime,THEFT (Sec.379 to 389 IPC/303(2) TO 308(7) BNS),Of Snatching,378,36,36,47,2025-08,11,30.555555555555557
169,A - IPC Crime,THEFT (Sec.379 to 389 IPC/303(2) TO 308(7) BNS),At ATM,17,1,1,2,2025-08,1,100.0
170,A - IPC Crime,THEFT (Sec.379 to 389 IPC/303(2) TO 308(7) BNS),Of Sand,870,70,66,84,2025-08,18,27.27272727272727
171,A - IPC Crime,THEFT (Sec.379 to 389 IPC/303(2) TO 308(7) BNS),Government Office,22,0,5,3,2025-08,-2,-40.0
172,A - IPC Crime,THEFT (Sec.379 to 389 IPC/303(2) TO 308(7) BNS),Of Mines,53,1,1,13,2025-08,12,1200.0
173,A - IPC Crime,THEFT (Sec.379 to 389 IPC/303(2) TO 308(7) BNS),Communication And Elec. Wire,177,20,26,26,2025-08,0,0.0
174,A - IPC Crime,THEFT (Sec.379 to 389 IPC/303(2) TO 308(7) BNS),Of Cattle,358,59,57,48,2025-08,-9,-15.789473684210526
175,A - IPC Crime,THEFT (Sec.379 to 389 IPC/303(2) TO 308(7) BNS),Of Cycle,21,6,0,1,2025-08,1,100.0
176,A - IPC Crime,THEFT (Sec.379 to 389 IPC/303(2) TO 308(7) BNS),Of Automobiles - Of Lorries/Trucks,83,10,15,9,2025-08,-6,-40.0
177,A - IPC Crime,THEFT (Sec.379 to 389 IPC/303(2) TO 308(7) BNS),Of Automobiles - Of Buses,1,0,0,0,2025-08,0,0.0
178,A - IPC Crime,THEFT (Sec.379 to 389 IPC/303(2) TO 308(7) BNS),Of Automobiles - Of Cars / Jeeps,165,23,21,20,2025-08,-1,-4.761904761904762
179,A - IPC Crime,THEFT (Sec.379 to 389 IPC/303(2) TO 308(7) BNS),Of Automobiles - Of Two Wheelers ,5951,874,756,647,2025-08,-109,-14.417989417989418
180,A - IPC Crime,THEFT (Sec.379 to 389 IPC/303(2) TO 308(7) BNS),Of Automobies - of Three Wheelers,162,27,24,17,2025-08,-7,-29.166666666666668
181,A - IPC Crime,THEFT (Sec.379 to 389 IPC/303(2) TO 308(7) BNS),Of Accessories of Motor Vehicle,167,23,14,23,2025-08,9,64.28571428571429
182,A - IPC Crime,THEFT (Sec.379 to 389 IPC/303(2) TO 308(7) BNS),Govt. Vehicle,2,0,1,0,2025-08,-1,-100.0
183,A - IPC Crime,THEFT (Sec.379 to 389 IPC/303(2) TO 308(7) BNS),"Electronic Goods (Radio, TV, VCR, Acs, Office Automation Equipments)",656,107,91,76,2025-08,-15,-16.483516483516482
184,A - IPC Crime,THEFT (Sec.379 to 389 IPC/303(2) TO 308(7) BNS),Of Fire Arms,7,2,2,1,2025-08,-1,-50.0
185,A - IPC Crime,THEFT (Sec.379 to 389 IPC/303(2) TO 308(7) BNS),Of Explosives,1,0,0,1,2025-08,1,100.0
186,A - IPC Crime,THEFT (Sec.379 to 389 IPC/303(2) TO 308(7) BNS),Of Cultural - Idols,8,0,2,0,2025-08,-2,-100.0
187,A - IPC Crime,THEFT (Sec.379 to 389 IPC/303(2) TO 308(7) BNS),Of Cultural - Painting,0,0,0,0,2025-08,0,0.0
188,A - IPC Crime,THEFT (Sec.379 to 389 IPC/303(2) TO 308(7) BNS),Of Cultrual - Others,156,21,23,27,2025-08,4,17.391304347826086
189,A - IPC Crime,THEFT (Sec.379 to 389 IPC/303(2) TO 308(7) BNS),Cash,334,44,46,36,2025-08,-10,-21.73913043478261
190,A - IPC Crime,THEFT (Sec.379 to 389 IPC/303(2) TO 308(7) BNS),Jewellery,1016,108,89,117,2025-08,28,31.46067415730337
191,A - IPC Crime,THEFT (Sec.379 to 389 IPC/303(2) TO 308(7) BNS),Other Items Not Included Above,1141,149,152,150,2025-08,-2,-1.3157894736842104
192,A - IPC Crime,THEFT (Sec.379 to 389 IPC/303(2) TO 308(7) BNS),In Running Train,33,4,4,3,2025-08,-1,-25.0
193,A - IPC Crime,THEFT (Sec.379 to 389 IPC/303(2) TO 308(7) BNS),Extortion,181,17,24,21,2025-08,-3,-12.5
194,A - IPC Crime,THEFT (Sec.379 to 389 IPC/303(2) TO 308(7) BNS),House Theft,1229,146,159,142,2025-08,-17,-10.69182389937107
195,A - IPC Crime,THEFT (Sec.379 to 389 IPC/303(2) TO 308(7) BNS),Servant Theft,327,32,42,41,2025-08,-1,-2.380952380952381
196,A - IPC Crime,"RIOTS (Sec.141 to 153 IPC/189(1) TO 189(6),191(1)TO 191(3), 190,192,195 BNS))",Land Dispute,719,67,90,86,2025-08,-4,-4.444444444444445
197,A - IPC Crime,"RIOTS (Sec.141 to 153 IPC/189(1) TO 189(6),191(1)TO 191(3), 190,192,195 BNS))",Employee - Govt.,2,0,1,1,2025-08,0,0.0
198,A - IPC Crime,"RIOTS (Sec.141 to 153 IPC/189(1) TO 189(6),191(1)TO 191(3), 190,192,195 BNS))",Labour - Private Sector,1,0,1,0,2025-08,-1,-100.0
199,A - IPC Crime,"RIOTS (Sec.141 to 153 IPC/189(1) TO 189(6),191(1)TO 191(3), 190,192,195 BNS))",Labour - Public Sector,1,0,0,0,2025-08,0,0.0
200,A - IPC Crime,"RIOTS (Sec.141 to 153 IPC/189(1) TO 189(6),191(1)TO 191(3), 190,192,195 BNS))",Linguistic,2,0,1,0,2025-08,-1,-100.0
201,A - IPC Crime,"RIOTS (Sec.141 to 153 IPC/189(1) TO 189(6),191(1)TO 191(3), 190,192,195 BNS))",Political ,4,1,0,1,2025-08,1,100.0
202,A - IPC Crime,"RIOTS (Sec.141 to 153 IPC/189(1) TO 189(6),191(1)TO 191(3), 190,192,195 BNS))",Regional,3,1,0,1,2025-08,1,100.0
203,A - IPC Crime,"RIOTS (Sec.141 to 153 IPC/189(1) TO 189(6),191(1)TO 191(3), 190,192,195 BNS))",Sectarian,0,0,0,0,2025-08,0,0.0
204,A - IPC Crime,"RIOTS (Sec.141 to 153 IPC/189(1) TO 189(6),191(1)TO 191(3), 190,192,195 BNS))",Students,2,0,0,0,2025-08,0,0.0
205,A - IPC Crime,"RIOTS (Sec.141 to 153 IPC/189(1) TO 189(6),191(1)TO 191(3), 190,192,195 BNS))",Tribal,0,0,0,0,2025-08,0,0.0
206,A - IPC Crime,"RIOTS (Sec.141 to 153 IPC/189(1) TO 189(6),191(1)TO 191(3), 190,192,195 BNS))",Due to Village Disputes,10,2,0,1,2025-08,1,100.0
207,A - IPC Crime,"RIOTS (Sec.141 to 153 IPC/189(1) TO 189(6),191(1)TO 191(3), 190,192,195 BNS))",Communal,5,0,1,1,2025-08,0,0.0
208,A - IPC Crime,"RIOTS (Sec.141 to 153 IPC/189(1) TO 189(6),191(1)TO 191(3), 190,192,195 BNS))",Industrial,3,0,0,1,2025-08,1,100.0
209,A - IPC Crime,"RIOTS (Sec.141 to 153 IPC/189(1) TO 189(6),191(1)TO 191(3), 190,192,195 BNS))",Caste,3,0,0,1,2025-08,1,100.0
210,A - IPC Crime,"RIOTS (Sec.141 to 153 IPC/189(1) TO 189(6),191(1)TO 191(3), 190,192,195 BNS))",Agrarian,0,0,0,0,2025-08,0,0.0
211,A - IPC Crime,"RIOTS (Sec.141 to 153 IPC/189(1) TO 189(6),191(1)TO 191(3), 190,192,195 BNS))",Others,1585,151,173,194,2025-08,21,12.138728323699421
212,A - IPC Crime,"OFFENCES AGAINST STATE (Sec. 121 to 130, except 124(A) IPC/147 TO 158 BNS)",ALL / NOT SPECIFIED,0,0,0,0,2025-08,0,0.0
213,A - IPC Crime,"OFFENCES PROMOTING ENEMITY (Sec. 153(A), 154(B) & 505 IPC/196, 197 & 353 BNS",ALL / NOT SPECIFIED,133,3,12,19,2025-08,7,58.333333333333336
214,A - IPC Crime,CRIMINAL BREACH OF TRUST (Sec. 406 to 409 IPC/316(2) to 316(5) BNS),ALL / NOT SPECIFIED,477,60,67,63,2025-08,-4,-5.970149253731343
215,A - IPC Crime,"CHEATING (Sec.417 to 420 IPC/318(2)to 318(4), 319(2) BNS)",ALL / NOT SPECIFIED,3724,516,500,377,2025-08,-123,-24.6
216,A - IPC Crime,"COUNTERFEITING (Sec. 231 to 263 (A), 489(A) to 489 (E) IPC/178 TO 185 BNS)","Stock Share, Debentrue Certificate",0,0,0,0,2025-08,0,0.0
217,A - IPC Crime,"COUNTERFEITING (Sec. 231 to 263 (A), 489(A) to 489 (E) IPC/178 TO 185 BNS)",Usage of Counterfeit Stamp,0,0,0,0,2025-08,0,0.0
218,A - IPC Crime,"COUNTERFEITING (Sec. 231 to 263 (A), 489(A) to 489 (E) IPC/178 TO 185 BNS)",Of Coins (Sec 231 to 254 IPC),0,0,0,0,2025-08,0,0.0
219,A - IPC Crime,"COUNTERFEITING (Sec. 231 to 263 (A), 489(A) to 489 (E) IPC/178 TO 185 BNS)",Of Stamps (Sec.255 to 263(A) IPC),0,0,0,0,2025-08,0,0.0
220,A - IPC Crime,"COUNTERFEITING (Sec. 231 to 263 (A), 489(A) to 489 (E) IPC/178 TO 185 BNS)",Of Currency Notes And Bank Notes (Sec. 489 (A) to 489 (E) IPC),25,4,4,2,2025-08,-2,-50.0
221,A - IPC Crime,"COUNTERFEITING (Sec. 231 to 263 (A), 489(A) to 489 (E) IPC/178 TO 185 BNS)",Of Others,0,0,0,0,2025-08,0,0.0
222,A - IPC Crime,"FORGERY (Sec. 465, 468, 471, 473, 476, 477 & 477(A) IPC/336(2),336(3),340(2),341(2),342(2),343,
344 BNS)",Forgery  ,294,22,37,43,2025-08,6,16.216216216216218
223,A - IPC Crime,"FORGERY (Sec. 465, 468, 471, 473, 476, 477 & 477(A) IPC/336(2),336(3),340(2),341(2),342(2),343,
344 BNS)",Organised (Racket),0,0,0,0,2025-08,0,0.0
224,A - IPC Crime,"FORGERY (Sec. 465, 468, 471, 473, 476, 477 & 477(A) IPC/336(2),336(3),340(2),341(2),342(2),343,
344 BNS)",Forgery of Passport,0,0,0,0,2025-08,0,0.0
225,A - IPC Crime,"FORGERY (Sec. 465, 468, 471, 473, 476, 477 & 477(A) IPC/336(2),336(3),340(2),341(2),342(2),343,
344 BNS)",Other Forgery,106,8,12,5,2025-08,-7,-58.333333333333336
226,A - IPC Crime,"CASES OF HURT (Sec. 323 to 335 IPC except 328, 332, 333/115(2) TO 122(2) EXCEPT 121(1),121(2) BNS)",Acid Attack (326(a)),7,0,2,0,2025-08,-2,-100.0
227,A - IPC Crime,"CASES OF HURT (Sec. 323 to 335 IPC except 328, 332, 333/115(2) TO 122(2) EXCEPT 121(1),121(2) BNS)",Attempt to Acid Attack (326(b)),1,0,0,0,2025-08,0,0.0
228,A - IPC Crime,"CASES OF HURT (Sec. 323 to 335 IPC except 328, 332, 333/115(2) TO 122(2) EXCEPT 121(1),121(2) BNS)",Grievous Hurt,810,91,93,82,2025-08,-11,-11.827956989247312
229,A - IPC Crime,"CASES OF HURT (Sec. 323 to 335 IPC except 328, 332, 333/115(2) TO 122(2) EXCEPT 121(1),121(2) BNS)",Simple Hurt,10271,1169,1258,1153,2025-08,-105,-8.34658187599364
230,A - IPC Crime,"CASES OF HURT (Sec. 323 to 335 IPC except 328, 332, 333/115(2) TO 122(2) EXCEPT 121(1),121(2) BNS)",Custodial,1,0,0,0,2025-08,0,0.0
231,A - IPC Crime,"ADULTERATION (Sec. 272, 273 to 276 IPC/274,275 TO 278 BNS)",Attempt to Commit,0,0,0,0,2025-08,0,0.0
232,A - IPC Crime,"ADULTERATION (Sec. 272, 273 to 276 IPC/274,275 TO 278 BNS)",Alcoholic Drink (Liquor),4,1,0,0,2025-08,0,0.0
233,A - IPC Crime,"ADULTERATION (Sec. 272, 273 to 276 IPC/274,275 TO 278 BNS)",Cement & Chemical/Fertiliser,0,0,0,0,2025-08,0,0.0
234,A - IPC Crime,"ADULTERATION (Sec. 272, 273 to 276 IPC/274,275 TO 278 BNS)",Cosmetics,0,0,0,0,2025-08,0,0.0
235,A - IPC Crime,"ADULTERATION (Sec. 272, 273 to 276 IPC/274,275 TO 278 BNS)",Diesel,0,0,0,0,2025-08,0,0.0
236,A - IPC Crime,"ADULTERATION (Sec. 272, 273 to 276 IPC/274,275 TO 278 BNS)",Drug/Medicine,4,0,0,1,2025-08,1,100.0
237,A - IPC Crime,"ADULTERATION (Sec. 272, 273 to 276 IPC/274,275 TO 278 BNS)",Edible Oil,0,0,0,0,2025-08,0,0.0
238,A - IPC Crime,"ADULTERATION (Sec. 272, 273 to 276 IPC/274,275 TO 278 BNS)",Food Grain,2,0,0,1,2025-08,1,100.0
239,A - IPC Crime,"ADULTERATION (Sec. 272, 273 to 276 IPC/274,275 TO 278 BNS)",Kerosene,0,0,0,0,2025-08,0,0.0
240,A - IPC Crime,"ADULTERATION (Sec. 272, 273 to 276 IPC/274,275 TO 278 BNS)",Life Saving Drug,0,0,0,0,2025-08,0,0.0
241,A - IPC Crime,"ADULTERATION (Sec. 272, 273 to 276 IPC/274,275 TO 278 BNS)",Mobile Oil,0,0,0,0,2025-08,0,0.0
242,A - IPC Crime,"ADULTERATION (Sec. 272, 273 to 276 IPC/274,275 TO 278 BNS)",Petrol,0,0,0,0,2025-08,0,0.0
243,A - IPC Crime,"ADULTERATION (Sec. 272, 273 to 276 IPC/274,275 TO 278 BNS)",Petroleum Product,0,0,0,0,2025-08,0,0.0
244,A - IPC Crime,"ADULTERATION (Sec. 272, 273 to 276 IPC/274,275 TO 278 BNS)",Soft Drinks,0,0,0,0,2025-08,0,0.0
245,A - IPC Crime,"ADULTERATION (Sec. 272, 273 to 276 IPC/274,275 TO 278 BNS)",Spices,0,0,0,0,2025-08,0,0.0
246,A - IPC Crime,"ADULTERATION (Sec. 272, 273 to 276 IPC/274,275 TO 278 BNS)",Others,7,0,1,1,2025-08,0,0.0
247,A - IPC Crime,AFFRAY (Sec. 160 IPC/194(2) BNS),ALL / NOT SPECIFIED,474,45,72,53,2025-08,-19,-26.38888888888889
248,A - IPC Crime,"ARSON (Sec. 435, 436, 438 IPC/326(f),326(g),327(g) BNS)",Agricultural Produce,31,2,3,1,2025-08,-2,-66.66666666666666
249,A - IPC Crime,"ARSON (Sec. 435, 436, 438 IPC/326(f),326(g),327(g) BNS)",Attemp to Commit,0,0,0,0,2025-08,0,0.0
250,A - IPC Crime,"ARSON (Sec. 435, 436, 438 IPC/326(f),326(g),327(g) BNS)",Boat / Ship,0,0,0,0,2025-08,0,0.0
251,A - IPC Crime,"ARSON (Sec. 435, 436, 438 IPC/326(f),326(g),327(g) BNS)",Dwelling House,14,2,3,3,2025-08,0,0.0
252,A - IPC Crime,"ARSON (Sec. 435, 436, 438 IPC/326(f),326(g),327(g) BNS)",Educational Institution,1,0,0,0,2025-08,0,0.0
253,A - IPC Crime,"ARSON (Sec. 435, 436, 438 IPC/326(f),326(g),327(g) BNS)",Govt. Property,3,0,0,0,2025-08,0,0.0
254,A - IPC Crime,"ARSON (Sec. 435, 436, 438 IPC/326(f),326(g),327(g) BNS)",Industrial Establishment,0,0,0,0,2025-08,0,0.0
255,A - IPC Crime,"ARSON (Sec. 435, 436, 438 IPC/326(f),326(g),327(g) BNS)",Place of worship,1,0,0,0,2025-08,0,0.0
256,A - IPC Crime,"ARSON (Sec. 435, 436, 438 IPC/326(f),326(g),327(g) BNS)",Public Place,8,0,1,1,2025-08,0,0.0
257,A - IPC Crime,"ARSON (Sec. 435, 436, 438 IPC/326(f),326(g),327(g) BNS)",Railway Property,0,0,0,0,2025-08,0,0.0
258,A - IPC Crime,"ARSON (Sec. 435, 436, 438 IPC/326(f),326(g),327(g) BNS)",Vital Installation,0,0,0,0,2025-08,0,0.0
259,A - IPC Crime,"ARSON (Sec. 435, 436, 438 IPC/326(f),326(g),327(g) BNS)",Warehouse (Godown),2,0,0,0,2025-08,0,0.0
260,A - IPC Crime,"ARSON (Sec. 435, 436, 438 IPC/326(f),326(g),327(g) BNS)",Others,77,6,7,10,2025-08,3,42.857142857142854
261,A - IPC Crime,"ASSAULT (Sec 356, 357 IPC/134,135 BNS)",Attempt To Commit,4,0,0,0,2025-08,0,0.0
262,A - IPC Crime,"ASSAULT (Sec 356, 357 IPC/134,135 BNS)",On Contractor,0,0,0,0,2025-08,0,0.0
263,A - IPC Crime,"ASSAULT (Sec 356, 357 IPC/134,135 BNS)",On Domestic Servant,0,0,0,0,2025-08,0,0.0
264,A - IPC Crime,"ASSAULT (Sec 356, 357 IPC/134,135 BNS)",On Labourer,2,0,0,1,2025-08,1,100.0
265,A - IPC Crime,"ASSAULT (Sec 356, 357 IPC/134,135 BNS)",On Man (General),10,1,1,2,2025-08,1,100.0
266,A - IPC Crime,"ASSAULT (Sec 356, 357 IPC/134,135 BNS)",On Man (SC),0,0,0,0,2025-08,0,0.0
267,A - IPC Crime,"ASSAULT (Sec 356, 357 IPC/134,135 BNS)",On Man (ST),0,0,0,0,2025-08,0,0.0
268,A - IPC Crime,"ASSAULT (Sec 356, 357 IPC/134,135 BNS)",On Manager/Executive (Other Than Public Servant),0,0,0,0,2025-08,0,0.0
269,A - IPC Crime,"ASSAULT (Sec 356, 357 IPC/134,135 BNS)","On Member of Clergy (Christian, Budhist, Jain, Sikh)",0,0,0,0,2025-08,0,0.0
270,A - IPC Crime,"ASSAULT (Sec 356, 357 IPC/134,135 BNS)",Member of Legislative Assembly / Council (MLA/MLC),0,0,0,0,2025-08,0,0.0
271,A - IPC Crime,"ASSAULT (Sec 356, 357 IPC/134,135 BNS)",On Member of Parliament (MP),0,0,0,0,2025-08,0,0.0
272,A - IPC Crime,"ASSAULT (Sec 356, 357 IPC/134,135 BNS)",On other Dignitaries /Public Figures,1,0,1,0,2025-08,-1,-100.0
273,A - IPC Crime,"ASSAULT (Sec 356, 357 IPC/134,135 BNS)",On Press,0,0,0,0,2025-08,0,0.0
274,A - IPC Crime,"ASSAULT (Sec 356, 357 IPC/134,135 BNS)",On Professional ,0,0,0,0,2025-08,0,0.0
275,A - IPC Crime,"ASSAULT (Sec 356, 357 IPC/134,135 BNS)",On Public Servant,0,0,0,0,2025-08,0,0.0
276,A - IPC Crime,"ASSAULT (Sec 356, 357 IPC/134,135 BNS)",On Student,0,0,0,0,2025-08,0,0.0
277,A - IPC Crime,"ASSAULT (Sec 356, 357 IPC/134,135 BNS)",On Teacher,0,0,0,0,2025-08,0,0.0
278,A - IPC Crime,"ASSAULT (Sec 356, 357 IPC/134,135 BNS)",On Women (General),0,1,0,0,2025-08,0,0.0
279,A - IPC Crime,"ASSAULT (Sec 356, 357 IPC/134,135 BNS)",On Woman (SC),0,0,0,0,2025-08,0,0.0
280,A - IPC Crime,"ASSAULT (Sec 356, 357 IPC/134,135 BNS)",On Woman (ST),0,0,0,0,2025-08,0,0.0
281,A - IPC Crime,COMMUNAL / RELIGION (Sec. 295 to 297 IPC/298 TO 301 BNS),Attempt to Commit,2,0,0,1,2025-08,1,100.0
282,A - IPC Crime,COMMUNAL / RELIGION (Sec. 295 to 297 IPC/298 TO 301 BNS),Caste Issue,4,1,0,1,2025-08,1,100.0
283,A - IPC Crime,COMMUNAL / RELIGION (Sec. 295 to 297 IPC/298 TO 301 BNS),Communal Issue,37,3,1,11,2025-08,10,1000.0
284,A - IPC Crime,COMMUNAL / RELIGION (Sec. 295 to 297 IPC/298 TO 301 BNS),Linguistic Issue,0,0,0,0,2025-08,0,0.0
285,A - IPC Crime,COMMUNAL / RELIGION (Sec. 295 to 297 IPC/298 TO 301 BNS),Political Issue,1,0,1,0,2025-08,-1,-100.0
286,A - IPC Crime,COMMUNAL / RELIGION (Sec. 295 to 297 IPC/298 TO 301 BNS),Racial/Ethnic Issue,0,0,0,0,2025-08,0,0.0
287,A - IPC Crime,COMMUNAL / RELIGION (Sec. 295 to 297 IPC/298 TO 301 BNS),Regional Issue,11,1,0,2,2025-08,2,200.0
288,A - IPC Crime,COMMUNAL / RELIGION (Sec. 295 to 297 IPC/298 TO 301 BNS),Religious Issue,64,9,6,6,2025-08,0,0.0
289,A - IPC Crime,COMMUNAL / RELIGION (Sec. 295 to 297 IPC/298 TO 301 BNS),Sectarian Issue,0,0,0,0,2025-08,0,0.0
290,A - IPC Crime,COMMUNAL / RELIGION (Sec. 295 to 297 IPC/298 TO 301 BNS),Others,58,2,5,5,2025-08,0,0.0
291,A - IPC Crime,"CRIMINAL CONSPIRACY (Sec. 120(B), 121(A) IPC/61(2),148 BNS)",Conspiracy To Wage War,0,0,0,0,2025-08,0,0.0
292,A - IPC Crime,"CRIMINAL CONSPIRACY (Sec. 120(B), 121(A) IPC/61(2),148 BNS)",Related to Substantive Offence,0,0,0,0,2025-08,0,0.0
293,A - IPC Crime,"CRIMINAL CONSPIRACY (Sec. 120(B), 121(A) IPC/61(2),148 BNS)",Others,9,1,0,0,2025-08,0,0.0
294,A - IPC Crime,CRIMINAL INTIMIDATION (Sec. 504 to 508 IPC/352 TO 354 BNS),ALL / NOT SPECIFIED,2153,252,264,255,2025-08,-9,-3.4090909090909087
295,A - IPC Crime,"CRIMINAL MISAPPROPRIATION (Sec. 403, 404 IPC/314,315 BNS)",Attempt to Commit,0,0,0,0,2025-08,0,0.0
296,A - IPC Crime,"CRIMINAL MISAPPROPRIATION (Sec. 403, 404 IPC/314,315 BNS)",Bank,1,0,0,0,2025-08,0,0.0
297,A - IPC Crime,"CRIMINAL MISAPPROPRIATION (Sec. 403, 404 IPC/314,315 BNS)",Business Establishment,1,0,0,0,2025-08,0,0.0
298,A - IPC Crime,"CRIMINAL MISAPPROPRIATION (Sec. 403, 404 IPC/314,315 BNS)",Charitable Organisation,0,0,0,0,2025-08,0,0.0
299,A - IPC Crime,"CRIMINAL MISAPPROPRIATION (Sec. 403, 404 IPC/314,315 BNS)",Chitfund Organisation,0,0,0,0,2025-08,0,0.0
300,A - IPC Crime,"CRIMINAL MISAPPROPRIATION (Sec. 403, 404 IPC/314,315 BNS)",Co-operative Organisation,3,0,0,0,2025-08,0,0.0
301,A - IPC Crime,"CRIMINAL MISAPPROPRIATION (Sec. 403, 404 IPC/314,315 BNS)",Commercial Establishment/Shop,0,0,0,0,2025-08,0,0.0
302,A - IPC Crime,"CRIMINAL MISAPPROPRIATION (Sec. 403, 404 IPC/314,315 BNS)",Customs Department,0,0,0,0,2025-08,0,0.0
303,A - IPC Crime,"CRIMINAL MISAPPROPRIATION (Sec. 403, 404 IPC/314,315 BNS)",Excise Department,0,0,0,0,2025-08,0,0.0
304,A - IPC Crime,"CRIMINAL MISAPPROPRIATION (Sec. 403, 404 IPC/314,315 BNS)",Financial Institution,0,0,0,0,2025-08,0,0.0
305,A - IPC Crime,"CRIMINAL MISAPPROPRIATION (Sec. 403, 404 IPC/314,315 BNS)",Income Tax Department,0,0,0,0,2025-08,0,0.0
306,A - IPC Crime,"CRIMINAL MISAPPROPRIATION (Sec. 403, 404 IPC/314,315 BNS)",Other Government Organisation,1,0,0,0,2025-08,0,0.0
307,A - IPC Crime,"CRIMINAL MISAPPROPRIATION (Sec. 403, 404 IPC/314,315 BNS)",Postal Department,0,0,0,0,2025-08,0,0.0
308,A - IPC Crime,"CRIMINAL MISAPPROPRIATION (Sec. 403, 404 IPC/314,315 BNS)",Public Sector Undertakings,0,0,0,0,2025-08,0,0.0
309,A - IPC Crime,"CRIMINAL MISAPPROPRIATION (Sec. 403, 404 IPC/314,315 BNS)",Railway Department,0,0,0,0,2025-08,0,0.0
310,A - IPC Crime,"CRIMINAL MISAPPROPRIATION (Sec. 403, 404 IPC/314,315 BNS)",Revenue Department,0,0,0,0,2025-08,0,0.0
311,A - IPC Crime,"CRIMINAL MISAPPROPRIATION (Sec. 403, 404 IPC/314,315 BNS)",Sales Tax Department,0,0,0,0,2025-08,0,0.0
312,A - IPC Crime,"CRIMINAL MISAPPROPRIATION (Sec. 403, 404 IPC/314,315 BNS)",Social Organisation (Aided) (N),0,0,0,0,2025-08,0,0.0
313,A - IPC Crime,"CRIMINAL MISAPPROPRIATION (Sec. 403, 404 IPC/314,315 BNS)",Transport Authority,0,0,0,0,2025-08,0,0.0
314,A - IPC Crime,"CRIMINAL MISAPPROPRIATION (Sec. 403, 404 IPC/314,315 BNS)",Trust - Other than religious,1,0,0,0,2025-08,0,0.0
315,A - IPC Crime,"CRIMINAL MISAPPROPRIATION (Sec. 403, 404 IPC/314,315 BNS)",Trust - Religious,0,0,0,0,2025-08,0,0.0
316,A - IPC Crime,"CRIMINAL MISAPPROPRIATION (Sec. 403, 404 IPC/314,315 BNS)",Others,4,0,0,1,2025-08,1,100.0
317,A - IPC Crime,CRIMINAL TRESPASS (Sec.447 to 452 IPC/329(3) TO 333 BNS),Attempt to Commit,8,1,3,1,2025-08,-2,-66.66666666666666
318,A - IPC Crime,CRIMINAL TRESPASS (Sec.447 to 452 IPC/329(3) TO 333 BNS),Club,4,0,0,1,2025-08,1,100.0
319,A - IPC Crime,CRIMINAL TRESPASS (Sec.447 to 452 IPC/329(3) TO 333 BNS),Hostel,2,1,1,0,2025-08,-1,-100.0
320,A - IPC Crime,CRIMINAL TRESPASS (Sec.447 to 452 IPC/329(3) TO 333 BNS),Hotel,7,5,1,2,2025-08,1,100.0
321,A - IPC Crime,CRIMINAL TRESPASS (Sec.447 to 452 IPC/329(3) TO 333 BNS),House,490,57,59,60,2025-08,1,1.694915254237288
322,A - IPC Crime,CRIMINAL TRESPASS (Sec.447 to 452 IPC/329(3) TO 333 BNS),Land,1168,123,193,156,2025-08,-37,-19.170984455958546
323,A - IPC Crime,CRIMINAL TRESPASS (Sec.447 to 452 IPC/329(3) TO 333 BNS),Office,44,5,6,5,2025-08,-1,-16.666666666666664
324,A - IPC Crime,CRIMINAL TRESPASS (Sec.447 to 452 IPC/329(3) TO 333 BNS),Prohibited Places,9,2,0,1,2025-08,1,100.0
325,A - IPC Crime,CRIMINAL TRESPASS (Sec.447 to 452 IPC/329(3) TO 333 BNS),Religious Place,6,0,2,2,2025-08,0,0.0
326,A - IPC Crime,CRIMINAL TRESPASS (Sec.447 to 452 IPC/329(3) TO 333 BNS),Restricted Area,5,1,0,0,2025-08,0,0.0
327,A - IPC Crime,CRIMINAL TRESPASS (Sec.447 to 452 IPC/329(3) TO 333 BNS),Others,133,19,20,11,2025-08,-9,-45.0
328,A - IPC Crime,CRUELTY BY HUSBAND (Sec. 498(A) IPC/85 BNS),Husband ,693,76,92,87,2025-08,-5,-5.434782608695652
329,A - IPC Crime,CRUELTY BY HUSBAND (Sec. 498(A) IPC/85 BNS),Husband And Relative(S) in Law,873,126,115,107,2025-08,-8,-6.956521739130435
330,A - IPC Crime,CRUELTY BY HUSBAND (Sec. 498(A) IPC/85 BNS),Relative(S) in Law,21,1,4,3,2025-08,-1,-25.0
331,A - IPC Crime,CRUELTY BY HUSBAND (Sec. 498(A) IPC/85 BNS),Dowry Harassment,312,27,39,44,2025-08,5,12.82051282051282
332,A - IPC Crime,DOWRY DEATHS (Sec.304(B) IPC/80 BNS),By Husband  ,1,0,0,0,2025-08,0,0.0
333,A - IPC Crime,DOWRY DEATHS (Sec.304(B) IPC/80 BNS),By Husband And Relatives In Law,25,5,2,2,2025-08,0,0.0
334,A - IPC Crime,DOWRY DEATHS (Sec.304(B) IPC/80 BNS),By Relatives in Law,1,0,0,0,2025-08,0,0.0
335,A - IPC Crime,DOWRY DEATHS (Sec.304(B) IPC/80 BNS),By Burning,1,0,0,0,2025-08,0,0.0
336,A - IPC Crime,DOWRY DEATHS (Sec.304(B) IPC/80 BNS),By Hanging,43,4,6,7,2025-08,1,16.666666666666664
337,A - IPC Crime,DOWRY DEATHS (Sec.304(B) IPC/80 BNS),By Other Means,8,0,4,1,2025-08,-3,-75.0
338,A - IPC Crime,DEATHS DUE TO RASHNESS/NEGLIGENCE (Sec.304(A) IPC/106 BNS),Electrocution,16,0,0,5,2025-08,5,500.0
339,A - IPC Crime,DEATHS DUE TO RASHNESS/NEGLIGENCE (Sec.304(A) IPC/106 BNS),Adulterated Food/Drug,0,0,0,0,2025-08,0,0.0
340,A - IPC Crime,DEATHS DUE TO RASHNESS/NEGLIGENCE (Sec.304(A) IPC/106 BNS),Accident by Air,0,0,0,0,2025-08,0,0.0
341,A - IPC Crime,DEATHS DUE TO RASHNESS/NEGLIGENCE (Sec.304(A) IPC/106 BNS),Boad Accident,0,0,0,0,2025-08,0,0.0
342,A - IPC Crime,DEATHS DUE TO RASHNESS/NEGLIGENCE (Sec.304(A) IPC/106 BNS),Bridge/Dam Collapse,1,0,0,0,2025-08,0,0.0
343,A - IPC Crime,DEATHS DUE TO RASHNESS/NEGLIGENCE (Sec.304(A) IPC/106 BNS),Building Collapse,3,0,0,1,2025-08,1,100.0
344,A - IPC Crime,DEATHS DUE TO RASHNESS/NEGLIGENCE (Sec.304(A) IPC/106 BNS),Caused By Animal,0,0,0,0,2025-08,0,0.0
345,A - IPC Crime,DEATHS DUE TO RASHNESS/NEGLIGENCE (Sec.304(A) IPC/106 BNS),Death Due to Other Cause,44,5,6,3,2025-08,-3,-50.0
346,A - IPC Crime,DEATHS DUE TO RASHNESS/NEGLIGENCE (Sec.304(A) IPC/106 BNS),Electrocution Accident,30,5,4,4,2025-08,0,0.0
347,A - IPC Crime,DEATHS DUE TO RASHNESS/NEGLIGENCE (Sec.304(A) IPC/106 BNS),Explosion Accident,1,0,0,1,2025-08,1,100.0
348,A - IPC Crime,DEATHS DUE TO RASHNESS/NEGLIGENCE (Sec.304(A) IPC/106 BNS),Fire accident,0,1,0,0,2025-08,0,0.0
349,A - IPC Crime,DEATHS DUE TO RASHNESS/NEGLIGENCE (Sec.304(A) IPC/106 BNS),Gas Leakage Accident,2,0,0,0,2025-08,0,0.0
350,A - IPC Crime,DEATHS DUE TO RASHNESS/NEGLIGENCE (Sec.304(A) IPC/106 BNS),Improper Infrastucture In Construction,52,6,6,8,2025-08,2,33.33333333333333
351,A - IPC Crime,DEATHS DUE TO RASHNESS/NEGLIGENCE (Sec.304(A) IPC/106 BNS),Improper Medical Treatment,4,1,1,0,2025-08,-1,-100.0
352,A - IPC Crime,DEATHS DUE TO RASHNESS/NEGLIGENCE (Sec.304(A) IPC/106 BNS),In Custody of Public Servant,0,0,0,0,2025-08,0,0.0
353,A - IPC Crime,DEATHS DUE TO RASHNESS/NEGLIGENCE (Sec.304(A) IPC/106 BNS),In Jail/Judicial Custody,0,0,0,0,2025-08,0,0.0
354,A - IPC Crime,DEATHS DUE TO RASHNESS/NEGLIGENCE (Sec.304(A) IPC/106 BNS),In Police Custody,0,0,0,0,2025-08,0,0.0
355,A - IPC Crime,DEATHS DUE TO RASHNESS/NEGLIGENCE (Sec.304(A) IPC/106 BNS),Industrial Accident (Factory),5,0,2,0,2025-08,-2,-100.0
356,A - IPC Crime,DEATHS DUE TO RASHNESS/NEGLIGENCE (Sec.304(A) IPC/106 BNS),Inflammable Substance,0,0,0,0,2025-08,0,0.0
357,A - IPC Crime,DEATHS DUE TO RASHNESS/NEGLIGENCE (Sec.304(A) IPC/106 BNS),Mine Accident,2,0,0,0,2025-08,0,0.0
358,A - IPC Crime,DEATHS DUE TO RASHNESS/NEGLIGENCE (Sec.304(A) IPC/106 BNS),Poisonous Substance,0,0,0,0,2025-08,0,0.0
359,A - IPC Crime,DEATHS DUE TO RASHNESS/NEGLIGENCE (Sec.304(A) IPC/106 BNS),Quarry Accident,0,0,0,0,2025-08,0,0.0
360,A - IPC Crime,DEATHS DUE TO RASHNESS/NEGLIGENCE (Sec.304(A) IPC/106 BNS),Spurious Liquor (Hooch) Accident,0,0,0,0,2025-08,0,0.0
361,A - IPC Crime,DEATHS DUE TO RASHNESS/NEGLIGENCE (Sec.304(A) IPC/106 BNS),Railway Accident,0,0,0,0,2025-08,0,0.0
362,A - IPC Crime,DEATHS DUE TO RASHNESS/NEGLIGENCE (Sec.304(A) IPC/106 BNS),Others,55,6,5,2,2025-08,-3,-60.0
363,A - IPC Crime,MOTOR VEHICLE ACCIDENTS FATAL (Sec.304(A) IPC/106 BNS),National Highways,2671,282,266,294,2025-08,28,10.526315789473683
364,A - IPC Crime,MOTOR VEHICLE ACCIDENTS FATAL (Sec.304(A) IPC/106 BNS),State Highways,2060,230,220,188,2025-08,-32,-14.545454545454545
365,A - IPC Crime,MOTOR VEHICLE ACCIDENTS FATAL (Sec.304(A) IPC/106 BNS),Other Roads,2765,314,298,280,2025-08,-18,-6.0402684563758395
366,A - IPC Crime,MOTOR VEHICLE ACCIDENTS FATAL (Sec.304(A) IPC/106 BNS),Other Places,103,16,6,11,2025-08,5,83.33333333333334
367,A - IPC Crime,"MOTOR VEHICLE ACCIDENTS NON-FATAL (Sec.279, 337, 338 IPC/281,125(a),125(b) BNS)",National Highways,6809,833,766,852,2025-08,86,11.22715404699739
368,A - IPC Crime,"MOTOR VEHICLE ACCIDENTS NON-FATAL (Sec.279, 337, 338 IPC/281,125(a),125(b) BNS)",State Highways,4727,525,513,548,2025-08,35,6.82261208576998
369,A - IPC Crime,"MOTOR VEHICLE ACCIDENTS NON-FATAL (Sec.279, 337, 338 IPC/281,125(a),125(b) BNS)",Other Roads,9088,1072,1120,1141,2025-08,21,1.875
370,A - IPC Crime,"MOTOR VEHICLE ACCIDENTS NON-FATAL (Sec.279, 337, 338 IPC/281,125(a),125(b) BNS)",Other Places,277,44,25,30,2025-08,5,20.0
371,A - IPC Crime,"DEATHS-MISCARRIAGE (Sec.312, 313, 314 IPC/88,89,90 BNS)",Child,14,0,1,2,2025-08,1,100.0
372,A - IPC Crime,"DEATHS-MISCARRIAGE (Sec.312, 313, 314 IPC/88,89,90 BNS)",Woman,1,1,0,0,2025-08,0,0.0
373,A - IPC Crime,"DEATHS-MISCARRIAGE (Sec.312, 313, 314 IPC/88,89,90 BNS)",Women and Child,0,0,0,0,2025-08,0,0.0
374,A - IPC Crime,"DEFENCE FORCES OFFENCES RELATING (also relating to desertion) (Sec.131 to 140, except 136 IPC/159 TO 168 EXCEPT 164 BNS)",Air Force,0,0,0,0,2025-08,0,0.0
375,A - IPC Crime,"DEFENCE FORCES OFFENCES RELATING (also relating to desertion) (Sec.131 to 140, except 136 IPC/159 TO 168 EXCEPT 164 BNS)",Army,0,0,0,0,2025-08,0,0.0
376,A - IPC Crime,"DEFENCE FORCES OFFENCES RELATING (also relating to desertion) (Sec.131 to 140, except 136 IPC/159 TO 168 EXCEPT 164 BNS)",Navy,0,0,0,0,2025-08,0,0.0
377,A - IPC Crime,"DEFENCE FORCES OFFENCES RELATING (also relating to desertion) (Sec.131 to 140, except 136 IPC/159 TO 168 EXCEPT 164 BNS)",Sub Total,0,0,0,0,2025-08,0,0.0
378,A - IPC Crime,"DEFENCE FORCES OFFENCES RELATING (also relating to desertion) (Sec.131 to 140, except 136 IPC/159 TO 168 EXCEPT 164 BNS)","ESCAPE FROM LAWFUL CUSTODY AND RESISTANCE (Sec.224, 225, 225(B) IPC/262,263,265 BNS)",0,0,0,0,2025-08,0,0.0
379,A - IPC Crime,"DEFENCE FORCES OFFENCES RELATING (also relating to desertion) (Sec.131 to 140, except 136 IPC/159 TO 168 EXCEPT 164 BNS)",From Jail Custody,5,0,0,0,2025-08,0,0.0
380,A - IPC Crime,"DEFENCE FORCES OFFENCES RELATING (also relating to desertion) (Sec.131 to 140, except 136 IPC/159 TO 168 EXCEPT 164 BNS)",From Police Custody,12,3,3,1,2025-08,-2,-66.66666666666666
381,A - IPC Crime,"DEFENCE FORCES OFFENCES RELATING (also relating to desertion) (Sec.131 to 140, except 136 IPC/159 TO 168 EXCEPT 164 BNS)",Others,7,1,3,1,2025-08,-2,-66.66666666666666
382,A - IPC Crime,"IMPERSONATION (Sec.170, 171 IPC/204,205 BNS)",Attempt to Commit,7,0,0,2,2025-08,2,200.0
383,A - IPC Crime,"IMPERSONATION (Sec.170, 171 IPC/204,205 BNS)",Non-Uniformed Authority,3,1,0,1,2025-08,1,100.0
384,A - IPC Crime,"IMPERSONATION (Sec.170, 171 IPC/204,205 BNS)",Uniformed Authority,2,0,0,0,2025-08,0,0.0
385,A - IPC Crime,"MISCHIEF (Sec.427 to 440 except 434, 435, 436, 438 IPC/324(4) TO 324(6) BNS)",ALL / NOT SPECIFIED,319,38,45,44,2025-08,-1,-2.2222222222222223
386,A - IPC Crime,MOLESTATION (Sec.354 IPC/74 BNS),Attempt to Commit,44,6,7,5,2025-08,-2,-28.57142857142857
387,A - IPC Crime,MOLESTATION (Sec.354 IPC/74 BNS),Private Place,637,83,97,69,2025-08,-28,-28.865979381443296
388,A - IPC Crime,MOLESTATION (Sec.354 IPC/74 BNS),Public Conveyance,7,2,1,4,2025-08,3,300.0
389,A - IPC Crime,MOLESTATION (Sec.354 IPC/74 BNS),Public Place,1434,181,167,167,2025-08,0,0.0
390,A - IPC Crime,MOLESTATION (Sec.354 IPC/74 BNS),Other Places,1779,207,217,202,2025-08,-15,-6.912442396313365
391,A - IPC Crime,POISONING-PROFESSIONAL (Sec. 328 IPC/123 BNS),Attempt to Commit,9,0,1,1,2025-08,0,0.0
392,A - IPC Crime,POISONING-PROFESSIONAL (Sec. 328 IPC/123 BNS),Fatal,0,0,0,0,2025-08,0,0.0
393,A - IPC Crime,POISONING-PROFESSIONAL (Sec. 328 IPC/123 BNS),Non Fatal,2,0,0,0,2025-08,0,0.0
394,A - IPC Crime,PORNOGRAPHY (Sec.292 to 294 IPC/294 TO 296 BNS),Advertisement,0,0,0,0,2025-08,0,0.0
395,A - IPC Crime,PORNOGRAPHY (Sec.292 to 294 IPC/294 TO 296 BNS),Audio Tape,1,0,1,0,2025-08,-1,-100.0
396,A - IPC Crime,PORNOGRAPHY (Sec.292 to 294 IPC/294 TO 296 BNS),Book,0,0,0,0,2025-08,0,0.0
397,A - IPC Crime,PORNOGRAPHY (Sec.292 to 294 IPC/294 TO 296 BNS),Computer Software,0,0,0,0,2025-08,0,0.0
398,A - IPC Crime,PORNOGRAPHY (Sec.292 to 294 IPC/294 TO 296 BNS),Figures,0,0,0,0,2025-08,0,0.0
399,A - IPC Crime,PORNOGRAPHY (Sec.292 to 294 IPC/294 TO 296 BNS),Film (Blue),0,0,0,0,2025-08,0,0.0
400,A - IPC Crime,PORNOGRAPHY (Sec.292 to 294 IPC/294 TO 296 BNS),Painting,0,0,0,0,2025-08,0,0.0
401,A - IPC Crime,PORNOGRAPHY (Sec.292 to 294 IPC/294 TO 296 BNS),Pamphlet,0,0,0,0,2025-08,0,0.0
402,A - IPC Crime,PORNOGRAPHY (Sec.292 to 294 IPC/294 TO 296 BNS),Paper,1,0,0,0,2025-08,0,0.0
403,A - IPC Crime,PORNOGRAPHY (Sec.292 to 294 IPC/294 TO 296 BNS),Photography,0,0,0,0,2025-08,0,0.0
404,A - IPC Crime,PORNOGRAPHY (Sec.292 to 294 IPC/294 TO 296 BNS),Poster,6,0,3,0,2025-08,-3,-100.0
405,A - IPC Crime,PORNOGRAPHY (Sec.292 to 294 IPC/294 TO 296 BNS),Video Film(Blue),1,0,1,0,2025-08,-1,-100.0
406,A - IPC Crime,PORNOGRAPHY (Sec.292 to 294 IPC/294 TO 296 BNS),Others,14,0,4,7,2025-08,3,75.0
407,A - IPC Crime,PUBLIC JUSTICE (Sec.213 to 215 IPC/250 TO 252 BNS),ALL / NOT SPECIFIED,6,0,1,3,2025-08,2,200.0
408,A - IPC Crime,"PUBLIC NUISANCE (Sec.291 and 510 IPC/293,355 BNS)",ALL / NOT SPECIFIED,159,5,24,26,2025-08,2,8.333333333333332
409,A - IPC Crime,"PUBLIC SAFETY (Sec.269 to 271, 277, 283, 289 IPC/271 to 273, 279,285,291 BNS)",ALL / NOT SPECIFIED,2724,227,393,911,2025-08,518,131.8066157760814
410,A - IPC Crime,"OFFENCES AGAINST PUBLIC SERVANTS (Public servant is a victim) (Sec 182-188, 332, 333, 353 IPC/217-223,121(1),121(2), 132 BNS)",Attempt to Commit,14,2,1,0,2025-08,-1,-100.0
411,A - IPC Crime,"OFFENCES AGAINST PUBLIC SERVANTS (Public servant is a victim) (Sec 182-188, 332, 333, 353 IPC/217-223,121(1),121(2), 132 BNS)",Defence Personnel,2,0,0,0,2025-08,0,0.0
412,A - IPC Crime,"OFFENCES AGAINST PUBLIC SERVANTS (Public servant is a victim) (Sec 182-188, 332, 333, 353 IPC/217-223,121(1),121(2), 132 BNS)",Jail Personnel,9,1,1,1,2025-08,0,0.0
413,A - IPC Crime,"OFFENCES AGAINST PUBLIC SERVANTS (Public servant is a victim) (Sec 182-188, 332, 333, 353 IPC/217-223,121(1),121(2), 132 BNS)",Judicial Official,17,0,1,0,2025-08,-1,-100.0
414,A - IPC Crime,"OFFENCES AGAINST PUBLIC SERVANTS (Public servant is a victim) (Sec 182-188, 332, 333, 353 IPC/217-223,121(1),121(2), 132 BNS)",Minister,0,0,0,0,2025-08,0,0.0
415,A - IPC Crime,"OFFENCES AGAINST PUBLIC SERVANTS (Public servant is a victim) (Sec 182-188, 332, 333, 353 IPC/217-223,121(1),121(2), 132 BNS)",MLA,0,0,0,0,2025-08,0,0.0
416,A - IPC Crime,"OFFENCES AGAINST PUBLIC SERVANTS (Public servant is a victim) (Sec 182-188, 332, 333, 353 IPC/217-223,121(1),121(2), 132 BNS)",MP,0,0,0,0,2025-08,0,0.0
417,A - IPC Crime,"OFFENCES AGAINST PUBLIC SERVANTS (Public servant is a victim) (Sec 182-188, 332, 333, 353 IPC/217-223,121(1),121(2), 132 BNS)",Nationalised Bank Personnel,2,0,0,0,2025-08,0,0.0
418,A - IPC Crime,"OFFENCES AGAINST PUBLIC SERVANTS (Public servant is a victim) (Sec 182-188, 332, 333, 353 IPC/217-223,121(1),121(2), 132 BNS)",Other Elected Member,4,2,0,0,2025-08,0,0.0
419,A - IPC Crime,"OFFENCES AGAINST PUBLIC SERVANTS (Public servant is a victim) (Sec 182-188, 332, 333, 353 IPC/217-223,121(1),121(2), 132 BNS)",Other Enforcement Official,1,3,1,0,2025-08,-1,-100.0
420,A - IPC Crime,"OFFENCES AGAINST PUBLIC SERVANTS (Public servant is a victim) (Sec 182-188, 332, 333, 353 IPC/217-223,121(1),121(2), 132 BNS)",Other Govt. Official,306,34,39,40,2025-08,1,2.564102564102564
421,A - IPC Crime,"OFFENCES AGAINST PUBLIC SERVANTS (Public servant is a victim) (Sec 182-188, 332, 333, 353 IPC/217-223,121(1),121(2), 132 BNS)",Para Military Personnel,2,0,0,0,2025-08,0,0.0
422,A - IPC Crime,"OFFENCES AGAINST PUBLIC SERVANTS (Public servant is a victim) (Sec 182-188, 332, 333, 353 IPC/217-223,121(1),121(2), 132 BNS)",Police Personnel,348,36,41,37,2025-08,-4,-9.75609756097561
423,A - IPC Crime,"OFFENCES AGAINST PUBLIC SERVANTS (Public servant is a victim) (Sec 182-188, 332, 333, 353 IPC/217-223,121(1),121(2), 132 BNS)",Public Sector Undertaking Official,95,6,12,10,2025-08,-2,-16.666666666666664
424,A - IPC Crime,"OFFENCES BY PUBLIC SERVANTS (EXCEPT CORRUPTION) (Public servant is accused) (Sec.128, 129, 167, 218, 221, 222 IPC/156,157,201,256,259,260 BNS)",Defence Personnel,0,0,0,0,2025-08,0,0.0
425,A - IPC Crime,"OFFENCES BY PUBLIC SERVANTS (EXCEPT CORRUPTION) (Public servant is accused) (Sec.128, 129, 167, 218, 221, 222 IPC/156,157,201,256,259,260 BNS)",Jail Personnel,0,0,0,0,2025-08,0,0.0
426,A - IPC Crime,"OFFENCES BY PUBLIC SERVANTS (EXCEPT CORRUPTION) (Public servant is accused) (Sec.128, 129, 167, 218, 221, 222 IPC/156,157,201,256,259,260 BNS)",Judicial Official,0,0,0,0,2025-08,0,0.0
427,A - IPC Crime,"OFFENCES BY PUBLIC SERVANTS (EXCEPT CORRUPTION) (Public servant is accused) (Sec.128, 129, 167, 218, 221, 222 IPC/156,157,201,256,259,260 BNS)",Minister,0,0,0,0,2025-08,0,0.0
428,A - IPC Crime,"OFFENCES BY PUBLIC SERVANTS (EXCEPT CORRUPTION) (Public servant is accused) (Sec.128, 129, 167, 218, 221, 222 IPC/156,157,201,256,259,260 BNS)",MLA,0,0,0,0,2025-08,0,0.0
429,A - IPC Crime,"OFFENCES BY PUBLIC SERVANTS (EXCEPT CORRUPTION) (Public servant is accused) (Sec.128, 129, 167, 218, 221, 222 IPC/156,157,201,256,259,260 BNS)",MP,0,0,0,0,2025-08,0,0.0
430,A - IPC Crime,"OFFENCES BY PUBLIC SERVANTS (EXCEPT CORRUPTION) (Public servant is accused) (Sec.128, 129, 167, 218, 221, 222 IPC/156,157,201,256,259,260 BNS)",Nationalised Bank Personnel,0,0,0,0,2025-08,0,0.0
431,A - IPC Crime,"OFFENCES BY PUBLIC SERVANTS (EXCEPT CORRUPTION) (Public servant is accused) (Sec.128, 129, 167, 218, 221, 222 IPC/156,157,201,256,259,260 BNS)",Other Elected Member,0,0,0,0,2025-08,0,0.0
432,A - IPC Crime,"OFFENCES BY PUBLIC SERVANTS (EXCEPT CORRUPTION) (Public servant is accused) (Sec.128, 129, 167, 218, 221, 222 IPC/156,157,201,256,259,260 BNS)",Other Enforcement Official,0,0,0,0,2025-08,0,0.0
433,A - IPC Crime,"OFFENCES BY PUBLIC SERVANTS (EXCEPT CORRUPTION) (Public servant is accused) (Sec.128, 129, 167, 218, 221, 222 IPC/156,157,201,256,259,260 BNS)",Other Govt. Official,0,0,0,0,2025-08,0,0.0
434,A - IPC Crime,"OFFENCES BY PUBLIC SERVANTS (EXCEPT CORRUPTION) (Public servant is accused) (Sec.128, 129, 167, 218, 221, 222 IPC/156,157,201,256,259,260 BNS)",Para Military Personnel,0,0,0,0,2025-08,0,0.0
435,A - IPC Crime,"OFFENCES BY PUBLIC SERVANTS (EXCEPT CORRUPTION) (Public servant is accused) (Sec.128, 129, 167, 218, 221, 222 IPC/156,157,201,256,259,260 BNS)",Police Personnel,0,0,0,0,2025-08,0,0.0
436,A - IPC Crime,"OFFENCES BY PUBLIC SERVANTS (EXCEPT CORRUPTION) (Public servant is accused) (Sec.128, 129, 167, 218, 221, 222 IPC/156,157,201,256,259,260 BNS)",Public Sector Undertaking Official,2,0,0,0,2025-08,0,0.0
437,A - IPC Crime,"OFFENCES BY PUBLIC SERVANTS (EXCEPT CORRUPTION) (Public servant is accused) (Sec.128, 129, 167, 218, 221, 222 IPC/156,157,201,256,259,260 BNS)",Others,0,0,0,0,2025-08,0,0.0
438,A - IPC Crime,"NEGLIGENT ACT (Sec.280 to 289, 336 to 338 except 283 IPC/282 to 291,125 to 125(b) except 285 BNS)",Animal -Related,40,5,3,9,2025-08,6,200.0
439,A - IPC Crime,"NEGLIGENT ACT (Sec.280 to 289, 336 to 338 except 283 IPC/282 to 291,125 to 125(b) except 285 BNS)",Boat/Vessel - Related,1,0,0,0,2025-08,0,0.0
440,A - IPC Crime,"NEGLIGENT ACT (Sec.280 to 289, 336 to 338 except 283 IPC/282 to 291,125 to 125(b) except 285 BNS)",Explosive/Explosive Substances - Related,14,6,1,0,2025-08,-1,-100.0
441,A - IPC Crime,"NEGLIGENT ACT (Sec.280 to 289, 336 to 338 except 283 IPC/282 to 291,125 to 125(b) except 285 BNS)",Inflammable Substance- Related ,14,3,0,1,2025-08,1,100.0
442,A - IPC Crime,"NEGLIGENT ACT (Sec.280 to 289, 336 to 338 except 283 IPC/282 to 291,125 to 125(b) except 285 BNS)",Machinery - Related,86,6,10,10,2025-08,0,0.0
443,A - IPC Crime,"NEGLIGENT ACT (Sec.280 to 289, 336 to 338 except 283 IPC/282 to 291,125 to 125(b) except 285 BNS)",Poisonous Substance - Related,10,1,3,1,2025-08,-2,-66.66666666666666
444,A - IPC Crime,"NEGLIGENT ACT (Sec.280 to 289, 336 to 338 except 283 IPC/282 to 291,125 to 125(b) except 285 BNS)",Other - Related,973,428,82,117,2025-08,35,42.68292682926829
445,A - IPC Crime,"NEGLIGENT ACT (Sec.280 to 289, 336 to 338 except 283 IPC/282 to 291,125 to 125(b) except 285 BNS)",Human - Related,763,113,72,80,2025-08,8,11.11111111111111
446,A - IPC Crime,"NEGLIGENT ACT (Sec.280 to 289, 336 to 338 except 283 IPC/282 to 291,125 to 125(b) except 285 BNS)",Wheeling,119,0,23,49,2025-08,26,113.04347826086956
447,A - IPC Crime,"NEGLIGENT ACT (Sec.280 to 289, 336 to 338 except 283 IPC/282 to 291,125 to 125(b) except 285 BNS)",Drink & Drive Without DL,37,0,9,12,2025-08,3,33.33333333333333
448,A - IPC Crime,"NEGLIGENT ACT (Sec.280 to 289, 336 to 338 except 283 IPC/282 to 291,125 to 125(b) except 285 BNS)",Death Causeed By Electric Shock,58,6,2,4,2025-08,2,100.0
449,A - IPC Crime,"NEGLIGENT ACT (Sec.280 to 289, 336 to 338 except 283 IPC/282 to 291,125 to 125(b) except 285 BNS)",Defective Silencer,8,0,0,0,2025-08,0,0.0
450,A - IPC Crime,"NEGLIGENT ACT (Sec.280 to 289, 336 to 338 except 283 IPC/282 to 291,125 to 125(b) except 285 BNS)",Footpath Riding,2,0,1,1,2025-08,0,0.0
451,A - IPC Crime,"NEGLIGENT ACT (Sec.280 to 289, 336 to 338 except 283 IPC/282 to 291,125 to 125(b) except 285 BNS)",Racing & Trials of Speed,1,0,0,1,2025-08,1,100.0
452,A - IPC Crime,"NEGLIGENT ACT (Sec.280 to 289, 336 to 338 except 283 IPC/282 to 291,125 to 125(b) except 285 BNS)",Rash & Negligence/Dangerous Driving,251,0,61,139,2025-08,78,127.86885245901641
453,A - IPC Crime,RECEIVING OF STOLEN PROPERTY (Sec.411 to 414 IPC/317(2) TO 317(5) BNS),ALL / NOT SPECIFIED,2,0,0,1,2025-08,1,100.0
454,A - IPC Crime,SEDITION (Sec. 124A IPC/IN BNS Deleted),Attempt to Commit,0,0,0,0,2025-08,0,0.0
455,A - IPC Crime,SEDITION (Sec. 124A IPC/IN BNS Deleted),By Foreigner,0,0,0,0,2025-08,0,0.0
456,A - IPC Crime,SEDITION (Sec. 124A IPC/IN BNS Deleted),By National,0,0,0,0,2025-08,0,0.0
457,A - IPC Crime,SEDITION (Sec. 124A IPC/IN BNS Deleted),By National And Foreigner,0,0,0,0,2025-08,0,0.0
458,A - IPC Crime,INSULTING MODESTY OF WOMEN (EVE TEASING) (Sec.509 IPC/79 BNS),Attempt to Commit,8,1,0,0,2025-08,0,0.0
459,A - IPC Crime,INSULTING MODESTY OF WOMEN (EVE TEASING) (Sec.509 IPC/79 BNS),Office,11,1,1,2,2025-08,1,100.0
460,A - IPC Crime,INSULTING MODESTY OF WOMEN (EVE TEASING) (Sec.509 IPC/79 BNS),Public Conveyance,6,0,2,1,2025-08,-1,-50.0
461,A - IPC Crime,INSULTING MODESTY OF WOMEN (EVE TEASING) (Sec.509 IPC/79 BNS),Public Place,90,7,11,15,2025-08,4,36.36363636363637
462,A - IPC Crime,INSULTING MODESTY OF WOMEN (EVE TEASING) (Sec.509 IPC/79 BNS),Other Places,148,4,19,14,2025-08,-5,-26.31578947368421
463,A - IPC Crime,"SUICIDE (Sec.305, 306, 309 IPC/107,108 BNS)",Dowry,4,2,0,1,2025-08,1,100.0
464,A - IPC Crime,"SUICIDE (Sec.305, 306, 309 IPC/107,108 BNS)",Abetment of Suicide,258,32,37,30,2025-08,-7,-18.91891891891892
465,A - IPC Crime,"SUICIDE (Sec.305, 306, 309 IPC/107,108 BNS)",Other Reasons,196,19,23,19,2025-08,-4,-17.391304347826086
466,A - IPC Crime,"SUICIDE (Sec.305, 306, 309 IPC/107,108 BNS)",Attempt to Commit suicide,55,2,6,7,2025-08,1,16.666666666666664
467,A - IPC Crime,UNNATURAL SEX (Sec.377 IPC/IN BNS Deleted),Abetment  ,0,0,0,0,2025-08,0,0.0
468,A - IPC Crime,UNNATURAL SEX (Sec.377 IPC/IN BNS Deleted),Animal  ,0,0,0,0,2025-08,0,0.0
469,A - IPC Crime,UNNATURAL SEX (Sec.377 IPC/IN BNS Deleted),Attempt,0,0,0,0,2025-08,0,0.0
470,A - IPC Crime,UNNATURAL SEX (Sec.377 IPC/IN BNS Deleted),Major - Man,0,0,0,0,2025-08,0,0.0
471,A - IPC Crime,UNNATURAL SEX (Sec.377 IPC/IN BNS Deleted),Major - Woman,0,0,0,0,2025-08,0,0.0
472,A - IPC Crime,UNNATURAL SEX (Sec.377 IPC/IN BNS Deleted),Minor - Boy,0,0,0,0,2025-08,0,0.0
473,A - IPC Crime,UNNATURAL SEX (Sec.377 IPC/IN BNS Deleted),Minor - Girl,0,0,0,0,2025-08,0,0.0
474,A - IPC Crime,"WRONGFUL RESTRAINT/CONFINEMENT (Sec.341 to 348 IPC/126(2),127(2)-127(8) BNS)",Attempt to Commit,24,6,3,5,2025-08,2,66.66666666666666
475,A - IPC Crime,"WRONGFUL RESTRAINT/CONFINEMENT (Sec.341 to 348 IPC/126(2),127(2)-127(8) BNS)",To Extort Confession,4,0,1,0,2025-08,-1,-100.0
476,A - IPC Crime,"WRONGFUL RESTRAINT/CONFINEMENT (Sec.341 to 348 IPC/126(2),127(2)-127(8) BNS)",To Extort Property,21,2,3,3,2025-08,0,0.0
477,A - IPC Crime,"WRONGFUL RESTRAINT/CONFINEMENT (Sec.341 to 348 IPC/126(2),127(2)-127(8) BNS)",To settle Dispute,13,1,0,1,2025-08,1,100.0
478,A - IPC Crime,"WRONGFUL RESTRAINT/CONFINEMENT (Sec.341 to 348 IPC/126(2),127(2)-127(8) BNS)",Others,292,40,50,34,2025-08,-16,-32.0
479,A - IPC Crime,"INFANTICIDE (Sec.315, 316 IPC/91,92 BNS)",Male,2,0,0,0,2025-08,0,0.0
480,A - IPC Crime,"INFANTICIDE (Sec.315, 316 IPC/91,92 BNS)",Female,3,1,1,0,2025-08,-1,-100.0
481,A - IPC Crime,"OFFENCES RELATED TO MARRIAGE (Sec.493 to 498 IPC/81,84 BNS)",ALL / NOT SPECIFIED,29,0,3,3,2025-08,0,0.0
482,A - IPC Crime,"BUYING & SELLING MINOR FOR PROSTITUTION (Sec.372, 373 IPC/98,99 BNS)",ALL / NOT SPECIFIED,0,0,0,0,2025-08,0,0.0
483,A - IPC Crime,DOCUMENTS & PROPERTY MARKS (Sec.483 to 489 IPC/346-350(2) BNS),Documents  ,1,0,0,1,2025-08,1,100.0
484,A - IPC Crime,DOCUMENTS & PROPERTY MARKS (Sec.483 to 489 IPC/346-350(2) BNS),Property  ,0,0,0,0,2025-08,0,0.0
485,A - IPC Crime,DEFAMATION (Sec.500 to 502 IPC/350(2)-356(4) BNS),Persons ,1,1,0,0,2025-08,0,0.0
486,A - IPC Crime,DEFAMATION (Sec.500 to 502 IPC/350(2)-356(4) BNS),Printed Matter,0,0,0,0,2025-08,0,0.0
487,A - IPC Crime,DEFAMATION (Sec.500 to 502 IPC/350(2)-356(4) BNS),Others,1,0,0,1,2025-08,1,100.0
488,A - IPC Crime,ELECTION(Sec.171(E) to 171(1) IPC/173-177 BNS),Assembly,0,0,0,0,2025-08,0,0.0
489,A - IPC Crime,ELECTION(Sec.171(E) to 171(1) IPC/173-177 BNS),Parliament,1,1,0,0,2025-08,0,0.0
490,A - IPC Crime,ELECTION(Sec.171(E) to 171(1) IPC/173-177 BNS),Other Elected Bodies,4,0,0,4,2025-08,4,400.0
491,A - IPC Crime,"SLAVERY (Sec.370, 371, 374 IPC/143,145,146 BNS)",Man,0,0,0,0,2025-08,0,0.0
492,A - IPC Crime,"SLAVERY (Sec.370, 371, 374 IPC/143,145,146 BNS)",Woman,0,0,0,0,2025-08,0,0.0
493,A - IPC Crime,"SLAVERY (Sec.370, 371, 374 IPC/143,145,146 BNS)",Boy,3,0,1,0,2025-08,-1,-100.0
494,A - IPC Crime,"SLAVERY (Sec.370, 371, 374 IPC/143,145,146 BNS)",Girl,0,0,0,0,2025-08,0,0.0
495,A - IPC Crime,Attempting to commit offences (Sec.511 IPC/62 BNS),Attempting to commit offences,147,22,11,20,2025-08,9,81.81818181818183
496,A - IPC Crime,ILLEGAL DETENTION (Sec.342 IPC/127(2) BNS),ALL / NOT SPECIFIED,0,0,0,0,2025-08,0,0.0
497,A - IPC Crime,FALSE EVIDENCE (Sec.191 to 205 IPC/227-242 BNS),ALL / NOT SPECIFIED,5,0,1,0,2025-08,-1,-100.0
498,A - IPC Crime,EXPOSURE AND ABANDONMENT OF CHILD (Sec.317 IPC/93 BNS),Boy ,19,1,2,2,2025-08,0,0.0
499,A - IPC Crime,EXPOSURE AND ABANDONMENT OF CHILD (Sec.317 IPC/93 BNS),Girl,26,4,5,6,2025-08,1,20.0
500,A - IPC Crime,OF ABETMENT (Sec.107 to 120 IPC/45-60 BNS),ALL / NOT SPECIFIED,15,1,1,3,2025-08,2,200.0
501,A - IPC Crime,"FAILURE TO APPEAR TO COURT (Sec.174A, 229A IPC/209,269 BNS)",IPC 174 A/BNS 209,314,8,18,10,2025-08,-8,-44.44444444444444
502,A - IPC Crime,"FAILURE TO APPEAR TO COURT (Sec.174A, 229A IPC/209,269 BNS)",IPC 229 A/BNS 269,874,36,62,29,2025-08,-33,-53.2258064516129
503,A - IPC Crime,Concealment of birth by secret disposal of Child,Girl,16,2,4,1,2025-08,-3,-75.0
504,A - IPC Crime,Concealment of birth by secret disposal of Child,Boy,18,2,0,2,2025-08,2,200.0
505,A - IPC Crime,ASSAULT OR USE OF CRIMINAL FORCE TO DISROBE WOMEN,ALL / NOT SPECIFIED,4,1,2,0,2025-08,-2,-100.0
506,A - IPC Crime,Disobedience to Order Promulgated by Public/Servant,By Govt. Institution,11,0,3,2,2025-08,-1,-33.33333333333333
507,A - IPC Crime,Disobedience to Order Promulgated by Public/Servant,By Others,8,0,1,1,2025-08,0,0.0
508,A - IPC Crime,Disobedience to Order Promulgated by Public/Servant,By Private Institution,0,0,0,0,2025-08,0,0.0
509,A - IPC Crime,Human Trafficking,Women,3,0,0,0,2025-08,0,0.0
510,A - IPC Crime,Human Trafficking,Girl ,2,0,0,1,2025-08,1,100.0
511,A - IPC Crime,Human Trafficking,Eunuch,0,0,0,0,2025-08,0,0.0
512,A - IPC Crime,Human Trafficking,Men,0,0,0,0,2025-08,0,0.0
513,A - IPC Crime,Human Trafficking,Boy ,4,0,0,0,2025-08,0,0.0
514,A - IPC Crime,Giving false information respecting an offence committed,Giving false information respecting an offence committed,24,1,3,1,2025-08,-2,-66.66666666666666
515,A - IPC Crime,Harbouring offender,ALL / NOT SPECIFIED,2,0,0,0,2025-08,0,0.0
516,A - IPC Crime,Pettry Organised Crimes,Cargo Theft,0,0,0,0,2025-08,0,0.0
517,A - IPC Crime,Pettry Organised Crimes,Pick Pocketing,1,0,0,0,2025-08,0,0.0
518,A - IPC Crime,Pettry Organised Crimes,Shop Lifting,0,0,0,0,2025-08,0,0.0
519,A - IPC Crime,Pettry Organised Crimes,Theft Of ATM Machines,0,0,0,0,2025-08,0,0.0
520,A - IPC Crime,Pettry Organised Crimes,Theft From Vehicles,0,0,0,0,2025-08,0,0.0
521,A - IPC Crime,Pettry Organised Crimes,Unauthorised Betting/Gambling,115,0,8,5,2025-08,-3,-37.5
522,A - IPC Crime,Pettry Organised Crimes,Others,10,20,4,1,2025-08,-3,-75.0
523,A - IPC Crime,Public Servant in Judicial proceeding,Defence Personnel,0,0,0,0,2025-08,0,0.0
524,A - IPC Crime,Public Servant in Judicial proceeding,Others,0,0,0,0,2025-08,0,0.0
525,A - IPC Crime,Public Servant in Judicial proceeding,Jail Personnel,0,0,0,0,2025-08,0,0.0
526,A - IPC Crime,Public Servant in Judicial proceeding,Para Military Personnel,0,0,0,0,2025-08,0,0.0
527,A - IPC Crime,Public Servant in Judicial proceeding,Police Personnel,0,0,0,0,2025-08,0,0.0
528,A - IPC Crime,Public Servant in Judicial proceeding,Public Sector Undertaking Official,0,0,0,0,2025-08,0,0.0
529,A - IPC Crime,Public Servant in Judicial proceeding,Judicial Official,0,0,0,0,2025-08,0,0.0
530,A - IPC Crime,Public Servant in Judicial proceeding,Minister,0,0,0,0,2025-08,0,0.0
531,A - IPC Crime,Public Servant in Judicial proceeding,MLA,0,0,0,0,2025-08,0,0.0
532,A - IPC Crime,Public Servant in Judicial proceeding,MP,0,0,0,0,2025-08,0,0.0
533,A - IPC Crime,Public Servant in Judicial proceeding,Nationalised Bank Personnel,0,0,0,0,2025-08,0,0.0
534,A - IPC Crime,Public Servant in Judicial proceeding,Other Elected Member,0,0,0,0,2025-08,0,0.0
535,A - IPC Crime,Public Servant in Judicial proceeding,Other Enforcement Official,0,0,0,0,2025-08,0,0.0
536,A - IPC Crime,Public Servant in Judicial proceeding,Other Govt Official,1,0,1,0,2025-08,-1,-100.0
537,A - IPC Crime,"The Indian Stamp Act, 1899",ALL / NOT SPECIFIED,0,0,0,0,2025-08,0,0.0
538,B - SPECIAL & LOCAL LAWS,ANTIQUES (CULTURAL PROPERTY),Antiques & Art Treasures Act 1972,0,0,0,0,2025-08,0,0.0
539,B - SPECIAL & LOCAL LAWS,ANTIQUES (CULTURAL PROPERTY),Ancient Monument & Archaelogical Sites And Remains Act 1958,5,0,0,0,2025-08,0,0.0
540,B - SPECIAL & LOCAL LAWS,ARMS ACT 1959,Country Made - Non Prohibited Bore - In Disturbed Area,11,0,2,3,2025-08,1,50.0
541,B - SPECIAL & LOCAL LAWS,ARMS ACT 1960,Country Made - Non Prohibited Bore - In Other Area,106,6,17,14,2025-08,-3,-17.647058823529413
542,B - SPECIAL & LOCAL LAWS,ARMS ACT 1961,Country Made - Prohibited Bore - In Disturbed Area,13,0,5,3,2025-08,-2,-40.0
543,B - SPECIAL & LOCAL LAWS,ARMS ACT 1962,Country Made - Prohibited Bore - In Other Area,84,9,11,10,2025-08,-1,-9.090909090909092
544,B - SPECIAL & LOCAL LAWS,ARMS ACT 1963,Factory Made - Non Prohibited Bore - In Disturbed Area,4,0,1,0,2025-08,-1,-100.0
545,B - SPECIAL & LOCAL LAWS,ARMS ACT 1964,Factory Made - Non Prohibited Bore - In Other Area,19,1,2,1,2025-08,-1,-50.0
546,B - SPECIAL & LOCAL LAWS,ARMS ACT 1965,Factory Made - Prohibited Bore - In Disturbed Area,7,1,1,0,2025-08,-1,-100.0
547,B - SPECIAL & LOCAL LAWS,ARMS ACT 1966,Factory Made - Prohibited Bore - In Other Area,30,3,1,3,2025-08,2,200.0
548,B - SPECIAL & LOCAL LAWS,ANIMAL,The Karnataka Prevention of Slaughter and Preservation of Cattle Ordinance 2020,103,14,14,11,2025-08,-3,-21.428571428571427
549,B - SPECIAL & LOCAL LAWS,ANIMAL,Wild Life Preservation Act 1972,0,0,0,0,2025-08,0,0.0
550,B - SPECIAL & LOCAL LAWS,ANIMAL,Wild Life Protection Act 1972,3,1,0,0,2025-08,0,0.0
551,B - SPECIAL & LOCAL LAWS,ANIMAL,Prevention of Cruelty to Animals Act 1960,186,10,20,17,2025-08,-3,-15.0
552,B - SPECIAL & LOCAL LAWS,ANIMAL,Elephant (Preservation) Act 1879,0,0,0,0,2025-08,0,0.0
553,B - SPECIAL & LOCAL LAWS,ANIMAL,Cattle Tresspass Act 1871,3,0,0,0,2025-08,0,0.0
554,B - SPECIAL & LOCAL LAWS,CINEMATOGRAPHY ACT 1952,Films,0,0,0,0,2025-08,0,0.0
555,B - SPECIAL & LOCAL LAWS,CINEMATOGRAPHY ACT 1953,Video,0,0,0,0,2025-08,0,0.0
556,B - SPECIAL & LOCAL LAWS,CONSUMER,Liquified Petroleum Gas Supply & Control Order 2000 ,60,6,4,4,2025-08,0,0.0
557,B - SPECIAL & LOCAL LAWS,CONSUMER,Consumer (Protection) Act 1986,6,0,0,2,2025-08,2,200.0
558,B - SPECIAL & LOCAL LAWS,CONSUMER,Essential Commodities Act 1955,467,26,84,81,2025-08,-3,-3.571428571428571
559,B - SPECIAL & LOCAL LAWS,CONSUMER,Prevention of Food Adulternation Act 1954,2,0,0,0,2025-08,0,0.0
560,B - SPECIAL & LOCAL LAWS,CONSUMER,Packaged Commodities (Regulation) order 1975,0,0,0,0,2025-08,0,0.0
561,B - SPECIAL & LOCAL LAWS,COPY RIGHT ACT 1957,By Company,100,14,13,16,2025-08,3,23.076923076923077
562,B - SPECIAL & LOCAL LAWS,COPY RIGHT ACT 1958,By Individual,54,7,5,3,2025-08,-2,-40.0
563,B - SPECIAL & LOCAL LAWS,CIVIL RIGHTS,Protection of Civil Rights Act 1955,4,0,1,0,2025-08,-1,-100.0
564,B - SPECIAL & LOCAL LAWS,SCHEDULED CASTE AND THE SCHEDULED TRIBES,Scheduled Caste  ,877,107,126,85,2025-08,-41,-32.53968253968254
565,B - SPECIAL & LOCAL LAWS,SCHEDULED CASTE AND THE SCHEDULED TRIBES,Scheduled Tribes,198,18,23,26,2025-08,3,13.043478260869565
566,B - SPECIAL & LOCAL LAWS,SCHEDULED CASTE AND THE SCHEDULED TRIBES,Scheduled Caste Women,353,39,52,49,2025-08,-3,-5.769230769230769
567,B - SPECIAL & LOCAL LAWS,SCHEDULED CASTE AND THE SCHEDULED TRIBES,Scheduled Tribes Women,83,4,18,8,2025-08,-10,-55.55555555555556
568,B - SPECIAL & LOCAL LAWS,CHILDREN ACT,Child Labour (Prohibition & Regulation) Act1986,61,29,17,8,2025-08,-9,-52.94117647058824
569,B - SPECIAL & LOCAL LAWS,CHILDREN ACT,Child Marriage (Restraint) Act - 1929,140,14,16,19,2025-08,3,18.75
570,B - SPECIAL & LOCAL LAWS,CHILDREN ACT,Juvenile Justice Act 1986,103,12,12,6,2025-08,-6,-50.0
571,B - SPECIAL & LOCAL LAWS,CHILDREN ACT,Probation of offenders Act 1958,1,0,0,0,2025-08,0,0.0
572,B - SPECIAL & LOCAL LAWS,Protection of Children from Sexual Offences Act 2012 (POCSO),ALL / NOT SPECIFIED,0,0,0,0,2025-08,0,0.0
573,B - SPECIAL & LOCAL LAWS,PREVENTION OF CORRUPTION ACT 1988,Public Servant - Elected,0,0,0,0,2025-08,0,0.0
574,B - SPECIAL & LOCAL LAWS,PREVENTION OF CORRUPTION ACT 1989,Public Servant - Gazetted - Central,1,0,0,0,2025-08,0,0.0
575,B - SPECIAL & LOCAL LAWS,PREVENTION OF CORRUPTION ACT 1990,Public Servant - Gazetted - Defence,0,0,0,0,2025-08,0,0.0
576,B - SPECIAL & LOCAL LAWS,PREVENTION OF CORRUPTION ACT 1991,Public Servant - Gazetted - Public Sector Undertaking,0,0,0,0,2025-08,0,0.0
577,B - SPECIAL & LOCAL LAWS,PREVENTION OF CORRUPTION ACT 1992,Public Servant - Gazetted - State,1,0,0,0,2025-08,0,0.0
578,B - SPECIAL & LOCAL LAWS,PREVENTION OF CORRUPTION ACT 1993,Public Servant - Non-Gazetted - Central,0,0,0,0,2025-08,0,0.0
579,B - SPECIAL & LOCAL LAWS,PREVENTION OF CORRUPTION ACT 1994,Public Servant - Non-Gazetted - Defence,0,0,0,0,2025-08,0,0.0
580,B - SPECIAL & LOCAL LAWS,PREVENTION OF CORRUPTION ACT 1995,Public Servant - Non-Gazetted - State,0,0,0,0,2025-08,0,0.0
581,B - SPECIAL & LOCAL LAWS,CUSTOMS,Customs Act 1962,0,0,0,0,2025-08,0,0.0
582,B - SPECIAL & LOCAL LAWS,CUSTOMS,Import/Export (Control) Act 1947,0,0,0,0,2025-08,0,0.0
583,B - SPECIAL & LOCAL LAWS,Explosives,Explosives Substances Act 1908,32,3,9,1,2025-08,-8,-88.88888888888889
584,B - SPECIAL & LOCAL LAWS,Explosives,Explosives Act 1884,31,7,6,3,2025-08,-3,-50.0
585,B - SPECIAL & LOCAL LAWS,Explosives,Inflammable Substance Act 1952,0,0,0,0,2025-08,0,0.0
586,B - SPECIAL & LOCAL LAWS,FOREIGN EXCHANGE,Smugglers and Foreign Exchange Manipulator Act 1976,0,0,0,0,2025-08,0,0.0
587,B - SPECIAL & LOCAL LAWS,FOREIGN EXCHANGE,Foreign Exchange Regulation Act 1973,0,0,0,0,2025-08,0,0.0
588,B - SPECIAL & LOCAL LAWS,FOREIGN EXCHANGE,Foreign Exchange Regulation Act 1952,0,0,0,0,2025-08,0,0.0
589,B - SPECIAL & LOCAL LAWS,FOREIGNER,Foreigners Act 1946,70,1,15,10,2025-08,-5,-33.33333333333333
590,B - SPECIAL & LOCAL LAWS,FOREIGNER,Registration of Foreigners Act 1939,0,0,0,0,2025-08,0,0.0
591,B - SPECIAL & LOCAL LAWS,FOREST,Indian Forest Act 1927,1,0,1,0,2025-08,-1,-100.0
592,B - SPECIAL & LOCAL LAWS,FOREST,Forest (Conservation) Act 1980,8,2,0,3,2025-08,3,300.0
593,B - SPECIAL & LOCAL LAWS,HIJACKING,Foreign Aircraft - In India,0,0,0,0,2025-08,0,0.0
594,B - SPECIAL & LOCAL LAWS,HIJACKING,Foreign Aircraft - Outside India,0,0,0,0,2025-08,0,0.0
595,B - SPECIAL & LOCAL LAWS,HIJACKING,Indian Aircraft - In India,0,0,0,0,2025-08,0,0.0
596,B - SPECIAL & LOCAL LAWS,HIJACKING,Indian Aircraft - Outside India,0,0,0,0,2025-08,0,0.0
597,B - SPECIAL & LOCAL LAWS,IMMORAL TRAFFIC,Organised,143,8,27,10,2025-08,-17,-62.96296296296296
598,B - SPECIAL & LOCAL LAWS,IMMORAL TRAFFIC,Un-Organised,83,7,10,13,2025-08,3,30.0
599,B - SPECIAL & LOCAL LAWS,BONDED LABOUR SYSTEM,ALL / NOT SPECIFIED,4,0,0,1,2025-08,1,100.0
600,B - SPECIAL & LOCAL LAWS,INDIAN MOTOR VEHICLE,ALL / NOT SPECIFIED,56,237,3,6,2025-08,3,100.0
601,B - SPECIAL & LOCAL LAWS,NARCOTIC DRUGS & PSYCHOTROPIC SUBSTANCES ACT,Cultivated/Processed,1948,199,371,400,2025-08,29,7.816711590296496
602,B - SPECIAL & LOCAL LAWS,NARCOTIC DRUGS & PSYCHOTROPIC SUBSTANCES ACT,Synthetic,2322,238,330,339,2025-08,9,2.727272727272727
603,B - SPECIAL & LOCAL LAWS,PASSPORT ACT,Foreigner,2,1,0,0,2025-08,0,0.0
604,B - SPECIAL & LOCAL LAWS,PASSPORT ACT,Indian,2,0,0,0,2025-08,0,0.0
605,B - SPECIAL & LOCAL LAWS,REPRESENTATIVE OF PEOPLE ACT 1951 & 1988,Assembly,0,0,0,0,2025-08,0,0.0
606,B - SPECIAL & LOCAL LAWS,REPRESENTATIVE OF PEOPLE ACT 1951 & 1989,Parliament,0,1,0,0,2025-08,0,0.0
607,B - SPECIAL & LOCAL LAWS,REPRESENTATIVE OF PEOPLE ACT 1951 & 1990,Other Elected Bodies,0,0,0,0,2025-08,0,0.0
608,B - SPECIAL & LOCAL LAWS,KARNATAKA POLICE ACT 1963,Gambling - Matka (78 Class C),4364,482,527,451,2025-08,-76,-14.421252371916509
609,B - SPECIAL & LOCAL LAWS,KARNATAKA POLICE ACT 1964,Street Gambling (87),4789,479,562,517,2025-08,-45,-8.007117437722421
610,B - SPECIAL & LOCAL LAWS,KARNATAKA POLICE ACT 1965,House Gambling (79 & 80),176,21,24,22,2025-08,-2,-8.333333333333332
611,B - SPECIAL & LOCAL LAWS,KARNATAKA POLICE ACT 1966,Betting ,561,10,7,3,2025-08,-4,-57.14285714285714
612,B - SPECIAL & LOCAL LAWS,KARNATAKA POLICE ACT 1967,Others ,368,37,47,34,2025-08,-13,-27.659574468085108
613,B - SPECIAL & LOCAL LAWS,PREVENTION OF DAMAGE TO PUBLIC PROPERTY ACT 1984,ALL / NOT SPECIFIED,73,11,5,10,2025-08,5,100.0
614,B - SPECIAL & LOCAL LAWS,"POST & TELEGRAPH, TELEGRAPH WIRES (UNLAWFUL POSSESSION) ACT 1980",ALL / NOT SPECIFIED,0,1,0,0,2025-08,0,0.0
615,B - SPECIAL & LOCAL LAWS,OFFICIAL SECURITY RELATED ACTS,Official Secrets Act 1923,1,0,0,0,2025-08,0,0.0
616,B - SPECIAL & LOCAL LAWS,OFFICIAL SECURITY RELATED ACTS,Essential Services Maintenance Act 1981,0,0,0,0,2025-08,0,0.0
617,B - SPECIAL & LOCAL LAWS,PREVENTION OF TERRORISM ACT (POTA),ALL / NOT SPECIFIED,0,0,0,0,2025-08,0,0.0
618,B - SPECIAL & LOCAL LAWS,RAILWAYS ACT,Indian Railways Act 1989,2,0,0,1,2025-08,1,100.0
619,B - SPECIAL & LOCAL LAWS,RAILWAYS ACT,Railway Property (Unlawful Possession) Act 1966,0,0,0,0,2025-08,0,0.0
620,B - SPECIAL & LOCAL LAWS,UNLAWFUL ACTIVITIES (Prevention) Act 1967,ALL / NOT SPECIFIED,0,0,0,0,2025-08,0,0.0
621,B - SPECIAL & LOCAL LAWS,CRIMES RELATED TO WOMEN,Dowry Prohibition,1289,140,196,134,2025-08,-62,-31.63265306122449
622,B - SPECIAL & LOCAL LAWS,CRIMES RELATED TO WOMEN,Commission of SATI (Prevention) Act 1987,0,0,0,0,2025-08,0,0.0
623,B - SPECIAL & LOCAL LAWS,CRIMES RELATED TO WOMEN,Indecent Representation of Women (Prohibition) Act 1986,1,0,0,0,2025-08,0,0.0
624,B - SPECIAL & LOCAL LAWS,INDIAN LUNACY ACT,ALL / NOT SPECIFIED,0,0,0,0,2025-08,0,0.0
625,B - SPECIAL & LOCAL LAWS,INDIAN ELECTRICITY ACT,ALL / NOT SPECIFIED,9,2,0,0,2025-08,0,0.0
626,B - SPECIAL & LOCAL LAWS,"COTPA, CIGARETTES AND OTHER TOBACCO PRODUCTS",ALL / NOT SPECIFIED,2539,111,108,92,2025-08,-16,-14.814814814814813
627,B - SPECIAL & LOCAL LAWS,KARNATAKA STATE LOCAL ACTS,Prevention of Insult to National Hounours Act 1971,6,2,0,0,2025-08,0,0.0
628,B - SPECIAL & LOCAL LAWS,KARNATAKA STATE LOCAL ACTS,"Prevention of violence against Doctors, Medical professionals and Medical institutions",10,3,1,1,2025-08,0,0.0
629,B - SPECIAL & LOCAL LAWS,KARNATAKA STATE LOCAL ACTS,"The Karnataka Prevention of Dangerous Activities of Bootleggers, Drug-offenders, Gamblers, Goonda Act",0,0,0,0,2025-08,0,0.0
630,B - SPECIAL & LOCAL LAWS,KARNATAKA STATE LOCAL ACTS,Karnataka Cow Slaughters Act,148,18,22,9,2025-08,-13,-59.09090909090909
631,B - SPECIAL & LOCAL LAWS,KARNATAKA STATE LOCAL ACTS,Banning of Unregulated Deposit Schemes Act,13,0,2,0,2025-08,-2,-100.0
632,B - SPECIAL & LOCAL LAWS,KARNATAKA STATE LOCAL ACTS,"Motor Spirit and High Speed Diesel (Regulation of upply, Distribution and Prevention of Malpractice",0,0,0,0,2025-08,0,0.0
633,B - SPECIAL & LOCAL LAWS,KARNATAKA STATE LOCAL ACTS,Karnataka Epidemic Deseases Act 2020,0,0,0,0,2025-08,0,0.0
634,B - SPECIAL & LOCAL LAWS,KARNATAKA STATE LOCAL ACTS,Karnataka Prevention of Slaughter and Preservation of Cattle Act 2020,175,16,20,24,2025-08,4,20.0
635,B - SPECIAL & LOCAL LAWS,KARNATAKA STATE LOCAL ACTS,Disaster Management Act 2005,0,1,0,0,2025-08,0,0.0
636,B - SPECIAL & LOCAL LAWS,KARNATAKA STATE LOCAL ACTS,Karnataka Excise Act 1965,7160,452,818,762,2025-08,-56,-6.845965770171149
637,B - SPECIAL & LOCAL LAWS,KARNATAKA STATE LOCAL ACTS,Karnataka Forest Act 1963,38,9,8,9,2025-08,1,12.5
638,B - SPECIAL & LOCAL LAWS,KARNATAKA STATE LOCAL ACTS,Karnataka Education Act 1983 As Amended Upto Date,2,0,0,0,2025-08,0,0.0
639,B - SPECIAL & LOCAL LAWS,KARNATAKA STATE LOCAL ACTS,Karnataka Kerosene Restriction Unuse Act 1956,0,0,0,0,2025-08,0,0.0
640,B - SPECIAL & LOCAL LAWS,KARNATAKA STATE LOCAL ACTS,Karnataka University Act,0,0,0,0,2025-08,0,0.0
641,B - SPECIAL & LOCAL LAWS,KARNATAKA STATE LOCAL ACTS,Karnataka Corruption Act,0,0,0,0,2025-08,0,0.0
642,B - SPECIAL & LOCAL LAWS,KARNATAKA STATE LOCAL ACTS,Karnataka Medical Registration Act 1965,3,0,1,0,2025-08,-1,-100.0
643,B - SPECIAL & LOCAL LAWS,KARNATAKA STATE LOCAL ACTS,Karnataka Land & Revenue Act 1964 & 2007,29,2,1,3,2025-08,2,200.0
644,B - SPECIAL & LOCAL LAWS,KARNATAKA STATE LOCAL ACTS,Karnataka Kerosene Dealers License Order 1969,0,0,0,0,2025-08,0,0.0
645,B - SPECIAL & LOCAL LAWS,KARNATAKA STATE LOCAL ACTS,Karnataka Society Registration Act,0,0,0,0,2025-08,0,0.0
646,B - SPECIAL & LOCAL LAWS,KARNATAKA STATE LOCAL ACTS,Karnataka Minor Mineral Consistent Rule 1994,15,2,1,4,2025-08,3,300.0
647,B - SPECIAL & LOCAL LAWS,KARNATAKA STATE LOCAL ACTS,Bangalore Development Authority Act,0,0,0,0,2025-08,0,0.0
648,B - SPECIAL & LOCAL LAWS,KARNATAKA STATE LOCAL ACTS,Karnataka Prohibition of Beggery Act 1975,55,13,16,1,2025-08,-15,-93.75
649,B - SPECIAL & LOCAL LAWS,KARNATAKA STATE LOCAL ACTS,Karnataka Municipalities Act 1964,1,0,0,0,2025-08,0,0.0
650,B - SPECIAL & LOCAL LAWS,KARNATAKA STATE LOCAL ACTS,Karnataka Irrigation Act 1963,5,1,0,2,2025-08,2,200.0
651,B - SPECIAL & LOCAL LAWS,KARNATAKA STATE LOCAL ACTS,Karnataka Fire Force act 1964,5,1,0,2,2025-08,2,200.0
652,B - SPECIAL & LOCAL LAWS,KARNATAKA STATE LOCAL ACTS,Karnataka Consumer Protection Act 1986,0,0,0,0,2025-08,0,0.0
653,B - SPECIAL & LOCAL LAWS,KARNATAKA STATE LOCAL ACTS,Karnataka Lottery Act,52,4,2,2,2025-08,0,0.0
654,B - SPECIAL & LOCAL LAWS,KARNATAKA STATE LOCAL ACTS,Karnataka Weight & Measurement Act,0,0,0,0,2025-08,0,0.0
655,B - SPECIAL & LOCAL LAWS,KARNATAKA STATE LOCAL ACTS,Karnataka Agriculture Marketing Regulation Act,0,0,0,0,2025-08,0,0.0
656,B - SPECIAL & LOCAL LAWS,KARNATAKA STATE LOCAL ACTS,Karnataka Revenue Act,1,1,0,0,2025-08,0,0.0
657,B - SPECIAL & LOCAL LAWS,KARNATAKA STATE LOCAL ACTS,Karnataka Mining Act,2,0,2,0,2025-08,-2,-100.0
658,B - SPECIAL & LOCAL LAWS,KARNATAKA STATE LOCAL ACTS,Karnataka Betting Tax Act,0,0,0,0,2025-08,0,0.0
659,B - SPECIAL & LOCAL LAWS,KARNATAKA STATE LOCAL ACTS,Karnataka Panchayat Raj Act,1,0,0,0,2025-08,0,0.0
660,B - SPECIAL & LOCAL LAWS,KARNATAKA STATE LOCAL ACTS,Karnataka Open Place Disfigurement Act 1951,99,102,10,2,2025-08,-8,-80.0
661,B - SPECIAL & LOCAL LAWS,KARNATAKA STATE LOCAL ACTS,Karnataka Right To Information Act 2000 & 2008,1,0,0,0,2025-08,0,0.0
662,B - SPECIAL & LOCAL LAWS,KARNATAKA STATE LOCAL ACTS,Karnataka Urban Development Act 1987,0,0,0,0,2025-08,0,0.0
663,B - SPECIAL & LOCAL LAWS,KARNATAKA STATE LOCAL ACTS,Karnataka Town & City Planning Act 1961,0,0,0,0,2025-08,0,0.0
664,B - SPECIAL & LOCAL LAWS,KARNATAKA STATE LOCAL ACTS,Karnataka Race Betting Act,0,0,0,0,2025-08,0,0.0
665,B - SPECIAL & LOCAL LAWS,KARNATAKA STATE LOCAL ACTS,Karnataka Devadasi's (Prohibition Of Dedication) Act 1982,0,0,0,0,2025-08,0,0.0
666,B - SPECIAL & LOCAL LAWS,KARNATAKA STATE LOCAL ACTS,Cooperative Society Act,1,0,0,0,2025-08,0,0.0
667,B - SPECIAL & LOCAL LAWS,KARNATAKA STATE LOCAL ACTS,Karnataka Entertainment Tax Act 1958,4,0,0,2,2025-08,2,200.0
668,B - SPECIAL & LOCAL LAWS,KARNATAKA STATE LOCAL ACTS,Karnataka Land Acquisition (Prohibition) Act 2007,0,0,0,0,2025-08,0,0.0
669,B - SPECIAL & LOCAL LAWS,KARNATAKA STATE LOCAL ACTS,Karnataka Money Lender Act 1961,14,2,2,0,2025-08,-2,-100.0
670,B - SPECIAL & LOCAL LAWS,KARNATAKA STATE LOCAL ACTS,Karnataka Stamp Act 1957,0,0,0,0,2025-08,0,0.0
671,B - SPECIAL & LOCAL LAWS,KARNATAKA STATE LOCAL ACTS,Karnataka Prisoners Act 1963 & 1974,32,8,4,1,2025-08,-3,-75.0
672,B - SPECIAL & LOCAL LAWS,KARNATAKA STATE LOCAL ACTS,Karnataka Private Medical Institution Act 2007,8,0,3,2,2025-08,-1,-33.33333333333333
673,B - SPECIAL & LOCAL LAWS,KARNATAKA STATE LOCAL ACTS,MMRD (Mines & Minerals Regulation Development ) Act 1957,59,2,12,4,2025-08,-8,-66.66666666666666
674,B - SPECIAL & LOCAL LAWS,KARNATAKA STATE LOCAL ACTS,Karnataka Treasure Trove Act 1962,4,0,0,2,2025-08,2,200.0
675,B - SPECIAL & LOCAL LAWS,KARNATAKA STATE LOCAL ACTS,Karnataka Prohibition of Charging Exorbitant Interest Act 2004,13,3,0,1,2025-08,1,100.0
676,B - SPECIAL & LOCAL LAWS,KARNATAKA STATE LOCAL ACTS,Karnataka Ayurvedic And Unani Pract. Regis. & Medical Prac. Misc. Prov. Act,0,0,0,0,2025-08,0,0.0
677,B - SPECIAL & LOCAL LAWS,KARNATAKA STATE LOCAL ACTS,Other Local Acts,127,11,6,10,2025-08,4,66.66666666666666
678,B - SPECIAL & LOCAL LAWS,CYBER CRIME (INFORMATION TECHNOLOGY ACT),"Information Technology Act 2000, 2009",102,1688,4,25,2025-08,21,525.0
679,B - SPECIAL & LOCAL LAWS,CYBER CRIME (INFORMATION TECHNOLOGY ACT),CSAM (Child Pornography). Cyber Tip Line,17,0,0,1,2025-08,1,100.0
680,B - SPECIAL & LOCAL LAWS,CYBER CRIME (INFORMATION TECHNOLOGY ACT),Online Money Transfer,914,14,142,138,2025-08,-4,-2.8169014084507045
681,B - SPECIAL & LOCAL LAWS,CYBER CRIME (INFORMATION TECHNOLOGY ACT),Credit Card Fraud,495,6,55,63,2025-08,8,14.545454545454545
682,B - SPECIAL & LOCAL LAWS,CYBER CRIME (INFORMATION TECHNOLOGY ACT),Loan App,129,0,13,12,2025-08,-1,-7.6923076923076925
683,B - SPECIAL & LOCAL LAWS,CYBER CRIME (INFORMATION TECHNOLOGY ACT),"Ransomeware Attack, Installing Spyware & Troman, Using Other Malware & Viruses to infect degital serv",6,0,0,3,2025-08,3,300.0
684,B - SPECIAL & LOCAL LAWS,CYBER CRIME (INFORMATION TECHNOLOGY ACT),"Gifts, iPhone & Lottery Fraud",88,2,9,7,2025-08,-2,-22.22222222222222
685,B - SPECIAL & LOCAL LAWS,CYBER CRIME (INFORMATION TECHNOLOGY ACT),Deep Fake/Deep Nudes,20,0,3,1,2025-08,-2,-66.66666666666666
686,B - SPECIAL & LOCAL LAWS,CYBER CRIME (INFORMATION TECHNOLOGY ACT),"Investment Fraud (Part Time Job, Task, Review)",1932,7,226,186,2025-08,-40,-17.699115044247787
687,B - SPECIAL & LOCAL LAWS,CYBER CRIME (INFORMATION TECHNOLOGY ACT),Card Skimming,5,0,0,0,2025-08,0,0.0
688,B - SPECIAL & LOCAL LAWS,CYBER CRIME (INFORMATION TECHNOLOGY ACT),Job Fraud,457,4,67,52,2025-08,-15,-22.388059701492537
689,B - SPECIAL & LOCAL LAWS,CYBER CRIME (INFORMATION TECHNOLOGY ACT),Business Fraud,100,2,23,7,2025-08,-16,-69.56521739130434
690,B - SPECIAL & LOCAL LAWS,CYBER CRIME (INFORMATION TECHNOLOGY ACT),Hacking of Accounts & Ids,129,0,13,26,2025-08,13,100.0
691,B - SPECIAL & LOCAL LAWS,CYBER CRIME (INFORMATION TECHNOLOGY ACT),Phishing (Taking Password & Information),30,1,1,3,2025-08,2,200.0
692,B - SPECIAL & LOCAL LAWS,CYBER CRIME (INFORMATION TECHNOLOGY ACT),Email Spoofing / Fraud,29,0,6,1,2025-08,-5,-83.33333333333334
693,B - SPECIAL & LOCAL LAWS,CYBER CRIME (INFORMATION TECHNOLOGY ACT),SIM card Swapping / SIM Jacking / SIM Cloning,12,0,5,2,2025-08,-3,-60.0
694,B - SPECIAL & LOCAL LAWS,CYBER CRIME (INFORMATION TECHNOLOGY ACT),Social Media Cases (Instagram/Facebook/Whatsapp/X /Telegram etc),375,5,63,49,2025-08,-14,-22.22222222222222
695,B - SPECIAL & LOCAL LAWS,CYBER CRIME (INFORMATION TECHNOLOGY ACT),"Crypto Currency, Bitcoin, etc.",56,0,2,3,2025-08,1,50.0
696,B - SPECIAL & LOCAL LAWS,CYBER CRIME (INFORMATION TECHNOLOGY ACT),Remote Access Fraud  (Any Desk/ Team Viewer),8,0,2,2,2025-08,0,0.0
697,B - SPECIAL & LOCAL LAWS,CYBER CRIME (INFORMATION TECHNOLOGY ACT),OLX Fraud,129,0,21,14,2025-08,-7,-33.33333333333333
698,B - SPECIAL & LOCAL LAWS,CYBER CRIME (INFORMATION TECHNOLOGY ACT),Data Theft,42,2,8,4,2025-08,-4,-50.0
699,B - SPECIAL & LOCAL LAWS,CYBER CRIME (INFORMATION TECHNOLOGY ACT),Fedex,29,2,1,1,2025-08,0,0.0
700,B - SPECIAL & LOCAL LAWS,CYBER CRIME (INFORMATION TECHNOLOGY ACT),"OTP Frauds (KYC Update, Apk Link)",511,10,100,72,2025-08,-28,-28.000000000000004
701,B - SPECIAL & LOCAL LAWS,CYBER CRIME (INFORMATION TECHNOLOGY ACT),Matrimony Fraud,76,0,13,9,2025-08,-4,-30.76923076923077
702,B - SPECIAL & LOCAL LAWS,CYBER CRIME (INFORMATION TECHNOLOGY ACT),Sextortion and Revenge Porn,68,2,7,6,2025-08,-1,-14.285714285714285
703,B - SPECIAL & LOCAL LAWS,CYBER CRIME (INFORMATION TECHNOLOGY ACT),Advertising Frauds,36,0,6,6,2025-08,0,0.0
704,B - SPECIAL & LOCAL LAWS,CYBER CRIME (INFORMATION TECHNOLOGY ACT),Investment Fraud (Trading & Share Trading),2319,23,270,310,2025-08,40,14.814814814814813
705,B - SPECIAL & LOCAL LAWS,CYBER CRIME (INFORMATION TECHNOLOGY ACT),Fake Customer Care,211,0,34,24,2025-08,-10,-29.411764705882355
706,B - SPECIAL & LOCAL LAWS,CYBER CRIME (INFORMATION TECHNOLOGY ACT),ATM Fraud,13,1,3,0,2025-08,-3,-100.0
707,B - SPECIAL & LOCAL LAWS,CYBER CRIME (INFORMATION TECHNOLOGY ACT),Digital Arrest,232,7,40,24,2025-08,-16,-40.0
708,B - SPECIAL & LOCAL LAWS,CYBER CRIME (INFORMATION TECHNOLOGY ACT),AEPS (Aadhaar),1,0,1,0,2025-08,-1,-100.0
709,B - SPECIAL & LOCAL LAWS,CYBER CRIME (INFORMATION TECHNOLOGY ACT),Others ,1319,47,182,213,2025-08,31,17.032967032967033
710,B - SPECIAL & LOCAL LAWS,NATIONAL SECURITY ACT,ALL / NOT SPECIFIED,0,0,0,0,2025-08,0,0.0
711,B - SPECIAL & LOCAL LAWS,POCSO,Gang Rape,11,0,1,1,2025-08,0,0.0
712,B - SPECIAL & LOCAL LAWS,POCSO,Custodial Rape,2,1,0,0,2025-08,0,0.0
713,B - SPECIAL & LOCAL LAWS,POCSO,Rape with Murder,1,0,0,0,2025-08,0,0.0
714,B - SPECIAL & LOCAL LAWS,POCSO,Rape,2118,252,276,251,2025-08,-25,-9.057971014492754
715,B - SPECIAL & LOCAL LAWS,POCSO,Others ,797,101,99,80,2025-08,-19,-19.19191919191919
716,B - SPECIAL & LOCAL LAWS,Aadhar Act,Offence by Company,0,0,0,0,2025-08,0,0.0
717,B - SPECIAL & LOCAL LAWS,Aadhar Act,Impersonation,0,0,0,0,2025-08,0,0.0
718,B - SPECIAL & LOCAL LAWS,Aadhar Act,Offence by Individual,0,0,0,0,2025-08,0,0.0
719,C. CRIMES AGAINST WOMEN,Rape (Sec. 376 IPC),1.1  Custodial Rape,0,0,0,0,2025-08,0,0.0
720,C. CRIMES AGAINST WOMEN,Rape (Sec. 376 IPC),1.2  Gang Rape,9,2,1,1,2025-08,0,0.0
721,C. CRIMES AGAINST WOMEN,Rape (Sec. 376 IPC),1.3  other Cases of Rape,620,59,68,81,2025-08,13,19.11764705882353
722,C. CRIMES AGAINST WOMEN,Outraging modesty (Molestation) (sec.354 IPC),ALL / NOT SPECIFIED,3901,479,489,447,2025-08,-42,-8.588957055214724
723,C. CRIMES AGAINST WOMEN,Kidnapping & Abduction of Women: (Sec.366 IPC),ALL / NOT SPECIFIED,80,9,8,13,2025-08,5,62.5
724,C. CRIMES AGAINST WOMEN,Insulting modesty (Eve-Teasing) (Sec.294 & 509 IPC if victim is a woman),ALL / NOT SPECIFIED,263,13,33,32,2025-08,-1,-3.0303030303030303
725,C. CRIMES AGAINST WOMEN,Murder for Dowry - by burning (Sec.302 IPC),ALL / NOT SPECIFIED,1,0,0,0,2025-08,0,0.0
726,C. CRIMES AGAINST WOMEN,"Murder for Dowry - by other means
(Sec.302 IPC)",ALL / NOT SPECIFIED,4,2,0,0,2025-08,0,0.0
727,C. CRIMES AGAINST WOMEN,Murder for other reasons,ALL / NOT SPECIFIED,247,27,20,34,2025-08,14,70.0
728,C. CRIMES AGAINST WOMEN,Attempt to Commit Murder for dowry by burning (Sec.307 IPC),ALL / NOT SPECIFIED,1,0,0,0,2025-08,0,0.0
729,C. CRIMES AGAINST WOMEN,Attempt to Commit Murder for dowry by other means (Sec.307 IPC),ALL / NOT SPECIFIED,11,4,1,0,2025-08,-1,-100.0
730,C. CRIMES AGAINST WOMEN,Attempt to Commit murder for other reasons,ALL / NOT SPECIFIED,656,57,67,87,2025-08,20,29.850746268656714
731,C. CRIMES AGAINST WOMEN,"Dowry Death-by burning
(Sec.304-B IPC)",ALL / NOT SPECIFIED,1,0,0,0,2025-08,0,0.0
732,C. CRIMES AGAINST WOMEN,Dowry Death-by other Means (Sec.304(B) IPC),ALL / NOT SPECIFIED,78,9,12,10,2025-08,-2,-16.666666666666664
733,C. CRIMES AGAINST WOMEN,Cruelty by Husband or Relatives of Husband (Sec.498-A IPC),ALL / NOT SPECIFIED,1899,230,250,241,2025-08,-9,-3.5999999999999996
734,C. CRIMES AGAINST WOMEN,Abetment of Suicide (Sec.306 IPC),ALL / NOT SPECIFIED,112,20,18,12,2025-08,-6,-33.33333333333333
735,C. CRIMES AGAINST WOMEN,Immoral Traffic (prevention) Act.,ALL / NOT SPECIFIED,226,15,37,23,2025-08,-14,-37.83783783783784
736,C. CRIMES AGAINST WOMEN,Indecent Representation of Women(Prohibition) Act-1986,ALL / NOT SPECIFIED,1,0,0,0,2025-08,0,0.0
737,C. CRIMES AGAINST WOMEN,Pornography,ALL / NOT SPECIFIED,1,0,0,0,2025-08,0,0.0
738,C. CRIMES AGAINST WOMEN,Offences against Public Servants (Sec.182-188-333-353 IPC),ALL / NOT SPECIFIED,92,7,12,13,2025-08,1,8.333333333333332
739,C. CRIMES AGAINST WOMEN,Offences related to Marriage,ALL / NOT SPECIFIED,21,0,2,2,2025-08,0,0.0
740,C. CRIMES AGAINST WOMEN,Cyber Crimes,ALL / NOT SPECIFIED,2991,544,405,352,2025-08,-53,-13.086419753086421
741,D.CRIME AGAINST CHILDREN,"Infanticide/ Foeticide 
(Sec. 315 & 316 IPC)",ALL / NOT SPECIFIED,5,1,1,0,2025-08,-1,-100.0
742,D.CRIME AGAINST CHILDREN,Rape on Minor,ALL / NOT SPECIFIED,0,0,0,0,2025-08,0,0.0
743,D.CRIME AGAINST CHILDREN,Exposure & abandonment (Sec. 317 IPC),ALL / NOT SPECIFIED,26,4,5,6,2025-08,1,20.0
744,D.CRIME AGAINST CHILDREN,Kidnapping & Abduction of Children,ALL / NOT SPECIFIED,2601,322,297,339,2025-08,42,14.14141414141414
745,D.CRIME AGAINST CHILDREN,For Ransom - of Children,ALL / NOT SPECIFIED,5,0,0,0,2025-08,0,0.0
746,D.CRIME AGAINST CHILDREN,of Children - for begging,ALL / NOT SPECIFIED,0,0,0,0,2025-08,0,0.0
747,D.CRIME AGAINST CHILDREN,of Girls - Immoral Purpose,ALL / NOT SPECIFIED,0,0,0,0,2025-08,0,0.0
748,D.CRIME AGAINST CHILDREN,With intent to Steal from Child,ALL / NOT SPECIFIED,0,0,0,0,2025-08,0,0.0
749,D.CRIME AGAINST CHILDREN,Lawful Guardianship,ALL / NOT SPECIFIED,2,1,0,1,2025-08,1,100.0
750,D.CRIME AGAINST CHILDREN,Procuration of Minor Girls - For Prostitution,ALL / NOT SPECIFIED,0,0,0,0,2025-08,0,0.0
751,D.CRIME AGAINST CHILDREN,Procuration of Minor Girls - Importing of Girl,ALL / NOT SPECIFIED,0,0,0,0,2025-08,0,0.0
752,D.CRIME AGAINST CHILDREN,Procuration of Minor Girls - For Other Purposes,ALL / NOT SPECIFIED,9,0,0,1,2025-08,1,100.0
753,D.CRIME AGAINST CHILDREN,Sub Total ,ALL / NOT SPECIFIED,2617,323,297,341,2025-08,44,14.814814814814813
754,D.CRIME AGAINST CHILDREN,Selling of girls for Prostitution (Sec.372 IPC),ALL / NOT SPECIFIED,0,0,0,0,2025-08,0,0.0
755,D.CRIME AGAINST CHILDREN,The Prohibition of Child Marriage Act - 2006,ALL / NOT SPECIFIED,140,14,16,19,2025-08,3,18.75
756,D.CRIME AGAINST CHILDREN,POCSO Act,ALL / NOT SPECIFIED,2929,354,376,332,2025-08,-44,-11.702127659574469
757,D.CRIME AGAINST CHILDREN,Death of Children due to miscarriage,ALL / NOT SPECIFIED,15,1,1,2,2025-08,1,100.0
758,D.CRIME AGAINST CHILDREN,Juvenile Justice Act,ALL / NOT SPECIFIED,103,12,12,6,2025-08,-6,-50.0
759,D.CRIME AGAINST CHILDREN,Child Labour (Pro.& Reg.) Act,ALL / NOT SPECIFIED,61,29,17,8,2025-08,-9,-52.94117647058824
760,D.CRIME AGAINST CHILDREN,Probation of Offenders Act,ALL / NOT SPECIFIED,1,0,0,0,2025-08,0,0.0
761,"    E. CRIME AGAINST SCHEDULED CASTES /TRIBES BY NON SCs/STs 
",Murder,ALL / NOT SPECIFIED,63,8,7,8,2025-08,1,14.285714285714285
762,TOTAL / NOT SPECIFIED,Rape,ALL / NOT SPECIFIED,106,7,12,16,2025-08,4,33.33333333333333
763,TOTAL / NOT SPECIFIED,Kidnapping,ALL / NOT SPECIFIED,121,10,18,10,2025-08,-8,-44.44444444444444
764,TOTAL / NOT SPECIFIED,Offences under the Protection of Civil Rights Act.,ALL / NOT SPECIFIED,6,0,1,0,2025-08,-1,-100.0
1,A - IPC Crime,"Murder (Sec.302/303 IPC/103,104 BNS)",For gain,28,2,3,4,2025-09,1,33.33333333333333
2,A - IPC Crime,"Murder (Sec.302/303 IPC/103,104 BNS)",Over Property Dispute,19,1,1,2,2025-09,1,100.0
3,A - IPC Crime,"Murder (Sec.302/303 IPC/103,104 BNS)",Due to Personal Vendetta or enemity,29,2,3,3,2025-09,0,0.0
4,A - IPC Crime,"Murder (Sec.302/303 IPC/103,104 BNS)",Due to Sexual jealousy,20,0,2,4,2025-09,2,100.0
5,A - IPC Crime,"Murder (Sec.302/303 IPC/103,104 BNS)",For dowry by burning,1,0,0,0,2025-09,0,0.0
6,A - IPC Crime,"Murder (Sec.302/303 IPC/103,104 BNS)",For dowry by other means,4,1,0,0,2025-09,0,0.0
7,A - IPC Crime,"Murder (Sec.302/303 IPC/103,104 BNS)",Due to Communalism,1,0,0,0,2025-09,0,0.0
8,A - IPC Crime,"Murder (Sec.302/303 IPC/103,104 BNS)",Due to Casteism,1,0,0,1,2025-09,1,100.0
9,A - IPC Crime,"Murder (Sec.302/303 IPC/103,104 BNS)",Witch Craft (Sorcery),0,0,0,0,2025-09,0,0.0
10,A - IPC Crime,"Murder (Sec.302/303 IPC/103,104 BNS)",For Human Sacrifice,0,0,0,0,2025-09,0,0.0
11,A - IPC Crime,"Murder (Sec.302/303 IPC/103,104 BNS)",Due to Terrorism/Naxalism / Extremism,0,0,0,0,2025-09,0,0.0
12,A - IPC Crime,"Murder (Sec.302/303 IPC/103,104 BNS)",For Political Reasons,0,0,0,0,2025-09,0,0.0
13,A - IPC Crime,"Murder (Sec.302/303 IPC/103,104 BNS)",Due to Adultery,14,1,2,2,2025-09,0,0.0
14,A - IPC Crime,"Murder (Sec.302/303 IPC/103,104 BNS)",Civil Disputes,39,5,1,1,2025-09,0,0.0
15,A - IPC Crime,"Murder (Sec.302/303 IPC/103,104 BNS)",Electoral Gain,0,0,0,0,2025-09,0,0.0
16,A - IPC Crime,"Murder (Sec.302/303 IPC/103,104 BNS)",Gang Rivalry,2,0,0,0,2025-09,0,0.0
17,A - IPC Crime,"Murder (Sec.302/303 IPC/103,104 BNS)",Love Intrigue,20,3,3,4,2025-09,1,33.33333333333333
18,A - IPC Crime,"Murder (Sec.302/303 IPC/103,104 BNS)",Professional ,0,0,0,0,2025-09,0,0.0
19,A - IPC Crime,"Murder (Sec.302/303 IPC/103,104 BNS)",Psychopathic/Serial Killer/Lunacy,0,0,0,0,2025-09,0,0.0
20,A - IPC Crime,"Murder (Sec.302/303 IPC/103,104 BNS)",Rape with Murder,8,0,0,1,2025-09,1,100.0
21,A - IPC Crime,"Murder (Sec.302/303 IPC/103,104 BNS)",Revenge/Enemity,31,6,4,1,2025-09,-3,-75.0
22,A - IPC Crime,"Murder (Sec.302/303 IPC/103,104 BNS)",Sudden Quarrel,77,12,6,11,2025-09,5,83.33333333333334
23,A - IPC Crime,"Murder (Sec.302/303 IPC/103,104 BNS)",Village Dispute,0,0,0,0,2025-09,0,0.0
24,A - IPC Crime,"Murder (Sec.302/303 IPC/103,104 BNS)",Custodial,0,0,0,0,2025-09,0,0.0
25,A - IPC Crime,"Murder (Sec.302/303 IPC/103,104 BNS)",Due to Other Causes,629,59,72,66,2025-09,-6,-8.333333333333332
26,A - IPC Crime,ATTEMPT TO MURDER (Sec. 307 IPC/109BNS),For Gain ,12,0,1,2,2025-09,1,100.0
27,A - IPC Crime,ATTEMPT TO MURDER (Sec. 307 IPC/109BNS),Over Property Dispute,60,6,5,7,2025-09,2,40.0
28,A - IPC Crime,ATTEMPT TO MURDER (Sec. 307 IPC/109BNS),Due to Personal Vendetta or enemity,60,6,1,8,2025-09,7,700.0
29,A - IPC Crime,ATTEMPT TO MURDER (Sec. 307 IPC/109BNS),Due to Sexual jealousy,7,0,1,0,2025-09,-1,-100.0
30,A - IPC Crime,ATTEMPT TO MURDER (Sec. 307 IPC/109BNS),For Dowry other Means,14,3,0,3,2025-09,3,300.0
31,A - IPC Crime,ATTEMPT TO MURDER (Sec. 307 IPC/109BNS),Dowry By Burning,1,0,0,0,2025-09,0,0.0
32,A - IPC Crime,ATTEMPT TO MURDER (Sec. 307 IPC/109BNS),Due to Communalism,2,1,0,1,2025-09,1,100.0
33,A - IPC Crime,ATTEMPT TO MURDER (Sec. 307 IPC/109BNS),Due to Casteism,1,0,0,0,2025-09,0,0.0
34,A - IPC Crime,ATTEMPT TO MURDER (Sec. 307 IPC/109BNS),Witch Craft (Sorcery),0,0,0,0,2025-09,0,0.0
35,A - IPC Crime,ATTEMPT TO MURDER (Sec. 307 IPC/109BNS),For Human Sacrifice,0,0,0,0,2025-09,0,0.0
36,A - IPC Crime,ATTEMPT TO MURDER (Sec. 307 IPC/109BNS),Terrorism /Naxalism / Extremism,0,0,0,0,2025-09,0,0.0
37,A - IPC Crime,ATTEMPT TO MURDER (Sec. 307 IPC/109BNS),For Political Reasons,7,0,1,1,2025-09,0,0.0
38,A - IPC Crime,ATTEMPT TO MURDER (Sec. 307 IPC/109BNS),Adultery,10,0,2,0,2025-09,-2,-100.0
39,A - IPC Crime,ATTEMPT TO MURDER (Sec. 307 IPC/109BNS),Electoral Gain,0,0,0,0,2025-09,0,0.0
40,A - IPC Crime,ATTEMPT TO MURDER (Sec. 307 IPC/109BNS),Gang Rivalry,2,0,0,0,2025-09,0,0.0
41,A - IPC Crime,ATTEMPT TO MURDER (Sec. 307 IPC/109BNS),Love Intrigue,18,0,3,1,2025-09,-2,-66.66666666666666
42,A - IPC Crime,ATTEMPT TO MURDER (Sec. 307 IPC/109BNS),Professional ,6,1,1,1,2025-09,0,0.0
43,A - IPC Crime,ATTEMPT TO MURDER (Sec. 307 IPC/109BNS),Rape,1,0,0,0,2025-09,0,0.0
44,A - IPC Crime,ATTEMPT TO MURDER (Sec. 307 IPC/109BNS),Revenge/Enemity,185,25,16,25,2025-09,9,56.25
45,A - IPC Crime,ATTEMPT TO MURDER (Sec. 307 IPC/109BNS),Sudden Quarrel,239,21,23,40,2025-09,17,73.91304347826086
46,A - IPC Crime,ATTEMPT TO MURDER (Sec. 307 IPC/109BNS),Village Dispute,6,2,2,1,2025-09,-1,-50.0
47,A - IPC Crime,ATTEMPT TO MURDER (Sec. 307 IPC/109BNS),Due to Other Causes,1594,160,170,202,2025-09,32,18.823529411764707
48,A - IPC Crime,ATTEMPT TO MURDER (Sec. 307 IPC/109BNS),Civil Disputes,261,23,40,15,2025-09,-25,-62.5
49,A - IPC Crime,CULPABLE HOMICIDE NOT AMOUNTING TO MUDER (Sec.304 IPC/105 BNS),For Gain,0,0,0,0,2025-09,0,0.0
50,A - IPC Crime,CULPABLE HOMICIDE NOT AMOUNTING TO MUDER (Sec.304 IPC/105 BNS),Over Civil Dispute,1,1,0,0,2025-09,0,0.0
51,A - IPC Crime,CULPABLE HOMICIDE NOT AMOUNTING TO MUDER (Sec.304 IPC/105 BNS),Due to Personal Vendetta or enemity,0,0,0,0,2025-09,0,0.0
52,A - IPC Crime,CULPABLE HOMICIDE NOT AMOUNTING TO MUDER (Sec.304 IPC/105 BNS),Due to Sexual jealousy,0,0,0,0,2025-09,0,0.0
53,A - IPC Crime,CULPABLE HOMICIDE NOT AMOUNTING TO MUDER (Sec.304 IPC/105 BNS),For Dowry,0,0,0,0,2025-09,0,0.0
54,A - IPC Crime,CULPABLE HOMICIDE NOT AMOUNTING TO MUDER (Sec.304 IPC/105 BNS),Due to Communalism,0,0,0,0,2025-09,0,0.0
55,A - IPC Crime,CULPABLE HOMICIDE NOT AMOUNTING TO MUDER (Sec.304 IPC/105 BNS),Due to Casteism,0,0,0,0,2025-09,0,0.0
56,A - IPC Crime,CULPABLE HOMICIDE NOT AMOUNTING TO MUDER (Sec.304 IPC/105 BNS),Witch Craft (Sorcery),0,0,0,0,2025-09,0,0.0
57,A - IPC Crime,CULPABLE HOMICIDE NOT AMOUNTING TO MUDER (Sec.304 IPC/105 BNS),For Human Sacrifice,0,0,0,0,2025-09,0,0.0
58,A - IPC Crime,CULPABLE HOMICIDE NOT AMOUNTING TO MUDER (Sec.304 IPC/105 BNS),Terrorism /Naxalism / Extremism,0,0,0,0,2025-09,0,0.0
59,A - IPC Crime,CULPABLE HOMICIDE NOT AMOUNTING TO MUDER (Sec.304 IPC/105 BNS),For Political Reasons,0,0,0,0,2025-09,0,0.0
60,A - IPC Crime,CULPABLE HOMICIDE NOT AMOUNTING TO MUDER (Sec.304 IPC/105 BNS),Adultery,0,0,0,0,2025-09,0,0.0
61,A - IPC Crime,CULPABLE HOMICIDE NOT AMOUNTING TO MUDER (Sec.304 IPC/105 BNS),Property Disputes,0,0,0,0,2025-09,0,0.0
62,A - IPC Crime,CULPABLE HOMICIDE NOT AMOUNTING TO MUDER (Sec.304 IPC/105 BNS),Electoral Gain,3,0,1,0,2025-09,-1,-100.0
63,A - IPC Crime,CULPABLE HOMICIDE NOT AMOUNTING TO MUDER (Sec.304 IPC/105 BNS),Gang Rivalry,0,0,0,0,2025-09,0,0.0
64,A - IPC Crime,CULPABLE HOMICIDE NOT AMOUNTING TO MUDER (Sec.304 IPC/105 BNS),Love Intrigue,0,0,0,0,2025-09,0,0.0
65,A - IPC Crime,CULPABLE HOMICIDE NOT AMOUNTING TO MUDER (Sec.304 IPC/105 BNS),Professional ,1,0,0,1,2025-09,1,100.0
66,A - IPC Crime,CULPABLE HOMICIDE NOT AMOUNTING TO MUDER (Sec.304 IPC/105 BNS),Sudden Quarrel,9,0,1,1,2025-09,0,0.0
67,A - IPC Crime,CULPABLE HOMICIDE NOT AMOUNTING TO MUDER (Sec.304 IPC/105 BNS),Due to Other Causes,63,14,6,3,2025-09,-3,-50.0
68,A - IPC Crime,CULPABLE HOMICIDE NOT AMOUNTING TO MUDER (Sec.304 IPC/105 BNS),Fatal (Drink & Drive),16,0,2,2,2025-09,0,0.0
69,A - IPC Crime,ATTEMPT TO CULPABLE HOMICIDE NOT AMOUNTING TO MURDER (Sec. 308 IPC/110 BNS),For Gain,0,0,0,0,2025-09,0,0.0
70,A - IPC Crime,ATTEMPT TO CULPABLE HOMICIDE NOT AMOUNTING TO MURDER (Sec. 308 IPC/110 BNS),Over Civil Dispute,2,0,1,0,2025-09,-1,-100.0
71,A - IPC Crime,ATTEMPT TO CULPABLE HOMICIDE NOT AMOUNTING TO MURDER (Sec. 308 IPC/110 BNS),Due to Personal Vendetta or enemity,0,0,0,0,2025-09,0,0.0
72,A - IPC Crime,ATTEMPT TO CULPABLE HOMICIDE NOT AMOUNTING TO MURDER (Sec. 308 IPC/110 BNS),Due to Sexual jealousy,0,0,0,0,2025-09,0,0.0
73,A - IPC Crime,ATTEMPT TO CULPABLE HOMICIDE NOT AMOUNTING TO MURDER (Sec. 308 IPC/110 BNS),For Dowry,0,0,0,0,2025-09,0,0.0
74,A - IPC Crime,ATTEMPT TO CULPABLE HOMICIDE NOT AMOUNTING TO MURDER (Sec. 308 IPC/110 BNS),Due to Communalism,0,0,0,0,2025-09,0,0.0
75,A - IPC Crime,ATTEMPT TO CULPABLE HOMICIDE NOT AMOUNTING TO MURDER (Sec. 308 IPC/110 BNS),Due to Casteism,0,0,0,0,2025-09,0,0.0
76,A - IPC Crime,ATTEMPT TO CULPABLE HOMICIDE NOT AMOUNTING TO MURDER (Sec. 308 IPC/110 BNS),Witch Craft (Sorcery),0,0,0,0,2025-09,0,0.0
77,A - IPC Crime,ATTEMPT TO CULPABLE HOMICIDE NOT AMOUNTING TO MURDER (Sec. 308 IPC/110 BNS),For Human Sacrifice,0,0,0,0,2025-09,0,0.0
78,A - IPC Crime,ATTEMPT TO CULPABLE HOMICIDE NOT AMOUNTING TO MURDER (Sec. 308 IPC/110 BNS),Terrorism /Naxalism / Extremism,0,0,0,0,2025-09,0,0.0
79,A - IPC Crime,ATTEMPT TO CULPABLE HOMICIDE NOT AMOUNTING TO MURDER (Sec. 308 IPC/110 BNS),For Political Reasons,0,0,0,0,2025-09,0,0.0
80,A - IPC Crime,ATTEMPT TO CULPABLE HOMICIDE NOT AMOUNTING TO MURDER (Sec. 308 IPC/110 BNS),Due to Other Causes,39,3,2,7,2025-09,5,250.0
81,A - IPC Crime,ATTEMPT TO CULPABLE HOMICIDE NOT AMOUNTING TO MURDER (Sec. 308 IPC/110 BNS),Adultery,1,0,0,0,2025-09,0,0.0
82,A - IPC Crime,ATTEMPT TO CULPABLE HOMICIDE NOT AMOUNTING TO MURDER (Sec. 308 IPC/110 BNS),Property Disputes,0,0,0,0,2025-09,0,0.0
83,A - IPC Crime,ATTEMPT TO CULPABLE HOMICIDE NOT AMOUNTING TO MURDER (Sec. 308 IPC/110 BNS),Electoral Gain,0,0,0,0,2025-09,0,0.0
84,A - IPC Crime,ATTEMPT TO CULPABLE HOMICIDE NOT AMOUNTING TO MURDER (Sec. 308 IPC/110 BNS),Gang Rivalry,0,0,0,0,2025-09,0,0.0
85,A - IPC Crime,ATTEMPT TO CULPABLE HOMICIDE NOT AMOUNTING TO MURDER (Sec. 308 IPC/110 BNS),Love Intrigue,2,0,2,0,2025-09,-2,-100.0
86,A - IPC Crime,ATTEMPT TO CULPABLE HOMICIDE NOT AMOUNTING TO MURDER (Sec. 308 IPC/110 BNS),Professional ,0,0,0,0,2025-09,0,0.0
87,A - IPC Crime,ATTEMPT TO CULPABLE HOMICIDE NOT AMOUNTING TO MURDER (Sec. 308 IPC/110 BNS),Sudden Quarrel,6,1,1,1,2025-09,0,0.0
88,A - IPC Crime,"RAPE (Sec.376, 376(A) to 376 (D) IPC/64 TO 71 BNS)",Custodial Rape,0,0,0,0,2025-09,0,0.0
89,A - IPC Crime,"RAPE (Sec.376, 376(A) to 376 (D) IPC/64 TO 71 BNS)",Attempt to Commit,9,2,0,1,2025-09,1,100.0
90,A - IPC Crime,"RAPE (Sec.376, 376(A) to 376 (D) IPC/64 TO 71 BNS)",By a Gang,9,0,1,0,2025-09,-1,-100.0
91,A - IPC Crime,"RAPE (Sec.376, 376(A) to 376 (D) IPC/64 TO 71 BNS)",By Parents,2,0,0,0,2025-09,0,0.0
92,A - IPC Crime,"RAPE (Sec.376, 376(A) to 376 (D) IPC/64 TO 71 BNS)",By Hospital Staff,4,0,0,1,2025-09,1,100.0
93,A - IPC Crime,"RAPE (Sec.376, 376(A) to 376 (D) IPC/64 TO 71 BNS)",By Husband During Sepearation,4,0,1,1,2025-09,0,0.0
94,A - IPC Crime,"RAPE (Sec.376, 376(A) to 376 (D) IPC/64 TO 71 BNS)",By Neighbours,30,5,2,0,2025-09,-2,-100.0
95,A - IPC Crime,"RAPE (Sec.376, 376(A) to 376 (D) IPC/64 TO 71 BNS)",By Relatives,25,5,5,1,2025-09,-4,-80.0
96,A - IPC Crime,"RAPE (Sec.376, 376(A) to 376 (D) IPC/64 TO 71 BNS)",In Jail Custody,0,0,0,0,2025-09,0,0.0
97,A - IPC Crime,"RAPE (Sec.376, 376(A) to 376 (D) IPC/64 TO 71 BNS)",In Remand Home,0,0,0,0,2025-09,0,0.0
98,A - IPC Crime,"RAPE (Sec.376, 376(A) to 376 (D) IPC/64 TO 71 BNS)",InCest,0,0,0,0,2025-09,0,0.0
99,A - IPC Crime,"RAPE (Sec.376, 376(A) to 376 (D) IPC/64 TO 71 BNS)",Known Person,259,26,23,23,2025-09,0,0.0
100,A - IPC Crime,"RAPE (Sec.376, 376(A) to 376 (D) IPC/64 TO 71 BNS)",Unknown Person,15,2,2,1,2025-09,-1,-50.0
101,A - IPC Crime,"RAPE (Sec.376, 376(A) to 376 (D) IPC/64 TO 71 BNS)",Due to Other Causes,343,18,49,42,2025-09,-7,-14.285714285714285
102,A - IPC Crime,"RAPE (Sec.376, 376(A) to 376 (D) IPC/64 TO 71 BNS)",On Minor,0,0,0,0,2025-09,0,0.0
103,A - IPC Crime,Sexual Intercourse by employing deceitful means (Se 69 BNS),False promises of marriage,139,2,20,20,2025-09,0,0.0
104,A - IPC Crime,Sexual Intercourse by employing deceitful means (Se 69 BNS),Falsely claiming a job promotion or employment,2,0,1,0,2025-09,-1,-100.0
105,A - IPC Crime,Sexual Intercourse by employing deceitful means (Se 69 BNS),Suppressing identity to induce marriage,0,0,0,0,2025-09,0,0.0
106,A - IPC Crime,Sexual Intercourse by employing deceitful means (Se 69 BNS),Other,7,0,2,1,2025-09,-1,-50.0
107,A - IPC Crime,"KIDNAPPING AND ABDUCTION (Sec.360, 361, 363 to 369 IPC/137(1)(A),137(1)(B),137(2),140 TO 142,97 BNS)",Missing - Boy,711,90,75,84,2025-09,9,12.0
108,A - IPC Crime,"KIDNAPPING AND ABDUCTION (Sec.360, 361, 363 to 369 IPC/137(1)(A),137(1)(B),137(2),140 TO 142,97 BNS)",Missing - Girl,2028,217,207,250,2025-09,43,20.77294685990338
109,A - IPC Crime,"KIDNAPPING AND ABDUCTION (Sec.360, 361, 363 to 369 IPC/137(1)(A),137(1)(B),137(2),140 TO 142,97 BNS)",For Ransom - of Children,6,0,0,1,2025-09,1,100.0
110,A - IPC Crime,"KIDNAPPING AND ABDUCTION (Sec.360, 361, 363 to 369 IPC/137(1)(A),137(1)(B),137(2),140 TO 142,97 BNS)",For Ransom - of Cildren for Begging,0,0,0,0,2025-09,0,0.0
111,A - IPC Crime,"KIDNAPPING AND ABDUCTION (Sec.360, 361, 363 to 369 IPC/137(1)(A),137(1)(B),137(2),140 TO 142,97 BNS)",For Ransom - of Women,11,0,2,2,2025-09,0,0.0
112,A - IPC Crime,"KIDNAPPING AND ABDUCTION (Sec.360, 361, 363 to 369 IPC/137(1)(A),137(1)(B),137(2),140 TO 142,97 BNS)",For Ransom - of Girls for Immoral Purpose,0,0,0,0,2025-09,0,0.0
113,A - IPC Crime,"KIDNAPPING AND ABDUCTION (Sec.360, 361, 363 to 369 IPC/137(1)(A),137(1)(B),137(2),140 TO 142,97 BNS)",For Ransom - of  Others,46,3,5,4,2025-09,-1,-20.0
114,A - IPC Crime,"KIDNAPPING AND ABDUCTION (Sec.360, 361, 363 to 369 IPC/137(1)(A),137(1)(B),137(2),140 TO 142,97 BNS)",Procuration of Minor Girls - For Prostitution,0,0,0,0,2025-09,0,0.0
115,A - IPC Crime,"KIDNAPPING AND ABDUCTION (Sec.360, 361, 363 to 369 IPC/137(1)(A),137(1)(B),137(2),140 TO 142,97 BNS)",Procuration of Minor Girls - Importring of Girl,0,0,0,0,2025-09,0,0.0
116,A - IPC Crime,"KIDNAPPING AND ABDUCTION (Sec.360, 361, 363 to 369 IPC/137(1)(A),137(1)(B),137(2),140 TO 142,97 BNS)",Procuration of Minor Girls - For other Purpose,11,1,1,2,2025-09,1,100.0
117,A - IPC Crime,"KIDNAPPING AND ABDUCTION (Sec.360, 361, 363 to 369 IPC/137(1)(A),137(1)(B),137(2),140 TO 142,97 BNS)",Espionage,0,0,0,0,2025-09,0,0.0
118,A - IPC Crime,"KIDNAPPING AND ABDUCTION (Sec.360, 361, 363 to 369 IPC/137(1)(A),137(1)(B),137(2),140 TO 142,97 BNS)",Intent to Steal From Child,0,0,0,0,2025-09,0,0.0
119,A - IPC Crime,"KIDNAPPING AND ABDUCTION (Sec.360, 361, 363 to 369 IPC/137(1)(A),137(1)(B),137(2),140 TO 142,97 BNS)",Murder (Homicide),0,0,0,0,2025-09,0,0.0
120,A - IPC Crime,"KIDNAPPING AND ABDUCTION (Sec.360, 361, 363 to 369 IPC/137(1)(A),137(1)(B),137(2),140 TO 142,97 BNS)",Obtain Signature Forcibly,0,0,0,0,2025-09,0,0.0
121,A - IPC Crime,"KIDNAPPING AND ABDUCTION (Sec.360, 361, 363 to 369 IPC/137(1)(A),137(1)(B),137(2),140 TO 142,97 BNS)",Recovering Loan,2,0,0,1,2025-09,1,100.0
122,A - IPC Crime,"KIDNAPPING AND ABDUCTION (Sec.360, 361, 363 to 369 IPC/137(1)(A),137(1)(B),137(2),140 TO 142,97 BNS)",Settling any Disputes,8,0,0,2,2025-09,2,200.0
123,A - IPC Crime,"KIDNAPPING AND ABDUCTION (Sec.360, 361, 363 to 369 IPC/137(1)(A),137(1)(B),137(2),140 TO 142,97 BNS)",Unnatural Lust / Illicit Intercourse,0,0,0,0,2025-09,0,0.0
124,A - IPC Crime,"KIDNAPPING AND ABDUCTION (Sec.360, 361, 363 to 369 IPC/137(1)(A),137(1)(B),137(2),140 TO 142,97 BNS)",Wrongful Confinement,9,0,1,0,2025-09,-1,-100.0
125,A - IPC Crime,"KIDNAPPING AND ABDUCTION (Sec.360, 361, 363 to 369 IPC/137(1)(A),137(1)(B),137(2),140 TO 142,97 BNS)",For Exporting,0,0,0,0,2025-09,0,0.0
126,A - IPC Crime,"KIDNAPPING AND ABDUCTION (Sec.360, 361, 363 to 369 IPC/137(1)(A),137(1)(B),137(2),140 TO 142,97 BNS)",From Lawful Guardianship,4,0,2,0,2025-09,-2,-100.0
127,A - IPC Crime,"KIDNAPPING AND ABDUCTION (Sec.360, 361, 363 to 369 IPC/137(1)(A),137(1)(B),137(2),140 TO 142,97 BNS)",For Camel Racing Etc.,0,0,0,0,2025-09,0,0.0
128,A - IPC Crime,"KIDNAPPING AND ABDUCTION (Sec.360, 361, 363 to 369 IPC/137(1)(A),137(1)(B),137(2),140 TO 142,97 BNS)",To Compel For Marriage,4,2,1,0,2025-09,-1,-100.0
129,A - IPC Crime,"KIDNAPPING AND ABDUCTION (Sec.360, 361, 363 to 369 IPC/137(1)(A),137(1)(B),137(2),140 TO 142,97 BNS)",For Slavery,1,0,0,1,2025-09,1,100.0
130,A - IPC Crime,"KIDNAPPING AND ABDUCTION (Sec.360, 361, 363 to 369 IPC/137(1)(A),137(1)(B),137(2),140 TO 142,97 BNS)",For Stealing From its Person,1,0,0,0,2025-09,0,0.0
131,A - IPC Crime,"KIDNAPPING AND ABDUCTION (Sec.360, 361, 363 to 369 IPC/137(1)(A),137(1)(B),137(2),140 TO 142,97 BNS)",Others,289,22,27,32,2025-09,5,18.51851851851852
132,A - IPC Crime,"DACOITY (Sec. 395 to 398 IPC/310(2),310(4),311,312 BNS)",At ATM,0,0,0,0,2025-09,0,0.0
133,A - IPC Crime,"DACOITY (Sec. 395 to 398 IPC/310(2),310(4),311,312 BNS)",At Residential Premises,23,0,2,2,2025-09,0,0.0
134,A - IPC Crime,"DACOITY (Sec. 395 to 398 IPC/310(2),310(4),311,312 BNS)",On Highways,13,2,2,1,2025-09,-1,-50.0
135,A - IPC Crime,"DACOITY (Sec. 395 to 398 IPC/310(2),310(4),311,312 BNS)",In Trains,1,0,0,0,2025-09,0,0.0
136,A - IPC Crime,"DACOITY (Sec. 395 to 398 IPC/310(2),310(4),311,312 BNS)",At Banks,1,0,0,0,2025-09,0,0.0
137,A - IPC Crime,"DACOITY (Sec. 395 to 398 IPC/310(2),310(4),311,312 BNS)",At Commercial Places / Establishments,7,1,0,0,2025-09,0,0.0
138,A - IPC Crime,"DACOITY (Sec. 395 to 398 IPC/310(2),310(4),311,312 BNS)",On Other Roads,30,2,2,7,2025-09,5,250.0
139,A - IPC Crime,"DACOITY (Sec. 395 to 398 IPC/310(2),310(4),311,312 BNS)",In Other Places,23,6,2,2,2025-09,0,0.0
140,A - IPC Crime,"DACOITY (Sec. 395 to 398 IPC/310(2),310(4),311,312 BNS)",River & Sea,0,0,0,0,2025-09,0,0.0
141,A - IPC Crime,"DACOITY (Sec. 395 to 398 IPC/310(2),310(4),311,312 BNS)",Preparation And Assembly for Dacoity,47,3,3,3,2025-09,0,0.0
142,A - IPC Crime,"Robbery (Sec.392 to 394 IPC/309(4),309(5),309(6) BNS)",At ATM,0,0,0,0,2025-09,0,0.0
143,A - IPC Crime,"Robbery (Sec.392 to 394 IPC/309(4),309(5),309(6) BNS)",At Residential Premises,72,7,9,7,2025-09,-2,-22.22222222222222
144,A - IPC Crime,"Robbery (Sec.392 to 394 IPC/309(4),309(5),309(6) BNS)",On Highways,47,4,3,10,2025-09,7,233.33333333333334
145,A - IPC Crime,"Robbery (Sec.392 to 394 IPC/309(4),309(5),309(6) BNS)",In Trains,1,1,0,1,2025-09,1,100.0
146,A - IPC Crime,"Robbery (Sec.392 to 394 IPC/309(4),309(5),309(6) BNS)",At Banks,1,1,0,1,2025-09,1,100.0
147,A - IPC Crime,"Robbery (Sec.392 to 394 IPC/309(4),309(5),309(6) BNS)",At Commercial Places / Establishments,34,2,3,4,2025-09,1,33.33333333333333
148,A - IPC Crime,"Robbery (Sec.392 to 394 IPC/309(4),309(5),309(6) BNS)",In Other Places,245,36,35,33,2025-09,-2,-5.714285714285714
149,A - IPC Crime,"Robbery (Sec.392 to 394 IPC/309(4),309(5),309(6) BNS)",Chain Snatching,350,38,30,27,2025-09,-3,-10.0
150,A - IPC Crime,"Robbery (Sec.392 to 394 IPC/309(4),309(5),309(6) BNS)",Attempt to Commit,37,3,4,7,2025-09,3,75.0
151,A - IPC Crime,"BURGLARY - NIGHT (Sec. 380 IPC R/W 453 TO 460, 462 IPC/305,R/W 331(1) TO 331(8),334(2) BNS)",At Residential Premises,1769,175,202,177,2025-09,-25,-12.376237623762377
152,A - IPC Crime,"BURGLARY - NIGHT (Sec. 380 IPC R/W 453 TO 460, 462 IPC/305,R/W 331(1) TO 331(8),334(2) BNS)",On Highways,1,0,0,0,2025-09,0,0.0
153,A - IPC Crime,"BURGLARY - NIGHT (Sec. 380 IPC R/W 453 TO 460, 462 IPC/305,R/W 331(1) TO 331(8),334(2) BNS)",In Trains,0,0,0,0,2025-09,0,0.0
154,A - IPC Crime,"BURGLARY - NIGHT (Sec. 380 IPC R/W 453 TO 460, 462 IPC/305,R/W 331(1) TO 331(8),334(2) BNS)",At Banks,26,2,3,6,2025-09,3,100.0
155,A - IPC Crime,"BURGLARY - NIGHT (Sec. 380 IPC R/W 453 TO 460, 462 IPC/305,R/W 331(1) TO 331(8),334(2) BNS)",At Commercial Places / Establishments,492,33,68,52,2025-09,-16,-23.52941176470588
156,A - IPC Crime,"BURGLARY - NIGHT (Sec. 380 IPC R/W 453 TO 460, 462 IPC/305,R/W 331(1) TO 331(8),334(2) BNS)",In Other Places,353,47,39,34,2025-09,-5,-12.82051282051282
157,A - IPC Crime,"BURGLARY - NIGHT (Sec. 380 IPC R/W 453 TO 460, 462 IPC/305,R/W 331(1) TO 331(8),334(2) BNS)",Temple Theft,252,27,38,33,2025-09,-5,-13.157894736842104
158,A - IPC Crime,"BURGLARY - DAY (Sec. 380 IPC R/W 453 TO 460, 462 IPC/305,R/W 331(1) TO 331(8), 334(2) BNS)",At Residential Premises,725,93,77,88,2025-09,11,14.285714285714285
159,A - IPC Crime,"BURGLARY - DAY (Sec. 380 IPC R/W 453 TO 460, 462 IPC/305,R/W 331(1) TO 331(8), 334(2) BNS)",On Highways,0,0,0,0,2025-09,0,0.0
160,A - IPC Crime,"BURGLARY - DAY (Sec. 380 IPC R/W 453 TO 460, 462 IPC/305,R/W 331(1) TO 331(8), 334(2) BNS)",In Trains,0,0,0,0,2025-09,0,0.0
161,A - IPC Crime,"BURGLARY - DAY (Sec. 380 IPC R/W 453 TO 460, 462 IPC/305,R/W 331(1) TO 331(8), 334(2) BNS)",At Banks,1,0,0,0,2025-09,0,0.0
162,A - IPC Crime,"BURGLARY - DAY (Sec. 380 IPC R/W 453 TO 460, 462 IPC/305,R/W 331(1) TO 331(8), 334(2) BNS)",At Commercial Places / Establishments,28,1,5,3,2025-09,-2,-40.0
163,A - IPC Crime,"BURGLARY - DAY (Sec. 380 IPC R/W 453 TO 460, 462 IPC/305,R/W 331(1) TO 331(8), 334(2) BNS)",In Other Places,32,2,6,3,2025-09,-3,-50.0
164,A - IPC Crime,"BURGLARY - DAY (Sec. 380 IPC R/W 453 TO 460, 462 IPC/305,R/W 331(1) TO 331(8), 334(2) BNS)",Temple Theft,12,1,3,3,2025-09,0,0.0
165,A - IPC Crime,THEFT (Sec.379 to 389 IPC/303(2) TO 308(7) BNS),Attempt to commit,38,6,2,5,2025-09,3,150.0
166,A - IPC Crime,THEFT (Sec.379 to 389 IPC/303(2) TO 308(7) BNS),Of Automobiles - Of Tractors,63,5,6,3,2025-09,-3,-50.0
167,A - IPC Crime,THEFT (Sec.379 to 389 IPC/303(2) TO 308(7) BNS),In Running Bus,73,7,5,6,2025-09,1,20.0
168,A - IPC Crime,THEFT (Sec.379 to 389 IPC/303(2) TO 308(7) BNS),Of Snatching,413,38,45,37,2025-09,-8,-17.77777777777778
169,A - IPC Crime,THEFT (Sec.379 to 389 IPC/303(2) TO 308(7) BNS),At ATM,20,2,2,3,2025-09,1,50.0
170,A - IPC Crime,THEFT (Sec.379 to 389 IPC/303(2) TO 308(7) BNS),Of Sand,948,64,84,78,2025-09,-6,-7.142857142857142
171,A - IPC Crime,THEFT (Sec.379 to 389 IPC/303(2) TO 308(7) BNS),Government Office,27,3,2,6,2025-09,4,200.0
172,A - IPC Crime,THEFT (Sec.379 to 389 IPC/303(2) TO 308(7) BNS),Of Mines,61,5,13,8,2025-09,-5,-38.46153846153847
173,A - IPC Crime,THEFT (Sec.379 to 389 IPC/303(2) TO 308(7) BNS),Communication And Elec. Wire,199,27,26,22,2025-09,-4,-15.384615384615385
174,A - IPC Crime,THEFT (Sec.379 to 389 IPC/303(2) TO 308(7) BNS),Of Cattle,413,37,46,58,2025-09,12,26.08695652173913
175,A - IPC Crime,THEFT (Sec.379 to 389 IPC/303(2) TO 308(7) BNS),Of Cycle,22,4,1,1,2025-09,0,0.0
176,A - IPC Crime,THEFT (Sec.379 to 389 IPC/303(2) TO 308(7) BNS),Of Automobiles - Of Lorries/Trucks,90,7,9,7,2025-09,-2,-22.22222222222222
177,A - IPC Crime,THEFT (Sec.379 to 389 IPC/303(2) TO 308(7) BNS),Of Automobiles - Of Buses,1,1,0,0,2025-09,0,0.0
178,A - IPC Crime,THEFT (Sec.379 to 389 IPC/303(2) TO 308(7) BNS),Of Automobiles - Of Cars / Jeeps,188,18,20,23,2025-09,3,15.0
179,A - IPC Crime,THEFT (Sec.379 to 389 IPC/303(2) TO 308(7) BNS),Of Automobiles - Of Two Wheelers ,6639,822,647,688,2025-09,41,6.3369397217928904
180,A - IPC Crime,THEFT (Sec.379 to 389 IPC/303(2) TO 308(7) BNS),Of Automobies - of Three Wheelers,172,28,17,10,2025-09,-7,-41.17647058823529
181,A - IPC Crime,THEFT (Sec.379 to 389 IPC/303(2) TO 308(7) BNS),Of Accessories of Motor Vehicle,184,27,23,17,2025-09,-6,-26.08695652173913
182,A - IPC Crime,THEFT (Sec.379 to 389 IPC/303(2) TO 308(7) BNS),Govt. Vehicle,2,0,0,0,2025-09,0,0.0
183,A - IPC Crime,THEFT (Sec.379 to 389 IPC/303(2) TO 308(7) BNS),"Electronic Goods (Radio, TV, VCR, Acs, Office Automation Equipments)",755,91,76,100,2025-09,24,31.57894736842105
184,A - IPC Crime,THEFT (Sec.379 to 389 IPC/303(2) TO 308(7) BNS),Of Fire Arms,8,1,1,1,2025-09,0,0.0
185,A - IPC Crime,THEFT (Sec.379 to 389 IPC/303(2) TO 308(7) BNS),Of Explosives,1,0,1,0,2025-09,-1,-100.0
186,A - IPC Crime,THEFT (Sec.379 to 389 IPC/303(2) TO 308(7) BNS),Of Cultural - Idols,10,1,0,2,2025-09,2,200.0
187,A - IPC Crime,THEFT (Sec.379 to 389 IPC/303(2) TO 308(7) BNS),Of Cultural - Painting,0,0,0,0,2025-09,0,0.0
188,A - IPC Crime,THEFT (Sec.379 to 389 IPC/303(2) TO 308(7) BNS),Of Cultrual - Others,183,17,27,27,2025-09,0,0.0
189,A - IPC Crime,THEFT (Sec.379 to 389 IPC/303(2) TO 308(7) BNS),Cash,379,47,36,45,2025-09,9,25.0
190,A - IPC Crime,THEFT (Sec.379 to 389 IPC/303(2) TO 308(7) BNS),Jewellery,1125,118,114,112,2025-09,-2,-1.7543859649122806
191,A - IPC Crime,THEFT (Sec.379 to 389 IPC/303(2) TO 308(7) BNS),Other Items Not Included Above,1260,125,148,120,2025-09,-28,-18.91891891891892
192,A - IPC Crime,THEFT (Sec.379 to 389 IPC/303(2) TO 308(7) BNS),In Running Train,38,7,5,3,2025-09,-2,-40.0
193,A - IPC Crime,THEFT (Sec.379 to 389 IPC/303(2) TO 308(7) BNS),Extortion,204,32,21,21,2025-09,0,0.0
194,A - IPC Crime,THEFT (Sec.379 to 389 IPC/303(2) TO 308(7) BNS),House Theft,1387,158,140,160,2025-09,20,14.285714285714285
195,A - IPC Crime,THEFT (Sec.379 to 389 IPC/303(2) TO 308(7) BNS),Servant Theft,379,49,43,50,2025-09,7,16.27906976744186
196,A - IPC Crime,"RIOTS (Sec.141 to 153 IPC/189(1) TO 189(6),191(1)TO 191(3), 190,192,195 BNS))",Land Dispute,798,44,85,80,2025-09,-5,-5.88235294117647
197,A - IPC Crime,"RIOTS (Sec.141 to 153 IPC/189(1) TO 189(6),191(1)TO 191(3), 190,192,195 BNS))",Employee - Govt.,2,0,1,0,2025-09,-1,-100.0
198,A - IPC Crime,"RIOTS (Sec.141 to 153 IPC/189(1) TO 189(6),191(1)TO 191(3), 190,192,195 BNS))",Labour - Private Sector,1,0,0,0,2025-09,0,0.0
199,A - IPC Crime,"RIOTS (Sec.141 to 153 IPC/189(1) TO 189(6),191(1)TO 191(3), 190,192,195 BNS))",Labour - Public Sector,1,0,0,0,2025-09,0,0.0
200,A - IPC Crime,"RIOTS (Sec.141 to 153 IPC/189(1) TO 189(6),191(1)TO 191(3), 190,192,195 BNS))",Linguistic,3,0,0,1,2025-09,1,100.0
201,A - IPC Crime,"RIOTS (Sec.141 to 153 IPC/189(1) TO 189(6),191(1)TO 191(3), 190,192,195 BNS))",Political ,4,2,1,0,2025-09,-1,-100.0
202,A - IPC Crime,"RIOTS (Sec.141 to 153 IPC/189(1) TO 189(6),191(1)TO 191(3), 190,192,195 BNS))",Regional,3,0,1,0,2025-09,-1,-100.0
203,A - IPC Crime,"RIOTS (Sec.141 to 153 IPC/189(1) TO 189(6),191(1)TO 191(3), 190,192,195 BNS))",Sectarian,0,0,0,0,2025-09,0,0.0
204,A - IPC Crime,"RIOTS (Sec.141 to 153 IPC/189(1) TO 189(6),191(1)TO 191(3), 190,192,195 BNS))",Students,2,0,0,0,2025-09,0,0.0
205,A - IPC Crime,"RIOTS (Sec.141 to 153 IPC/189(1) TO 189(6),191(1)TO 191(3), 190,192,195 BNS))",Tribal,0,0,0,0,2025-09,0,0.0
206,A - IPC Crime,"RIOTS (Sec.141 to 153 IPC/189(1) TO 189(6),191(1)TO 191(3), 190,192,195 BNS))",Due to Village Disputes,10,2,1,0,2025-09,-1,-100.0
207,A - IPC Crime,"RIOTS (Sec.141 to 153 IPC/189(1) TO 189(6),191(1)TO 191(3), 190,192,195 BNS))",Communal,5,18,0,1,2025-09,1,100.0
208,A - IPC Crime,"RIOTS (Sec.141 to 153 IPC/189(1) TO 189(6),191(1)TO 191(3), 190,192,195 BNS))",Industrial,3,0,1,0,2025-09,-1,-100.0
209,A - IPC Crime,"RIOTS (Sec.141 to 153 IPC/189(1) TO 189(6),191(1)TO 191(3), 190,192,195 BNS))",Caste,5,0,1,2,2025-09,1,100.0
210,A - IPC Crime,"RIOTS (Sec.141 to 153 IPC/189(1) TO 189(6),191(1)TO 191(3), 190,192,195 BNS))",Agrarian,0,0,0,0,2025-09,0,0.0
211,A - IPC Crime,"RIOTS (Sec.141 to 153 IPC/189(1) TO 189(6),191(1)TO 191(3), 190,192,195 BNS))",Others,1755,218,194,177,2025-09,-17,-8.762886597938143
212,A - IPC Crime,"OFFENCES AGAINST STATE (Sec. 121 to 130, except 124(A) IPC/147 TO 158 BNS)",ALL / NOT SPECIFIED,0,0,0,0,2025-09,0,0.0
213,A - IPC Crime,"OFFENCES PROMOTING ENEMITY (Sec. 153(A), 154(B) & 505 IPC/196, 197 & 353 BNS",ALL / NOT SPECIFIED,151,12,18,19,2025-09,1,5.555555555555555
214,A - IPC Crime,CRIMINAL BREACH OF TRUST (Sec. 406 to 409 IPC/316(2) to 316(5) BNS),ALL / NOT SPECIFIED,553,41,67,68,2025-09,1,1.4925373134328357
215,A - IPC Crime,"CHEATING (Sec.417 to 420 IPC/318(2)to 318(4), 319(2) BNS)",ALL / NOT SPECIFIED,4221,534,374,506,2025-09,132,35.294117647058826
216,A - IPC Crime,"COUNTERFEITING (Sec. 231 to 263 (A), 489(A) to 489 (E) IPC/178 TO 185 BNS)","Stock Share, Debentrue Certificate",0,0,0,0,2025-09,0,0.0
217,A - IPC Crime,"COUNTERFEITING (Sec. 231 to 263 (A), 489(A) to 489 (E) IPC/178 TO 185 BNS)",Usage of Counterfeit Stamp,0,0,0,0,2025-09,0,0.0
218,A - IPC Crime,"COUNTERFEITING (Sec. 231 to 263 (A), 489(A) to 489 (E) IPC/178 TO 185 BNS)",Of Coins (Sec 231 to 254 IPC),0,0,0,0,2025-09,0,0.0
219,A - IPC Crime,"COUNTERFEITING (Sec. 231 to 263 (A), 489(A) to 489 (E) IPC/178 TO 185 BNS)",Of Stamps (Sec.255 to 263(A) IPC),0,0,0,0,2025-09,0,0.0
220,A - IPC Crime,"COUNTERFEITING (Sec. 231 to 263 (A), 489(A) to 489 (E) IPC/178 TO 185 BNS)",Of Currency Notes And Bank Notes (Sec. 489 (A) to 489 (E) IPC),25,2,2,0,2025-09,-2,-100.0
221,A - IPC Crime,"COUNTERFEITING (Sec. 231 to 263 (A), 489(A) to 489 (E) IPC/178 TO 185 BNS)",Of Others,0,0,0,0,2025-09,0,0.0
222,A - IPC Crime,"FORGERY (Sec. 465, 468, 471, 473, 476, 477 & 477(A) IPC/336(2),336(3),340(2),341(2),342(2),343,
344 BNS)",Forgery  ,335,35,42,41,2025-09,-1,-2.380952380952381
223,A - IPC Crime,"FORGERY (Sec. 465, 468, 471, 473, 476, 477 & 477(A) IPC/336(2),336(3),340(2),341(2),342(2),343,
344 BNS)",Organised (Racket),0,0,0,0,2025-09,0,0.0
224,A - IPC Crime,"FORGERY (Sec. 465, 468, 471, 473, 476, 477 & 477(A) IPC/336(2),336(3),340(2),341(2),342(2),343,
344 BNS)",Forgery of Passport,0,0,0,0,2025-09,0,0.0
225,A - IPC Crime,"FORGERY (Sec. 465, 468, 471, 473, 476, 477 & 477(A) IPC/336(2),336(3),340(2),341(2),342(2),343,
344 BNS)",Other Forgery,127,18,5,22,2025-09,17,340.0
226,A - IPC Crime,"CASES OF HURT (Sec. 323 to 335 IPC except 328, 332, 333/115(2) TO 122(2) EXCEPT 121(1),121(2) BNS)",Acid Attack (326(a)),1,0,0,0,2025-09,0,0.0
227,A - IPC Crime,"CASES OF HURT (Sec. 323 to 335 IPC except 328, 332, 333/115(2) TO 122(2) EXCEPT 121(1),121(2) BNS)",Attempt to Acid Attack (326(b)),7,1,0,0,2025-09,0,0.0
228,A - IPC Crime,"CASES OF HURT (Sec. 323 to 335 IPC except 328, 332, 333/115(2) TO 122(2) EXCEPT 121(1),121(2) BNS)",Grievous Hurt,898,83,83,75,2025-09,-8,-9.63855421686747
229,A - IPC Crime,"CASES OF HURT (Sec. 323 to 335 IPC except 328, 332, 333/115(2) TO 122(2) EXCEPT 121(1),121(2) BNS)",Simple Hurt,11506,1250,1140,1248,2025-09,108,9.473684210526317
230,A - IPC Crime,"CASES OF HURT (Sec. 323 to 335 IPC except 328, 332, 333/115(2) TO 122(2) EXCEPT 121(1),121(2) BNS)",Custodial,1,0,0,0,2025-09,0,0.0
231,A - IPC Crime,"ADULTERATION (Sec. 272, 273 to 276 IPC/274,275 TO 278 BNS)",Attempt to Commit,0,0,0,0,2025-09,0,0.0
232,A - IPC Crime,"ADULTERATION (Sec. 272, 273 to 276 IPC/274,275 TO 278 BNS)",Alcoholic Drink (Liquor),4,0,0,0,2025-09,0,0.0
233,A - IPC Crime,"ADULTERATION (Sec. 272, 273 to 276 IPC/274,275 TO 278 BNS)",Cement & Chemical/Fertiliser,0,0,0,0,2025-09,0,0.0
234,A - IPC Crime,"ADULTERATION (Sec. 272, 273 to 276 IPC/274,275 TO 278 BNS)",Cosmetics,0,0,0,0,2025-09,0,0.0
235,A - IPC Crime,"ADULTERATION (Sec. 272, 273 to 276 IPC/274,275 TO 278 BNS)",Diesel,0,0,0,0,2025-09,0,0.0
236,A - IPC Crime,"ADULTERATION (Sec. 272, 273 to 276 IPC/274,275 TO 278 BNS)",Drug/Medicine,5,0,1,1,2025-09,0,0.0
237,A - IPC Crime,"ADULTERATION (Sec. 272, 273 to 276 IPC/274,275 TO 278 BNS)",Edible Oil,0,0,0,0,2025-09,0,0.0
238,A - IPC Crime,"ADULTERATION (Sec. 272, 273 to 276 IPC/274,275 TO 278 BNS)",Food Grain,2,0,1,0,2025-09,-1,-100.0
239,A - IPC Crime,"ADULTERATION (Sec. 272, 273 to 276 IPC/274,275 TO 278 BNS)",Kerosene,0,0,0,0,2025-09,0,0.0
240,A - IPC Crime,"ADULTERATION (Sec. 272, 273 to 276 IPC/274,275 TO 278 BNS)",Life Saving Drug,0,0,0,0,2025-09,0,0.0
241,A - IPC Crime,"ADULTERATION (Sec. 272, 273 to 276 IPC/274,275 TO 278 BNS)",Mobile Oil,0,0,0,0,2025-09,0,0.0
242,A - IPC Crime,"ADULTERATION (Sec. 272, 273 to 276 IPC/274,275 TO 278 BNS)",Petrol,0,0,0,0,2025-09,0,0.0
243,A - IPC Crime,"ADULTERATION (Sec. 272, 273 to 276 IPC/274,275 TO 278 BNS)",Petroleum Product,0,0,0,0,2025-09,0,0.0
244,A - IPC Crime,"ADULTERATION (Sec. 272, 273 to 276 IPC/274,275 TO 278 BNS)",Soft Drinks,0,0,0,0,2025-09,0,0.0
245,A - IPC Crime,"ADULTERATION (Sec. 272, 273 to 276 IPC/274,275 TO 278 BNS)",Spices,0,0,0,0,2025-09,0,0.0
246,A - IPC Crime,"ADULTERATION (Sec. 272, 273 to 276 IPC/274,275 TO 278 BNS)",Others,7,0,1,0,2025-09,-1,-100.0
247,A - IPC Crime,AFFRAY (Sec. 160 IPC/194(2) BNS),ALL / NOT SPECIFIED,546,46,53,72,2025-09,19,35.84905660377358
248,A - IPC Crime,"ARSON (Sec. 435, 436, 438 IPC/326(f),326(g),327(g) BNS)",Agricultural Produce,31,2,1,0,2025-09,-1,-100.0
249,A - IPC Crime,"ARSON (Sec. 435, 436, 438 IPC/326(f),326(g),327(g) BNS)",Attemp to Commit,0,1,0,0,2025-09,0,0.0
250,A - IPC Crime,"ARSON (Sec. 435, 436, 438 IPC/326(f),326(g),327(g) BNS)",Boat / Ship,0,0,0,0,2025-09,0,0.0
251,A - IPC Crime,"ARSON (Sec. 435, 436, 438 IPC/326(f),326(g),327(g) BNS)",Dwelling House,16,1,3,2,2025-09,-1,-33.33333333333333
252,A - IPC Crime,"ARSON (Sec. 435, 436, 438 IPC/326(f),326(g),327(g) BNS)",Educational Institution,1,1,0,0,2025-09,0,0.0
253,A - IPC Crime,"ARSON (Sec. 435, 436, 438 IPC/326(f),326(g),327(g) BNS)",Govt. Property,3,0,0,0,2025-09,0,0.0
254,A - IPC Crime,"ARSON (Sec. 435, 436, 438 IPC/326(f),326(g),327(g) BNS)",Industrial Establishment,0,0,0,0,2025-09,0,0.0
255,A - IPC Crime,"ARSON (Sec. 435, 436, 438 IPC/326(f),326(g),327(g) BNS)",Place of worship,1,0,0,0,2025-09,0,0.0
256,A - IPC Crime,"ARSON (Sec. 435, 436, 438 IPC/326(f),326(g),327(g) BNS)",Public Place,9,2,1,1,2025-09,0,0.0
257,A - IPC Crime,"ARSON (Sec. 435, 436, 438 IPC/326(f),326(g),327(g) BNS)",Railway Property,0,0,0,0,2025-09,0,0.0
258,A - IPC Crime,"ARSON (Sec. 435, 436, 438 IPC/326(f),326(g),327(g) BNS)",Vital Installation,0,0,0,0,2025-09,0,0.0
259,A - IPC Crime,"ARSON (Sec. 435, 436, 438 IPC/326(f),326(g),327(g) BNS)",Warehouse (Godown),2,0,0,0,2025-09,0,0.0
260,A - IPC Crime,"ARSON (Sec. 435, 436, 438 IPC/326(f),326(g),327(g) BNS)",Others,85,11,10,7,2025-09,-3,-30.0
261,A - IPC Crime,"ASSAULT (Sec 356, 357 IPC/134,135 BNS)",Attempt To Commit,5,0,0,1,2025-09,1,100.0
262,A - IPC Crime,"ASSAULT (Sec 356, 357 IPC/134,135 BNS)",On Contractor,1,0,0,1,2025-09,1,100.0
263,A - IPC Crime,"ASSAULT (Sec 356, 357 IPC/134,135 BNS)",On Domestic Servant,0,0,0,0,2025-09,0,0.0
264,A - IPC Crime,"ASSAULT (Sec 356, 357 IPC/134,135 BNS)",On Labourer,2,0,1,0,2025-09,-1,-100.0
265,A - IPC Crime,"ASSAULT (Sec 356, 357 IPC/134,135 BNS)",On Man (General),11,2,2,1,2025-09,-1,-50.0
266,A - IPC Crime,"ASSAULT (Sec 356, 357 IPC/134,135 BNS)",On Man (SC),0,0,0,0,2025-09,0,0.0
267,A - IPC Crime,"ASSAULT (Sec 356, 357 IPC/134,135 BNS)",On Man (ST),0,0,0,0,2025-09,0,0.0
268,A - IPC Crime,"ASSAULT (Sec 356, 357 IPC/134,135 BNS)",On Manager/Executive (Other Than Public Servant),0,0,0,0,2025-09,0,0.0
269,A - IPC Crime,"ASSAULT (Sec 356, 357 IPC/134,135 BNS)","On Member of Clergy (Christian, Budhist, Jain, Sikh)",0,0,0,0,2025-09,0,0.0
270,A - IPC Crime,"ASSAULT (Sec 356, 357 IPC/134,135 BNS)",Member of Legislative Assembly / Council (MLA/MLC),0,0,0,0,2025-09,0,0.0
271,A - IPC Crime,"ASSAULT (Sec 356, 357 IPC/134,135 BNS)",On Member of Parliament (MP),0,0,0,0,2025-09,0,0.0
272,A - IPC Crime,"ASSAULT (Sec 356, 357 IPC/134,135 BNS)",On other Dignitaries /Public Figures,2,0,0,1,2025-09,1,100.0
273,A - IPC Crime,"ASSAULT (Sec 356, 357 IPC/134,135 BNS)",On Press,0,0,0,0,2025-09,0,0.0
274,A - IPC Crime,"ASSAULT (Sec 356, 357 IPC/134,135 BNS)",On Professional ,0,0,0,0,2025-09,0,0.0
275,A - IPC Crime,"ASSAULT (Sec 356, 357 IPC/134,135 BNS)",On Public Servant,0,0,0,0,2025-09,0,0.0
276,A - IPC Crime,"ASSAULT (Sec 356, 357 IPC/134,135 BNS)",On Student,0,0,0,0,2025-09,0,0.0
277,A - IPC Crime,"ASSAULT (Sec 356, 357 IPC/134,135 BNS)",On Teacher,0,0,0,0,2025-09,0,0.0
278,A - IPC Crime,"ASSAULT (Sec 356, 357 IPC/134,135 BNS)",On Women (General),0,0,0,0,2025-09,0,0.0
279,A - IPC Crime,"ASSAULT (Sec 356, 357 IPC/134,135 BNS)",On Woman (SC),0,0,0,0,2025-09,0,0.0
280,A - IPC Crime,"ASSAULT (Sec 356, 357 IPC/134,135 BNS)",On Woman (ST),0,0,0,0,2025-09,0,0.0
281,A - IPC Crime,COMMUNAL / RELIGION (Sec. 295 to 297 IPC/298 TO 301 BNS),Attempt to Commit,3,0,1,1,2025-09,0,0.0
282,A - IPC Crime,COMMUNAL / RELIGION (Sec. 295 to 297 IPC/298 TO 301 BNS),Caste Issue,5,0,1,1,2025-09,0,0.0
283,A - IPC Crime,COMMUNAL / RELIGION (Sec. 295 to 297 IPC/298 TO 301 BNS),Communal Issue,49,11,12,11,2025-09,-1,-8.333333333333332
284,A - IPC Crime,COMMUNAL / RELIGION (Sec. 295 to 297 IPC/298 TO 301 BNS),Linguistic Issue,0,0,0,0,2025-09,0,0.0
285,A - IPC Crime,COMMUNAL / RELIGION (Sec. 295 to 297 IPC/298 TO 301 BNS),Political Issue,1,0,0,0,2025-09,0,0.0
286,A - IPC Crime,COMMUNAL / RELIGION (Sec. 295 to 297 IPC/298 TO 301 BNS),Racial/Ethnic Issue,0,0,0,0,2025-09,0,0.0
287,A - IPC Crime,COMMUNAL / RELIGION (Sec. 295 to 297 IPC/298 TO 301 BNS),Regional Issue,15,4,2,4,2025-09,2,100.0
288,A - IPC Crime,COMMUNAL / RELIGION (Sec. 295 to 297 IPC/298 TO 301 BNS),Religious Issue,76,19,6,12,2025-09,6,100.0
289,A - IPC Crime,COMMUNAL / RELIGION (Sec. 295 to 297 IPC/298 TO 301 BNS),Sectarian Issue,0,0,0,0,2025-09,0,0.0
290,A - IPC Crime,COMMUNAL / RELIGION (Sec. 295 to 297 IPC/298 TO 301 BNS),Others,66,5,5,8,2025-09,3,60.0
291,A - IPC Crime,"CRIMINAL CONSPIRACY (Sec. 120(B), 121(A) IPC/61(2),148 BNS)",Conspiracy To Wage War,0,0,0,0,2025-09,0,0.0
292,A - IPC Crime,"CRIMINAL CONSPIRACY (Sec. 120(B), 121(A) IPC/61(2),148 BNS)",Related to Substantive Offence,0,0,0,0,2025-09,0,0.0
293,A - IPC Crime,"CRIMINAL CONSPIRACY (Sec. 120(B), 121(A) IPC/61(2),148 BNS)",Others,12,1,0,3,2025-09,3,300.0
294,A - IPC Crime,CRIMINAL INTIMIDATION (Sec. 504 to 508 IPC/352 TO 354 BNS),ALL / NOT SPECIFIED,2452,211,258,293,2025-09,35,13.565891472868216
295,A - IPC Crime,"CRIMINAL MISAPPROPRIATION (Sec. 403, 404 IPC/314,315 BNS)",Attempt to Commit,0,0,0,0,2025-09,0,0.0
296,A - IPC Crime,"CRIMINAL MISAPPROPRIATION (Sec. 403, 404 IPC/314,315 BNS)",Bank,1,0,0,0,2025-09,0,0.0
297,A - IPC Crime,"CRIMINAL MISAPPROPRIATION (Sec. 403, 404 IPC/314,315 BNS)",Business Establishment,1,0,0,0,2025-09,0,0.0
298,A - IPC Crime,"CRIMINAL MISAPPROPRIATION (Sec. 403, 404 IPC/314,315 BNS)",Charitable Organisation,0,0,0,0,2025-09,0,0.0
299,A - IPC Crime,"CRIMINAL MISAPPROPRIATION (Sec. 403, 404 IPC/314,315 BNS)",Chitfund Organisation,0,0,0,0,2025-09,0,0.0
300,A - IPC Crime,"CRIMINAL MISAPPROPRIATION (Sec. 403, 404 IPC/314,315 BNS)",Co-operative Organisation,3,0,0,0,2025-09,0,0.0
301,A - IPC Crime,"CRIMINAL MISAPPROPRIATION (Sec. 403, 404 IPC/314,315 BNS)",Commercial Establishment/Shop,0,0,0,0,2025-09,0,0.0
302,A - IPC Crime,"CRIMINAL MISAPPROPRIATION (Sec. 403, 404 IPC/314,315 BNS)",Customs Department,0,0,0,0,2025-09,0,0.0
303,A - IPC Crime,"CRIMINAL MISAPPROPRIATION (Sec. 403, 404 IPC/314,315 BNS)",Excise Department,0,0,0,0,2025-09,0,0.0
304,A - IPC Crime,"CRIMINAL MISAPPROPRIATION (Sec. 403, 404 IPC/314,315 BNS)",Financial Institution,0,0,0,0,2025-09,0,0.0
305,A - IPC Crime,"CRIMINAL MISAPPROPRIATION (Sec. 403, 404 IPC/314,315 BNS)",Income Tax Department,0,0,0,0,2025-09,0,0.0
306,A - IPC Crime,"CRIMINAL MISAPPROPRIATION (Sec. 403, 404 IPC/314,315 BNS)",Other Government Organisation,1,0,0,0,2025-09,0,0.0
307,A - IPC Crime,"CRIMINAL MISAPPROPRIATION (Sec. 403, 404 IPC/314,315 BNS)",Postal Department,0,0,0,0,2025-09,0,0.0
308,A - IPC Crime,"CRIMINAL MISAPPROPRIATION (Sec. 403, 404 IPC/314,315 BNS)",Public Sector Undertakings,0,0,0,0,2025-09,0,0.0
309,A - IPC Crime,"CRIMINAL MISAPPROPRIATION (Sec. 403, 404 IPC/314,315 BNS)",Railway Department,0,0,0,0,2025-09,0,0.0
310,A - IPC Crime,"CRIMINAL MISAPPROPRIATION (Sec. 403, 404 IPC/314,315 BNS)",Revenue Department,0,0,0,0,2025-09,0,0.0
311,A - IPC Crime,"CRIMINAL MISAPPROPRIATION (Sec. 403, 404 IPC/314,315 BNS)",Sales Tax Department,0,0,0,0,2025-09,0,0.0
312,A - IPC Crime,"CRIMINAL MISAPPROPRIATION (Sec. 403, 404 IPC/314,315 BNS)",Social Organisation (Aided) (N),0,0,0,0,2025-09,0,0.0
313,A - IPC Crime,"CRIMINAL MISAPPROPRIATION (Sec. 403, 404 IPC/314,315 BNS)",Transport Authority,0,0,0,0,2025-09,0,0.0
314,A - IPC Crime,"CRIMINAL MISAPPROPRIATION (Sec. 403, 404 IPC/314,315 BNS)",Trust - Other than religious,1,0,0,0,2025-09,0,0.0
315,A - IPC Crime,"CRIMINAL MISAPPROPRIATION (Sec. 403, 404 IPC/314,315 BNS)",Trust - Religious,0,0,0,0,2025-09,0,0.0
316,A - IPC Crime,"CRIMINAL MISAPPROPRIATION (Sec. 403, 404 IPC/314,315 BNS)",Others,7,2,1,3,2025-09,2,200.0
317,A - IPC Crime,CRIMINAL TRESPASS (Sec.447 to 452 IPC/329(3) TO 333 BNS),Attempt to Commit,8,1,1,0,2025-09,-1,-100.0
318,A - IPC Crime,CRIMINAL TRESPASS (Sec.447 to 452 IPC/329(3) TO 333 BNS),Club,4,0,1,0,2025-09,-1,-100.0
319,A - IPC Crime,CRIMINAL TRESPASS (Sec.447 to 452 IPC/329(3) TO 333 BNS),Hostel,2,3,0,0,2025-09,0,0.0
320,A - IPC Crime,CRIMINAL TRESPASS (Sec.447 to 452 IPC/329(3) TO 333 BNS),Hotel,9,0,2,2,2025-09,0,0.0
321,A - IPC Crime,CRIMINAL TRESPASS (Sec.447 to 452 IPC/329(3) TO 333 BNS),House,537,64,61,50,2025-09,-11,-18.0327868852459
322,A - IPC Crime,CRIMINAL TRESPASS (Sec.447 to 452 IPC/329(3) TO 333 BNS),Land,1308,114,156,142,2025-09,-14,-8.974358974358974
323,A - IPC Crime,CRIMINAL TRESPASS (Sec.447 to 452 IPC/329(3) TO 333 BNS),Office,48,3,5,4,2025-09,-1,-20.0
324,A - IPC Crime,CRIMINAL TRESPASS (Sec.447 to 452 IPC/329(3) TO 333 BNS),Prohibited Places,10,2,1,1,2025-09,0,0.0
325,A - IPC Crime,CRIMINAL TRESPASS (Sec.447 to 452 IPC/329(3) TO 333 BNS),Religious Place,7,1,2,1,2025-09,-1,-50.0
326,A - IPC Crime,CRIMINAL TRESPASS (Sec.447 to 452 IPC/329(3) TO 333 BNS),Restricted Area,5,1,0,0,2025-09,0,0.0
327,A - IPC Crime,CRIMINAL TRESPASS (Sec.447 to 452 IPC/329(3) TO 333 BNS),Others,151,28,11,19,2025-09,8,72.72727272727273
328,A - IPC Crime,CRUELTY BY HUSBAND (Sec. 498(A) IPC/85 BNS),Husband ,784,77,89,84,2025-09,-5,-5.617977528089887
329,A - IPC Crime,CRUELTY BY HUSBAND (Sec. 498(A) IPC/85 BNS),Husband And Relative(S) in Law,982,105,108,109,2025-09,1,0.9259259259259258
330,A - IPC Crime,CRUELTY BY HUSBAND (Sec. 498(A) IPC/85 BNS),Relative(S) in Law,28,3,3,7,2025-09,4,133.33333333333331
331,A - IPC Crime,CRUELTY BY HUSBAND (Sec. 498(A) IPC/85 BNS),Dowry Harassment,348,41,38,51,2025-09,13,34.21052631578947
332,A - IPC Crime,DOWRY DEATHS (Sec.304(B) IPC/80 BNS),By Husband  ,1,2,0,0,2025-09,0,0.0
333,A - IPC Crime,DOWRY DEATHS (Sec.304(B) IPC/80 BNS),By Husband And Relatives In Law,27,3,2,2,2025-09,0,0.0
334,A - IPC Crime,DOWRY DEATHS (Sec.304(B) IPC/80 BNS),By Relatives in Law,1,0,0,0,2025-09,0,0.0
335,A - IPC Crime,DOWRY DEATHS (Sec.304(B) IPC/80 BNS),By Burning,1,1,0,0,2025-09,0,0.0
336,A - IPC Crime,DOWRY DEATHS (Sec.304(B) IPC/80 BNS),By Hanging,47,8,7,4,2025-09,-3,-42.857142857142854
337,A - IPC Crime,DOWRY DEATHS (Sec.304(B) IPC/80 BNS),By Other Means,8,1,1,0,2025-09,-1,-100.0
338,A - IPC Crime,DEATHS DUE TO RASHNESS/NEGLIGENCE (Sec.304(A) IPC/106 BNS),Electrocution,21,3,5,5,2025-09,0,0.0
339,A - IPC Crime,DEATHS DUE TO RASHNESS/NEGLIGENCE (Sec.304(A) IPC/106 BNS),Adulterated Food/Drug,0,0,0,0,2025-09,0,0.0
340,A - IPC Crime,DEATHS DUE TO RASHNESS/NEGLIGENCE (Sec.304(A) IPC/106 BNS),Accident by Air,0,1,0,0,2025-09,0,0.0
341,A - IPC Crime,DEATHS DUE TO RASHNESS/NEGLIGENCE (Sec.304(A) IPC/106 BNS),Boad Accident,0,0,0,0,2025-09,0,0.0
342,A - IPC Crime,DEATHS DUE TO RASHNESS/NEGLIGENCE (Sec.304(A) IPC/106 BNS),Bridge/Dam Collapse,1,0,0,0,2025-09,0,0.0
343,A - IPC Crime,DEATHS DUE TO RASHNESS/NEGLIGENCE (Sec.304(A) IPC/106 BNS),Building Collapse,3,0,1,0,2025-09,-1,-100.0
344,A - IPC Crime,DEATHS DUE TO RASHNESS/NEGLIGENCE (Sec.304(A) IPC/106 BNS),Caused By Animal,0,1,0,0,2025-09,0,0.0
345,A - IPC Crime,DEATHS DUE TO RASHNESS/NEGLIGENCE (Sec.304(A) IPC/106 BNS),Death Due to Other Cause,50,3,3,7,2025-09,4,133.33333333333331
346,A - IPC Crime,DEATHS DUE TO RASHNESS/NEGLIGENCE (Sec.304(A) IPC/106 BNS),Electrocution Accident,29,5,3,1,2025-09,-2,-66.66666666666666
347,A - IPC Crime,DEATHS DUE TO RASHNESS/NEGLIGENCE (Sec.304(A) IPC/106 BNS),Explosion Accident,1,0,1,0,2025-09,-1,-100.0
348,A - IPC Crime,DEATHS DUE TO RASHNESS/NEGLIGENCE (Sec.304(A) IPC/106 BNS),Fire accident,0,0,0,0,2025-09,0,0.0
349,A - IPC Crime,DEATHS DUE TO RASHNESS/NEGLIGENCE (Sec.304(A) IPC/106 BNS),Gas Leakage Accident,3,1,0,1,2025-09,1,100.0
350,A - IPC Crime,DEATHS DUE TO RASHNESS/NEGLIGENCE (Sec.304(A) IPC/106 BNS),Improper Infrastucture In Construction,62,6,9,9,2025-09,0,0.0
351,A - IPC Crime,DEATHS DUE TO RASHNESS/NEGLIGENCE (Sec.304(A) IPC/106 BNS),Improper Medical Treatment,4,0,0,0,2025-09,0,0.0
352,A - IPC Crime,DEATHS DUE TO RASHNESS/NEGLIGENCE (Sec.304(A) IPC/106 BNS),In Custody of Public Servant,0,0,0,0,2025-09,0,0.0
353,A - IPC Crime,DEATHS DUE TO RASHNESS/NEGLIGENCE (Sec.304(A) IPC/106 BNS),In Jail/Judicial Custody,0,0,0,0,2025-09,0,0.0
354,A - IPC Crime,DEATHS DUE TO RASHNESS/NEGLIGENCE (Sec.304(A) IPC/106 BNS),In Police Custody,0,0,0,0,2025-09,0,0.0
355,A - IPC Crime,DEATHS DUE TO RASHNESS/NEGLIGENCE (Sec.304(A) IPC/106 BNS),Industrial Accident (Factory),6,1,0,1,2025-09,1,100.0
356,A - IPC Crime,DEATHS DUE TO RASHNESS/NEGLIGENCE (Sec.304(A) IPC/106 BNS),Inflammable Substance,0,0,0,0,2025-09,0,0.0
357,A - IPC Crime,DEATHS DUE TO RASHNESS/NEGLIGENCE (Sec.304(A) IPC/106 BNS),Mine Accident,2,0,0,0,2025-09,0,0.0
358,A - IPC Crime,DEATHS DUE TO RASHNESS/NEGLIGENCE (Sec.304(A) IPC/106 BNS),Poisonous Substance,0,0,0,0,2025-09,0,0.0
359,A - IPC Crime,DEATHS DUE TO RASHNESS/NEGLIGENCE (Sec.304(A) IPC/106 BNS),Quarry Accident,0,0,0,0,2025-09,0,0.0
360,A - IPC Crime,DEATHS DUE TO RASHNESS/NEGLIGENCE (Sec.304(A) IPC/106 BNS),Spurious Liquor (Hooch) Accident,0,0,0,0,2025-09,0,0.0
361,A - IPC Crime,DEATHS DUE TO RASHNESS/NEGLIGENCE (Sec.304(A) IPC/106 BNS),Railway Accident,0,1,0,0,2025-09,0,0.0
362,A - IPC Crime,DEATHS DUE TO RASHNESS/NEGLIGENCE (Sec.304(A) IPC/106 BNS),Others,56,11,1,2,2025-09,1,100.0
363,A - IPC Crime,MOTOR VEHICLE ACCIDENTS FATAL (Sec.304(A) IPC/106 BNS),National Highways,2968,315,310,269,2025-09,-41,-13.225806451612904
364,A - IPC Crime,MOTOR VEHICLE ACCIDENTS FATAL (Sec.304(A) IPC/106 BNS),State Highways,2282,217,207,196,2025-09,-11,-5.314009661835748
365,A - IPC Crime,MOTOR VEHICLE ACCIDENTS FATAL (Sec.304(A) IPC/106 BNS),Other Roads,3043,323,301,245,2025-09,-56,-18.6046511627907
366,A - IPC Crime,MOTOR VEHICLE ACCIDENTS FATAL (Sec.304(A) IPC/106 BNS),Other Places,115,10,14,9,2025-09,-5,-35.714285714285715
367,A - IPC Crime,"MOTOR VEHICLE ACCIDENTS NON-FATAL (Sec.279, 337, 338 IPC/281,125(a),125(b) BNS)",National Highways,7560,781,837,782,2025-09,-55,-6.5710872162485074
368,A - IPC Crime,"MOTOR VEHICLE ACCIDENTS NON-FATAL (Sec.279, 337, 338 IPC/281,125(a),125(b) BNS)",State Highways,5257,515,530,556,2025-09,26,4.905660377358491
369,A - IPC Crime,"MOTOR VEHICLE ACCIDENTS NON-FATAL (Sec.279, 337, 338 IPC/281,125(a),125(b) BNS)",Other Roads,10208,1073,1122,1145,2025-09,23,2.049910873440285
370,A - IPC Crime,"MOTOR VEHICLE ACCIDENTS NON-FATAL (Sec.279, 337, 338 IPC/281,125(a),125(b) BNS)",Other Places,306,30,30,29,2025-09,-1,-3.3333333333333335
371,A - IPC Crime,"DEATHS-MISCARRIAGE (Sec.312, 313, 314 IPC/88,89,90 BNS)",Child,14,0,2,0,2025-09,-2,-100.0
372,A - IPC Crime,"DEATHS-MISCARRIAGE (Sec.312, 313, 314 IPC/88,89,90 BNS)",Woman,1,0,0,0,2025-09,0,0.0
373,A - IPC Crime,"DEATHS-MISCARRIAGE (Sec.312, 313, 314 IPC/88,89,90 BNS)",Women and Child,0,0,0,0,2025-09,0,0.0
374,A - IPC Crime,"DEATHS-MISCARRIAGE (Sec.312, 313, 314 IPC/88,89,90 BNS)",Sub Total,15,0,2,0,2025-09,-2,-100.0
375,A - IPC Crime,"DEATHS-MISCARRIAGE (Sec.312, 313, 314 IPC/88,89,90 BNS)","DEFENCE FORCES OFFENCES RELATING (also relating to desertion) (Sec.131 to 140, except 136 IPC/159 TO 168 EXCEPT 164 BNS)",0,0,0,0,2025-09,0,0.0
376,A - IPC Crime,"DEATHS-MISCARRIAGE (Sec.312, 313, 314 IPC/88,89,90 BNS)",Air Force,0,0,0,0,2025-09,0,0.0
377,A - IPC Crime,"DEATHS-MISCARRIAGE (Sec.312, 313, 314 IPC/88,89,90 BNS)",Army,0,0,0,0,2025-09,0,0.0
378,A - IPC Crime,"DEATHS-MISCARRIAGE (Sec.312, 313, 314 IPC/88,89,90 BNS)",Navy,0,0,0,0,2025-09,0,0.0
379,A - IPC Crime,"ESCAPE FROM LAWFUL CUSTODY AND RESISTANCE (Sec.224, 225, 225(B) IPC/262,263,265 BNS)",From Jail Custody,7,0,0,2,2025-09,2,200.0
380,A - IPC Crime,"ESCAPE FROM LAWFUL CUSTODY AND RESISTANCE (Sec.224, 225, 225(B) IPC/262,263,265 BNS)",From Police Custody,12,4,1,0,2025-09,-1,-100.0
381,A - IPC Crime,"ESCAPE FROM LAWFUL CUSTODY AND RESISTANCE (Sec.224, 225, 225(B) IPC/262,263,265 BNS)",Others,7,0,1,0,2025-09,-1,-100.0
382,A - IPC Crime,"ESCAPE FROM LAWFUL CUSTODY AND RESISTANCE (Sec.224, 225, 225(B) IPC/262,263,265 BNS)",Sub Total,26,4,2,2,2025-09,0,0.0
383,A - IPC Crime,"ESCAPE FROM LAWFUL CUSTODY AND RESISTANCE (Sec.224, 225, 225(B) IPC/262,263,265 BNS)","IMPERSONATION (Sec.170, 171 IPC/204,205 BNS)",0,0,0,0,2025-09,0,0.0
384,A - IPC Crime,"ESCAPE FROM LAWFUL CUSTODY AND RESISTANCE (Sec.224, 225, 225(B) IPC/262,263,265 BNS)",Attempt to Commit,7,1,2,0,2025-09,-2,-100.0
385,A - IPC Crime,"ESCAPE FROM LAWFUL CUSTODY AND RESISTANCE (Sec.224, 225, 225(B) IPC/262,263,265 BNS)",Non-Uniformed Authority,3,0,1,0,2025-09,-1,-100.0
386,A - IPC Crime,"ESCAPE FROM LAWFUL CUSTODY AND RESISTANCE (Sec.224, 225, 225(B) IPC/262,263,265 BNS)",Uniformed Authority,2,0,0,0,2025-09,0,0.0
387,A - IPC Crime,"MISCHIEF (Sec.427 to 440 except 434, 435, 436, 438 IPC/324(4) TO 324(6) BNS)",ALL / NOT SPECIFIED,354,33,44,35,2025-09,-9,-20.454545454545457
388,A - IPC Crime,MOLESTATION (Sec.354 IPC/74 BNS),Attempt to Commit,48,4,5,4,2025-09,-1,-20.0
389,A - IPC Crime,MOLESTATION (Sec.354 IPC/74 BNS),Private Place,706,72,69,69,2025-09,0,0.0
390,A - IPC Crime,MOLESTATION (Sec.354 IPC/74 BNS),Public Conveyance,10,0,4,3,2025-09,-1,-25.0
391,A - IPC Crime,MOLESTATION (Sec.354 IPC/74 BNS),Public Place,1621,190,168,181,2025-09,13,7.738095238095238
392,A - IPC Crime,MOLESTATION (Sec.354 IPC/74 BNS),Other Places,1988,203,203,207,2025-09,4,1.9704433497536946
393,A - IPC Crime,POISONING-PROFESSIONAL (Sec. 328 IPC/123 BNS),Attempt to Commit,8,1,0,0,2025-09,0,0.0
394,A - IPC Crime,POISONING-PROFESSIONAL (Sec. 328 IPC/123 BNS),Fatal,0,1,0,0,2025-09,0,0.0
395,A - IPC Crime,POISONING-PROFESSIONAL (Sec. 328 IPC/123 BNS),Non Fatal,2,1,0,0,2025-09,0,0.0
396,A - IPC Crime,PORNOGRAPHY (Sec.292 to 294 IPC/294 TO 296 BNS),Advertisement,1,0,0,1,2025-09,1,100.0
397,A - IPC Crime,PORNOGRAPHY (Sec.292 to 294 IPC/294 TO 296 BNS),Audio Tape,1,0,0,0,2025-09,0,0.0
398,A - IPC Crime,PORNOGRAPHY (Sec.292 to 294 IPC/294 TO 296 BNS),Book,0,0,0,0,2025-09,0,0.0
399,A - IPC Crime,PORNOGRAPHY (Sec.292 to 294 IPC/294 TO 296 BNS),Computer Software,0,0,0,0,2025-09,0,0.0
400,A - IPC Crime,PORNOGRAPHY (Sec.292 to 294 IPC/294 TO 296 BNS),Figures,0,0,0,0,2025-09,0,0.0
401,A - IPC Crime,PORNOGRAPHY (Sec.292 to 294 IPC/294 TO 296 BNS),Film (Blue),0,0,0,0,2025-09,0,0.0
402,A - IPC Crime,PORNOGRAPHY (Sec.292 to 294 IPC/294 TO 296 BNS),Painting,0,0,0,0,2025-09,0,0.0
403,A - IPC Crime,PORNOGRAPHY (Sec.292 to 294 IPC/294 TO 296 BNS),Pamphlet,0,0,0,0,2025-09,0,0.0
404,A - IPC Crime,PORNOGRAPHY (Sec.292 to 294 IPC/294 TO 296 BNS),Paper,1,0,0,0,2025-09,0,0.0
405,A - IPC Crime,PORNOGRAPHY (Sec.292 to 294 IPC/294 TO 296 BNS),Photography,0,0,0,0,2025-09,0,0.0
406,A - IPC Crime,PORNOGRAPHY (Sec.292 to 294 IPC/294 TO 296 BNS),Poster,6,0,0,0,2025-09,0,0.0
407,A - IPC Crime,PORNOGRAPHY (Sec.292 to 294 IPC/294 TO 296 BNS),Video Film(Blue),1,0,0,0,2025-09,0,0.0
408,A - IPC Crime,PORNOGRAPHY (Sec.292 to 294 IPC/294 TO 296 BNS),Others,21,0,7,7,2025-09,0,0.0
409,A - IPC Crime,PUBLIC JUSTICE (Sec.213 to 215 IPC/250 TO 252 BNS),ALL / NOT SPECIFIED,6,0,3,0,2025-09,-3,-100.0
410,A - IPC Crime,"PUBLIC NUISANCE (Sec.291 and 510 IPC/293,355 BNS)",ALL / NOT SPECIFIED,315,7,27,155,2025-09,128,474.074074074074
411,A - IPC Crime,"PUBLIC SAFETY (Sec.269 to 271, 277, 283, 289 IPC/271 to 273, 279,285,291 BNS)",ALL / NOT SPECIFIED,3889,312,912,1164,2025-09,252,27.631578947368425
412,A - IPC Crime,"OFFENCES AGAINST PUBLIC SERVANTS (Public servant is a victim) (Sec 182-188, 332, 333, 353 IPC/217-223,121(1),121(2), 132 BNS)",Attempt to Commit,15,2,0,1,2025-09,1,100.0
413,A - IPC Crime,"OFFENCES AGAINST PUBLIC SERVANTS (Public servant is a victim) (Sec 182-188, 332, 333, 353 IPC/217-223,121(1),121(2), 132 BNS)",Defence Personnel,2,2,0,0,2025-09,0,0.0
414,A - IPC Crime,"OFFENCES AGAINST PUBLIC SERVANTS (Public servant is a victim) (Sec 182-188, 332, 333, 353 IPC/217-223,121(1),121(2), 132 BNS)",Jail Personnel,10,0,1,1,2025-09,0,0.0
415,A - IPC Crime,"OFFENCES AGAINST PUBLIC SERVANTS (Public servant is a victim) (Sec 182-188, 332, 333, 353 IPC/217-223,121(1),121(2), 132 BNS)",Judicial Official,18,1,0,1,2025-09,1,100.0
416,A - IPC Crime,"OFFENCES AGAINST PUBLIC SERVANTS (Public servant is a victim) (Sec 182-188, 332, 333, 353 IPC/217-223,121(1),121(2), 132 BNS)",Minister,0,0,0,0,2025-09,0,0.0
417,A - IPC Crime,"OFFENCES AGAINST PUBLIC SERVANTS (Public servant is a victim) (Sec 182-188, 332, 333, 353 IPC/217-223,121(1),121(2), 132 BNS)",MLA,0,0,0,0,2025-09,0,0.0
418,A - IPC Crime,"OFFENCES AGAINST PUBLIC SERVANTS (Public servant is a victim) (Sec 182-188, 332, 333, 353 IPC/217-223,121(1),121(2), 132 BNS)",MP,0,0,0,0,2025-09,0,0.0
419,A - IPC Crime,"OFFENCES AGAINST PUBLIC SERVANTS (Public servant is a victim) (Sec 182-188, 332, 333, 353 IPC/217-223,121(1),121(2), 132 BNS)",Nationalised Bank Personnel,2,1,0,0,2025-09,0,0.0
420,A - IPC Crime,"OFFENCES AGAINST PUBLIC SERVANTS (Public servant is a victim) (Sec 182-188, 332, 333, 353 IPC/217-223,121(1),121(2), 132 BNS)",Other Elected Member,4,0,0,0,2025-09,0,0.0
421,A - IPC Crime,"OFFENCES AGAINST PUBLIC SERVANTS (Public servant is a victim) (Sec 182-188, 332, 333, 353 IPC/217-223,121(1),121(2), 132 BNS)",Other Enforcement Official,1,0,0,0,2025-09,0,0.0
422,A - IPC Crime,"OFFENCES AGAINST PUBLIC SERVANTS (Public servant is a victim) (Sec 182-188, 332, 333, 353 IPC/217-223,121(1),121(2), 132 BNS)",Other Govt. Official,359,28,41,50,2025-09,9,21.951219512195124
423,A - IPC Crime,"OFFENCES AGAINST PUBLIC SERVANTS (Public servant is a victim) (Sec 182-188, 332, 333, 353 IPC/217-223,121(1),121(2), 132 BNS)",Para Military Personnel,2,0,0,0,2025-09,0,0.0
424,A - IPC Crime,"OFFENCES AGAINST PUBLIC SERVANTS (Public servant is a victim) (Sec 182-188, 332, 333, 353 IPC/217-223,121(1),121(2), 132 BNS)",Police Personnel,388,30,37,39,2025-09,2,5.405405405405405
425,A - IPC Crime,"OFFENCES AGAINST PUBLIC SERVANTS (Public servant is a victim) (Sec 182-188, 332, 333, 353 IPC/217-223,121(1),121(2), 132 BNS)",Public Sector Undertaking Official,101,7,10,6,2025-09,-4,-40.0
426,A - IPC Crime,"OFFENCES BY PUBLIC SERVANTS (EXCEPT CORRUPTION) (Public servant is accused) (Sec.128, 129, 167, 218, 221, 222 IPC/156,157,201,256,259,260 BNS)",Defence Personnel,0,0,0,0,2025-09,0,0.0
427,A - IPC Crime,"OFFENCES BY PUBLIC SERVANTS (EXCEPT CORRUPTION) (Public servant is accused) (Sec.128, 129, 167, 218, 221, 222 IPC/156,157,201,256,259,260 BNS)",Jail Personnel,0,0,0,0,2025-09,0,0.0
428,A - IPC Crime,"OFFENCES BY PUBLIC SERVANTS (EXCEPT CORRUPTION) (Public servant is accused) (Sec.128, 129, 167, 218, 221, 222 IPC/156,157,201,256,259,260 BNS)",Judicial Official,0,0,0,0,2025-09,0,0.0
429,A - IPC Crime,"OFFENCES BY PUBLIC SERVANTS (EXCEPT CORRUPTION) (Public servant is accused) (Sec.128, 129, 167, 218, 221, 222 IPC/156,157,201,256,259,260 BNS)",Minister,0,0,0,0,2025-09,0,0.0
430,A - IPC Crime,"OFFENCES BY PUBLIC SERVANTS (EXCEPT CORRUPTION) (Public servant is accused) (Sec.128, 129, 167, 218, 221, 222 IPC/156,157,201,256,259,260 BNS)",MLA,0,0,0,0,2025-09,0,0.0
431,A - IPC Crime,"OFFENCES BY PUBLIC SERVANTS (EXCEPT CORRUPTION) (Public servant is accused) (Sec.128, 129, 167, 218, 221, 222 IPC/156,157,201,256,259,260 BNS)",MP,0,0,0,0,2025-09,0,0.0
432,A - IPC Crime,"OFFENCES BY PUBLIC SERVANTS (EXCEPT CORRUPTION) (Public servant is accused) (Sec.128, 129, 167, 218, 221, 222 IPC/156,157,201,256,259,260 BNS)",Nationalised Bank Personnel,0,0,0,0,2025-09,0,0.0
433,A - IPC Crime,"OFFENCES BY PUBLIC SERVANTS (EXCEPT CORRUPTION) (Public servant is accused) (Sec.128, 129, 167, 218, 221, 222 IPC/156,157,201,256,259,260 BNS)",Other Elected Member,0,0,0,0,2025-09,0,0.0
434,A - IPC Crime,"OFFENCES BY PUBLIC SERVANTS (EXCEPT CORRUPTION) (Public servant is accused) (Sec.128, 129, 167, 218, 221, 222 IPC/156,157,201,256,259,260 BNS)",Other Enforcement Official,0,0,0,0,2025-09,0,0.0
435,A - IPC Crime,"OFFENCES BY PUBLIC SERVANTS (EXCEPT CORRUPTION) (Public servant is accused) (Sec.128, 129, 167, 218, 221, 222 IPC/156,157,201,256,259,260 BNS)",Other Govt. Official,0,0,0,0,2025-09,0,0.0
436,A - IPC Crime,"OFFENCES BY PUBLIC SERVANTS (EXCEPT CORRUPTION) (Public servant is accused) (Sec.128, 129, 167, 218, 221, 222 IPC/156,157,201,256,259,260 BNS)",Para Military Personnel,0,0,0,0,2025-09,0,0.0
437,A - IPC Crime,"OFFENCES BY PUBLIC SERVANTS (EXCEPT CORRUPTION) (Public servant is accused) (Sec.128, 129, 167, 218, 221, 222 IPC/156,157,201,256,259,260 BNS)",Police Personnel,1,1,0,1,2025-09,1,100.0
438,A - IPC Crime,"OFFENCES BY PUBLIC SERVANTS (EXCEPT CORRUPTION) (Public servant is accused) (Sec.128, 129, 167, 218, 221, 222 IPC/156,157,201,256,259,260 BNS)",Public Sector Undertaking Official,2,0,0,0,2025-09,0,0.0
439,A - IPC Crime,"OFFENCES BY PUBLIC SERVANTS (EXCEPT CORRUPTION) (Public servant is accused) (Sec.128, 129, 167, 218, 221, 222 IPC/156,157,201,256,259,260 BNS)",Others,0,0,0,0,2025-09,0,0.0
440,A - IPC Crime,"NEGLIGENT ACT (Sec.280 to 289, 336 to 338 except 283 IPC/282 to 291,125 to 125(b) except 285 BNS)",Animal -Related,46,6,9,6,2025-09,-3,-33.33333333333333
441,A - IPC Crime,"NEGLIGENT ACT (Sec.280 to 289, 336 to 338 except 283 IPC/282 to 291,125 to 125(b) except 285 BNS)",Boat/Vessel - Related,1,2,0,0,2025-09,0,0.0
442,A - IPC Crime,"NEGLIGENT ACT (Sec.280 to 289, 336 to 338 except 283 IPC/282 to 291,125 to 125(b) except 285 BNS)",Explosive/Explosive Substances - Related,16,4,0,2,2025-09,2,200.0
443,A - IPC Crime,"NEGLIGENT ACT (Sec.280 to 289, 336 to 338 except 283 IPC/282 to 291,125 to 125(b) except 285 BNS)",Inflammable Substance- Related ,16,4,1,2,2025-09,1,100.0
444,A - IPC Crime,"NEGLIGENT ACT (Sec.280 to 289, 336 to 338 except 283 IPC/282 to 291,125 to 125(b) except 285 BNS)",Machinery - Related,90,14,10,5,2025-09,-5,-50.0
445,A - IPC Crime,"NEGLIGENT ACT (Sec.280 to 289, 336 to 338 except 283 IPC/282 to 291,125 to 125(b) except 285 BNS)",Poisonous Substance - Related,10,1,1,0,2025-09,-1,-100.0
446,A - IPC Crime,"NEGLIGENT ACT (Sec.280 to 289, 336 to 338 except 283 IPC/282 to 291,125 to 125(b) except 285 BNS)",Other - Related,1134,87,118,163,2025-09,45,38.13559322033898
447,A - IPC Crime,"NEGLIGENT ACT (Sec.280 to 289, 336 to 338 except 283 IPC/282 to 291,125 to 125(b) except 285 BNS)",Human - Related,859,60,80,96,2025-09,16,20.0
448,A - IPC Crime,"NEGLIGENT ACT (Sec.280 to 289, 336 to 338 except 283 IPC/282 to 291,125 to 125(b) except 285 BNS)",Wheeling,127,0,49,8,2025-09,-41,-83.6734693877551
449,A - IPC Crime,"NEGLIGENT ACT (Sec.280 to 289, 336 to 338 except 283 IPC/282 to 291,125 to 125(b) except 285 BNS)",Drink & Drive Without DL,49,0,12,12,2025-09,0,0.0
450,A - IPC Crime,"NEGLIGENT ACT (Sec.280 to 289, 336 to 338 except 283 IPC/282 to 291,125 to 125(b) except 285 BNS)",Death Causeed By Electric Shock,64,8,5,3,2025-09,-2,-40.0
451,A - IPC Crime,"NEGLIGENT ACT (Sec.280 to 289, 336 to 338 except 283 IPC/282 to 291,125 to 125(b) except 285 BNS)",Defective Silencer,10,0,0,2,2025-09,2,200.0
452,A - IPC Crime,"NEGLIGENT ACT (Sec.280 to 289, 336 to 338 except 283 IPC/282 to 291,125 to 125(b) except 285 BNS)",Footpath Riding,5,0,1,3,2025-09,2,200.0
453,A - IPC Crime,"NEGLIGENT ACT (Sec.280 to 289, 336 to 338 except 283 IPC/282 to 291,125 to 125(b) except 285 BNS)",Racing & Trials of Speed,1,0,1,0,2025-09,-1,-100.0
454,A - IPC Crime,"NEGLIGENT ACT (Sec.280 to 289, 336 to 338 except 283 IPC/282 to 291,125 to 125(b) except 285 BNS)",Rash & Negligence/Dangerous Driving,397,0,136,146,2025-09,10,7.352941176470589
455,A - IPC Crime,RECEIVING OF STOLEN PROPERTY (Sec.411 to 414 IPC/317(2) TO 317(5) BNS),ALL / NOT SPECIFIED,2,1,1,0,2025-09,-1,-100.0
456,A - IPC Crime,SEDITION (Sec. 124A IPC/IN BNS Deleted),Attempt to Commit,0,0,0,0,2025-09,0,0.0
457,A - IPC Crime,SEDITION (Sec. 124A IPC/IN BNS Deleted),By Foreigner,0,0,0,0,2025-09,0,0.0
458,A - IPC Crime,SEDITION (Sec. 124A IPC/IN BNS Deleted),By National,0,0,0,0,2025-09,0,0.0
459,A - IPC Crime,SEDITION (Sec. 124A IPC/IN BNS Deleted),By National And Foreigner,0,0,0,0,2025-09,0,0.0
460,A - IPC Crime,INSULTING MODESTY OF WOMEN (EVE TEASING) (Sec.509 IPC/79 BNS),Attempt to Commit,9,0,0,1,2025-09,1,100.0
461,A - IPC Crime,INSULTING MODESTY OF WOMEN (EVE TEASING) (Sec.509 IPC/79 BNS),Office,11,3,2,0,2025-09,-2,-100.0
462,A - IPC Crime,INSULTING MODESTY OF WOMEN (EVE TEASING) (Sec.509 IPC/79 BNS),Public Conveyance,9,0,1,3,2025-09,2,200.0
463,A - IPC Crime,INSULTING MODESTY OF WOMEN (EVE TEASING) (Sec.509 IPC/79 BNS),Public Place,105,12,15,16,2025-09,1,6.666666666666667
464,A - IPC Crime,INSULTING MODESTY OF WOMEN (EVE TEASING) (Sec.509 IPC/79 BNS),Other Places,166,12,14,18,2025-09,4,28.57142857142857
465,A - IPC Crime,"SUICIDE (Sec.305, 306, 309 IPC/107,108 BNS)",Dowry,5,0,1,1,2025-09,0,0.0
466,A - IPC Crime,"SUICIDE (Sec.305, 306, 309 IPC/107,108 BNS)",Abetment of Suicide,291,30,30,31,2025-09,1,3.3333333333333335
467,A - IPC Crime,"SUICIDE (Sec.305, 306, 309 IPC/107,108 BNS)",Other Reasons,211,23,18,17,2025-09,-1,-5.555555555555555
468,A - IPC Crime,"SUICIDE (Sec.305, 306, 309 IPC/107,108 BNS)",Attempt to Commit suicide,60,7,7,5,2025-09,-2,-28.57142857142857
469,A - IPC Crime,UNNATURAL SEX (Sec.377 IPC/IN BNS Deleted),Abetment  ,0,0,0,0,2025-09,0,0.0
470,A - IPC Crime,UNNATURAL SEX (Sec.377 IPC/IN BNS Deleted),Animal  ,0,0,0,0,2025-09,0,0.0
471,A - IPC Crime,UNNATURAL SEX (Sec.377 IPC/IN BNS Deleted),Attempt,0,0,0,0,2025-09,0,0.0
472,A - IPC Crime,UNNATURAL SEX (Sec.377 IPC/IN BNS Deleted),Major - Man,0,0,0,0,2025-09,0,0.0
473,A - IPC Crime,UNNATURAL SEX (Sec.377 IPC/IN BNS Deleted),Major - Woman,0,0,0,0,2025-09,0,0.0
474,A - IPC Crime,UNNATURAL SEX (Sec.377 IPC/IN BNS Deleted),Minor - Boy,0,0,0,0,2025-09,0,0.0
475,A - IPC Crime,UNNATURAL SEX (Sec.377 IPC/IN BNS Deleted),Minor - Girl,0,0,0,0,2025-09,0,0.0
476,A - IPC Crime,"WRONGFUL RESTRAINT/CONFINEMENT (Sec.341 to 348 IPC/126(2),127(2)-127(8) BNS)",Attempt to Commit,26,0,5,2,2025-09,-3,-60.0
477,A - IPC Crime,"WRONGFUL RESTRAINT/CONFINEMENT (Sec.341 to 348 IPC/126(2),127(2)-127(8) BNS)",To Extort Confession,4,1,0,0,2025-09,0,0.0
478,A - IPC Crime,"WRONGFUL RESTRAINT/CONFINEMENT (Sec.341 to 348 IPC/126(2),127(2)-127(8) BNS)",To Extort Property,20,2,3,0,2025-09,-3,-100.0
479,A - IPC Crime,"WRONGFUL RESTRAINT/CONFINEMENT (Sec.341 to 348 IPC/126(2),127(2)-127(8) BNS)",To settle Dispute,14,2,1,1,2025-09,0,0.0
480,A - IPC Crime,"WRONGFUL RESTRAINT/CONFINEMENT (Sec.341 to 348 IPC/126(2),127(2)-127(8) BNS)",Others,326,25,32,34,2025-09,2,6.25
481,A - IPC Crime,"INFANTICIDE (Sec.315, 316 IPC/91,92 BNS)",Male,2,0,0,0,2025-09,0,0.0
482,A - IPC Crime,"INFANTICIDE (Sec.315, 316 IPC/91,92 BNS)",Female,3,0,0,0,2025-09,0,0.0
483,A - IPC Crime,"OFFENCES RELATED TO MARRIAGE (Sec.493 to 498 IPC/81,84 BNS)",ALL / NOT SPECIFIED,33,2,3,4,2025-09,1,33.33333333333333
484,A - IPC Crime,"BUYING & SELLING MINOR FOR PROSTITUTION (Sec.372, 373 IPC/98,99 BNS)",ALL / NOT SPECIFIED,0,0,0,0,2025-09,0,0.0
485,A - IPC Crime,DOCUMENTS & PROPERTY MARKS (Sec.483 to 489 IPC/346-350(2) BNS),Documents  ,1,0,1,0,2025-09,-1,-100.0
486,A - IPC Crime,DOCUMENTS & PROPERTY MARKS (Sec.483 to 489 IPC/346-350(2) BNS),Property  ,1,0,0,1,2025-09,1,100.0
487,A - IPC Crime,DEFAMATION (Sec.500 to 502 IPC/350(2)-356(4) BNS),Persons ,1,0,0,0,2025-09,0,0.0
488,A - IPC Crime,DEFAMATION (Sec.500 to 502 IPC/350(2)-356(4) BNS),Printed Matter,1,0,0,0,2025-09,0,0.0
489,A - IPC Crime,DEFAMATION (Sec.500 to 502 IPC/350(2)-356(4) BNS),Others,2,0,0,0,2025-09,0,0.0
490,A - IPC Crime,ELECTION(Sec.171(E) to 171(1) IPC/173-177 BNS),Assembly,0,0,0,0,2025-09,0,0.0
491,A - IPC Crime,ELECTION(Sec.171(E) to 171(1) IPC/173-177 BNS),Parliament,1,0,0,0,2025-09,0,0.0
492,A - IPC Crime,ELECTION(Sec.171(E) to 171(1) IPC/173-177 BNS),Other Elected Bodies,4,0,4,0,2025-09,-4,-100.0
493,A - IPC Crime,"SLAVERY (Sec.370, 371, 374 IPC/143,145,146 BNS)",Man,0,0,0,0,2025-09,0,0.0
494,A - IPC Crime,"SLAVERY (Sec.370, 371, 374 IPC/143,145,146 BNS)",Woman,0,0,0,0,2025-09,0,0.0
495,A - IPC Crime,"SLAVERY (Sec.370, 371, 374 IPC/143,145,146 BNS)",Boy,3,0,0,0,2025-09,0,0.0
496,A - IPC Crime,"SLAVERY (Sec.370, 371, 374 IPC/143,145,146 BNS)",Girl,0,0,0,0,2025-09,0,0.0
497,A - IPC Crime,Attempting to commit offences (Sec.511 IPC/62 BNS),Attempting to commit offences,163,16,21,14,2025-09,-7,-33.33333333333333
498,A - IPC Crime,ILLEGAL DETENTION (Sec.342 IPC/127(2) BNS),ALL / NOT SPECIFIED,0,0,0,0,2025-09,0,0.0
499,A - IPC Crime,FALSE EVIDENCE (Sec.191 to 205 IPC/227-242 BNS),ALL / NOT SPECIFIED,6,0,0,1,2025-09,1,100.0
500,A - IPC Crime,EXPOSURE AND ABANDONMENT OF CHILD (Sec.317 IPC/93 BNS),Boy ,21,0,1,3,2025-09,2,200.0
501,A - IPC Crime,EXPOSURE AND ABANDONMENT OF CHILD (Sec.317 IPC/93 BNS),Girl,30,4,6,4,2025-09,-2,-33.33333333333333
502,A - IPC Crime,OF ABETMENT (Sec.107 to 120 IPC/45-60 BNS),ALL / NOT SPECIFIED,16,2,3,1,2025-09,-2,-66.66666666666666
503,A - IPC Crime,"FAILURE TO APPEAR TO COURT (Sec.174A, 229A IPC/209,269 BNS)",IPC 174 A/BNS 209,327,10,10,13,2025-09,3,30.0
504,A - IPC Crime,"FAILURE TO APPEAR TO COURT (Sec.174A, 229A IPC/209,269 BNS)",IPC 229 A/BNS 269,931,32,29,57,2025-09,28,96.55172413793103
505,A - IPC Crime,Concealment of birth by secret disposal of Child,Girl,17,0,1,1,2025-09,0,0.0
506,A - IPC Crime,Concealment of birth by secret disposal of Child,Boy,19,4,2,1,2025-09,-1,-50.0
507,A - IPC Crime,ASSAULT OR USE OF CRIMINAL FORCE TO DISROBE WOMEN,ALL / NOT SPECIFIED,4,1,0,0,2025-09,0,0.0
508,A - IPC Crime,Disobedience to Order Promulgated by Public/Servant,By Govt. Institution,15,0,2,4,2025-09,2,100.0
509,A - IPC Crime,Disobedience to Order Promulgated by Public/Servant,By Others,0,0,0,0,2025-09,0,0.0
510,A - IPC Crime,Disobedience to Order Promulgated by Public/Servant,By Private Institution,15,0,1,7,2025-09,6,600.0
511,A - IPC Crime,Disobedience to Order Promulgated by Public/Servant,Sub Total,30,0,3,11,2025-09,8,266.66666666666663
512,A - IPC Crime,Disobedience to Order Promulgated by Public/Servant,Human Trafficking,0,0,0,0,2025-09,0,0.0
513,A - IPC Crime,Disobedience to Order Promulgated by Public/Servant,Women,3,0,0,0,2025-09,0,0.0
514,A - IPC Crime,Disobedience to Order Promulgated by Public/Servant,Girl ,4,0,0,0,2025-09,0,0.0
515,A - IPC Crime,Disobedience to Order Promulgated by Public/Servant,Eunuch,0,0,0,0,2025-09,0,0.0
516,A - IPC Crime,Disobedience to Order Promulgated by Public/Servant,Men,0,0,0,0,2025-09,0,0.0
517,A - IPC Crime,Disobedience to Order Promulgated by Public/Servant,Boy ,3,0,1,1,2025-09,0,0.0
518,A - IPC Crime,Giving false information respecting an offence committed,Giving false information respecting an offence committed,25,0,1,1,2025-09,0,0.0
519,A - IPC Crime,Harbouring offender,ALL / NOT SPECIFIED,3,0,0,1,2025-09,1,100.0
520,A - IPC Crime,Pettry Organised Crimes,Cargo Theft,0,0,0,0,2025-09,0,0.0
521,A - IPC Crime,Pettry Organised Crimes,Pick Pocketing,1,0,0,0,2025-09,0,0.0
522,A - IPC Crime,Pettry Organised Crimes,Shop Lifting,0,0,0,0,2025-09,0,0.0
523,A - IPC Crime,Pettry Organised Crimes,Theft Of ATM Machines,0,0,0,0,2025-09,0,0.0
524,A - IPC Crime,Pettry Organised Crimes,Theft From Vehicles,0,0,0,0,2025-09,0,0.0
525,A - IPC Crime,Pettry Organised Crimes,Unauthorised Betting/Gambling,122,10,5,7,2025-09,2,40.0
526,A - IPC Crime,Pettry Organised Crimes,Others,12,0,1,2,2025-09,1,100.0
527,A - IPC Crime,Public Servant in Judicial proceeding,Defence Personnel,0,0,0,0,2025-09,0,0.0
528,A - IPC Crime,Public Servant in Judicial proceeding,Others,0,0,0,0,2025-09,0,0.0
529,A - IPC Crime,Public Servant in Judicial proceeding,Jail Personnel,0,0,0,0,2025-09,0,0.0
530,A - IPC Crime,Public Servant in Judicial proceeding,Para Military Personnel,0,0,0,0,2025-09,0,0.0
531,A - IPC Crime,Public Servant in Judicial proceeding,Police Personnel,0,0,0,0,2025-09,0,0.0
532,A - IPC Crime,Public Servant in Judicial proceeding,Public Sector Undertaking Official,0,0,0,0,2025-09,0,0.0
533,A - IPC Crime,Public Servant in Judicial proceeding,Judicial Official,0,0,0,0,2025-09,0,0.0
534,A - IPC Crime,Public Servant in Judicial proceeding,Minister,0,0,0,0,2025-09,0,0.0
535,A - IPC Crime,Public Servant in Judicial proceeding,MLA,0,0,0,0,2025-09,0,0.0
536,A - IPC Crime,Public Servant in Judicial proceeding,MP,0,0,0,0,2025-09,0,0.0
537,A - IPC Crime,Public Servant in Judicial proceeding,Nationalised Bank Personnel,0,0,0,0,2025-09,0,0.0
538,A - IPC Crime,Public Servant in Judicial proceeding,Other Elected Member,0,0,0,0,2025-09,0,0.0
539,A - IPC Crime,Public Servant in Judicial proceeding,Other Enforcement Official,0,0,0,0,2025-09,0,0.0
540,A - IPC Crime,Public Servant in Judicial proceeding,Other Govt Official,1,0,0,0,2025-09,0,0.0
541,A - IPC Crime,"The Indian Stamp Act, 1899",ALL / NOT SPECIFIED,0,0,0,0,2025-09,0,0.0
542,B - SPECIAL & LOCAL LAWS,ANTIQUES (CULTURAL PROPERTY),Antiques & Art Treasures Act 1972,0,0,0,0,2025-09,0,0.0
543,B - SPECIAL & LOCAL LAWS,ANTIQUES (CULTURAL PROPERTY),Ancient Monument & Archaelogical Sites And Remains Act 1958,5,0,0,0,2025-09,0,0.0
544,B - SPECIAL & LOCAL LAWS,ARMS ACT 1959,Country Made - Non Prohibited Bore - In Disturbed Area,13,2,3,2,2025-09,-1,-33.33333333333333
545,B - SPECIAL & LOCAL LAWS,ARMS ACT 1960,Country Made - Non Prohibited Bore - In Other Area,124,17,14,18,2025-09,4,28.57142857142857
546,B - SPECIAL & LOCAL LAWS,ARMS ACT 1961,Country Made - Prohibited Bore - In Disturbed Area,16,1,3,3,2025-09,0,0.0
547,B - SPECIAL & LOCAL LAWS,ARMS ACT 1962,Country Made - Prohibited Bore - In Other Area,94,5,10,10,2025-09,0,0.0
548,B - SPECIAL & LOCAL LAWS,ARMS ACT 1963,Factory Made - Non Prohibited Bore - In Disturbed Area,4,2,0,0,2025-09,0,0.0
549,B - SPECIAL & LOCAL LAWS,ARMS ACT 1964,Factory Made - Non Prohibited Bore - In Other Area,23,2,1,4,2025-09,3,300.0
550,B - SPECIAL & LOCAL LAWS,ARMS ACT 1965,Factory Made - Prohibited Bore - In Disturbed Area,7,0,0,0,2025-09,0,0.0
551,B - SPECIAL & LOCAL LAWS,ARMS ACT 1966,Factory Made - Prohibited Bore - In Other Area,33,4,3,3,2025-09,0,0.0
552,B - SPECIAL & LOCAL LAWS,ANIMAL,The Karnataka Prevention of Slaughter and Preservation of Cattle Ordinance 2020,117,7,11,14,2025-09,3,27.27272727272727
553,B - SPECIAL & LOCAL LAWS,ANIMAL,Wild Life Preservation Act 1972,0,0,0,0,2025-09,0,0.0
554,B - SPECIAL & LOCAL LAWS,ANIMAL,Wild Life Protection Act 1972,3,0,0,0,2025-09,0,0.0
555,B - SPECIAL & LOCAL LAWS,ANIMAL,Prevention of Cruelty to Animals Act 1960,205,7,17,18,2025-09,1,5.88235294117647
556,B - SPECIAL & LOCAL LAWS,ANIMAL,Elephant (Preservation) Act 1879,0,0,0,0,2025-09,0,0.0
557,B - SPECIAL & LOCAL LAWS,ANIMAL,Cattle Tresspass Act 1871,3,0,0,0,2025-09,0,0.0
558,B - SPECIAL & LOCAL LAWS,CINEMATOGRAPHY ACT 1952,Films,0,0,0,0,2025-09,0,0.0
559,B - SPECIAL & LOCAL LAWS,CINEMATOGRAPHY ACT 1953,Video,0,0,0,0,2025-09,0,0.0
560,B - SPECIAL & LOCAL LAWS,CONSUMER,Liquified Petroleum Gas Supply & Control Order 2000 ,70,4,4,11,2025-09,7,175.0
561,B - SPECIAL & LOCAL LAWS,CONSUMER,Consumer (Protection) Act 1986,6,1,2,0,2025-09,-2,-100.0
562,B - SPECIAL & LOCAL LAWS,CONSUMER,Essential Commodities Act 1955,547,29,81,79,2025-09,-2,-2.4691358024691357
563,B - SPECIAL & LOCAL LAWS,CONSUMER,Prevention of Food Adulternation Act 1954,2,0,0,0,2025-09,0,0.0
564,B - SPECIAL & LOCAL LAWS,CONSUMER,Packaged Commodities (Regulation) order 1975,0,0,0,0,2025-09,0,0.0
565,B - SPECIAL & LOCAL LAWS,COPY RIGHT ACT 1957,By Company,106,14,16,7,2025-09,-9,-56.25
566,B - SPECIAL & LOCAL LAWS,COPY RIGHT ACT 1958,By Individual,57,3,3,3,2025-09,0,0.0
567,B - SPECIAL & LOCAL LAWS,CIVIL RIGHTS,Protection of Civil Rights Act 1955,4,0,0,0,2025-09,0,0.0
568,B - SPECIAL & LOCAL LAWS,SCHEDULED CASTE AND THE SCHEDULED TRIBES,Scheduled Caste  ,991,110,87,114,2025-09,27,31.03448275862069
569,B - SPECIAL & LOCAL LAWS,SCHEDULED CASTE AND THE SCHEDULED TRIBES,Scheduled Tribes,227,13,26,29,2025-09,3,11.538461538461538
570,B - SPECIAL & LOCAL LAWS,SCHEDULED CASTE AND THE SCHEDULED TRIBES,Scheduled Caste Women,400,47,51,44,2025-09,-7,-13.725490196078432
571,B - SPECIAL & LOCAL LAWS,SCHEDULED CASTE AND THE SCHEDULED TRIBES,Scheduled Tribes Women,101,10,8,19,2025-09,11,137.5
572,B - SPECIAL & LOCAL LAWS,CHILDREN ACT,Child Labour (Prohibition & Regulation) Act1986,65,5,8,4,2025-09,-4,-50.0
573,B - SPECIAL & LOCAL LAWS,CHILDREN ACT,Child Marriage (Restraint) Act - 1929,155,11,19,16,2025-09,-3,-15.789473684210526
574,B - SPECIAL & LOCAL LAWS,CHILDREN ACT,Juvenile Justice Act 1986,111,10,5,8,2025-09,3,60.0
575,B - SPECIAL & LOCAL LAWS,CHILDREN ACT,Probation of offenders Act 1958,0,1,0,0,2025-09,0,0.0
576,B - SPECIAL & LOCAL LAWS,CHILDREN ACT,Protection of Children from Sexual Offences Act 2012 (POCSO),0,0,0,0,2025-09,0,0.0
577,B - SPECIAL & LOCAL LAWS,PREVENTION OF CORRUPTION ACT 1988,Public Servant - Elected,0,0,0,0,2025-09,0,0.0
578,B - SPECIAL & LOCAL LAWS,PREVENTION OF CORRUPTION ACT 1989,Public Servant - Gazetted - Central,1,0,0,0,2025-09,0,0.0
579,B - SPECIAL & LOCAL LAWS,PREVENTION OF CORRUPTION ACT 1990,Public Servant - Gazetted - Defence,0,0,0,0,2025-09,0,0.0
580,B - SPECIAL & LOCAL LAWS,PREVENTION OF CORRUPTION ACT 1991,Public Servant - Gazetted - Public Sector Undertaking,0,0,0,0,2025-09,0,0.0
581,B - SPECIAL & LOCAL LAWS,PREVENTION OF CORRUPTION ACT 1992,Public Servant - Gazetted - State,1,0,0,0,2025-09,0,0.0
582,B - SPECIAL & LOCAL LAWS,PREVENTION OF CORRUPTION ACT 1993,Public Servant - Non-Gazetted - Central,0,0,0,0,2025-09,0,0.0
583,B - SPECIAL & LOCAL LAWS,PREVENTION OF CORRUPTION ACT 1994,Public Servant - Non-Gazetted - Defence,0,0,0,0,2025-09,0,0.0
584,B - SPECIAL & LOCAL LAWS,PREVENTION OF CORRUPTION ACT 1995,Public Servant - Non-Gazetted - State,0,0,0,0,2025-09,0,0.0
585,B - SPECIAL & LOCAL LAWS,CUSTOMS,Customs Act 1962,0,0,0,0,2025-09,0,0.0
586,B - SPECIAL & LOCAL LAWS,CUSTOMS,Import/Export (Control) Act 1947,0,0,0,0,2025-09,0,0.0
587,B - SPECIAL & LOCAL LAWS,Explosives,Explosives Substances Act 1908,34,1,1,3,2025-09,2,200.0
588,B - SPECIAL & LOCAL LAWS,Explosives,Explosives Act 1884,37,4,3,6,2025-09,3,100.0
589,B - SPECIAL & LOCAL LAWS,Explosives,Inflammable Substance Act 1952,0,0,0,0,2025-09,0,0.0
590,B - SPECIAL & LOCAL LAWS,FOREIGN EXCHANGE,Smugglers and Foreign Exchange Manipulator Act 1976,0,0,0,0,2025-09,0,0.0
591,B - SPECIAL & LOCAL LAWS,FOREIGN EXCHANGE,Foreign Exchange Regulation Act 1973,0,0,0,0,2025-09,0,0.0
592,B - SPECIAL & LOCAL LAWS,FOREIGN EXCHANGE,Foreign Exchange Regulation Act 1952,0,0,0,0,2025-09,0,0.0
593,B - SPECIAL & LOCAL LAWS,FOREIGNER,Foreigners Act 1946,76,13,10,6,2025-09,-4,-40.0
594,B - SPECIAL & LOCAL LAWS,FOREIGNER,Registration of Foreigners Act 1939,0,0,0,0,2025-09,0,0.0
595,B - SPECIAL & LOCAL LAWS,FOREST,Indian Forest Act 1927,1,0,0,0,2025-09,0,0.0
596,B - SPECIAL & LOCAL LAWS,FOREST,Forest (Conservation) Act 1980,10,0,3,2,2025-09,-1,-33.33333333333333
597,B - SPECIAL & LOCAL LAWS,HIJACKING,Foreign Aircraft - In India,0,0,0,0,2025-09,0,0.0
598,B - SPECIAL & LOCAL LAWS,HIJACKING,Foreign Aircraft - Outside India,0,0,0,0,2025-09,0,0.0
599,B - SPECIAL & LOCAL LAWS,HIJACKING,Indian Aircraft - In India,0,0,0,0,2025-09,0,0.0
600,B - SPECIAL & LOCAL LAWS,HIJACKING,Indian Aircraft - Outside India,0,0,0,0,2025-09,0,0.0
601,B - SPECIAL & LOCAL LAWS,IMMORAL TRAFFIC,Organised,170,15,11,26,2025-09,15,136.36363636363635
602,B - SPECIAL & LOCAL LAWS,IMMORAL TRAFFIC,Un-Organised,86,8,12,4,2025-09,-8,-66.66666666666666
603,B - SPECIAL & LOCAL LAWS,BONDED LABOUR SYSTEM,ALL / NOT SPECIFIED,4,2,1,0,2025-09,-1,-100.0
604,B - SPECIAL & LOCAL LAWS,INDIAN MOTOR VEHICLE,ALL / NOT SPECIFIED,57,13,5,3,2025-09,-2,-40.0
605,B - SPECIAL & LOCAL LAWS,NARCOTIC DRUGS & PSYCHOTROPIC SUBSTANCES ACT,Cultivated/Processed,2127,141,400,179,2025-09,-221,-55.25
606,B - SPECIAL & LOCAL LAWS,NARCOTIC DRUGS & PSYCHOTROPIC SUBSTANCES ACT,Synthetic,2595,199,339,273,2025-09,-66,-19.469026548672566
607,B - SPECIAL & LOCAL LAWS,PASSPORT ACT,Foreigner,2,1,0,0,2025-09,0,0.0
608,B - SPECIAL & LOCAL LAWS,PASSPORT ACT,Indian,3,0,0,1,2025-09,1,100.0
609,B - SPECIAL & LOCAL LAWS,REPRESENTATIVE OF PEOPLE ACT 1951 & 1988,Assembly,0,0,0,0,2025-09,0,0.0
610,B - SPECIAL & LOCAL LAWS,REPRESENTATIVE OF PEOPLE ACT 1951 & 1989,Parliament,0,1,0,0,2025-09,0,0.0
611,B - SPECIAL & LOCAL LAWS,REPRESENTATIVE OF PEOPLE ACT 1951 & 1990,Other Elected Bodies,0,0,0,0,2025-09,0,0.0
612,B - SPECIAL & LOCAL LAWS,KARNATAKA POLICE ACT 1963,Gambling - Matka (78 Class C),4755,346,451,390,2025-09,-61,-13.52549889135255
613,B - SPECIAL & LOCAL LAWS,KARNATAKA POLICE ACT 1964,Street Gambling (87),5221,377,520,428,2025-09,-92,-17.692307692307693
614,B - SPECIAL & LOCAL LAWS,KARNATAKA POLICE ACT 1965,House Gambling (79 & 80),198,19,22,22,2025-09,0,0.0
615,B - SPECIAL & LOCAL LAWS,KARNATAKA POLICE ACT 1966,Betting ,578,3,4,17,2025-09,13,325.0
616,B - SPECIAL & LOCAL LAWS,KARNATAKA POLICE ACT 1967,Others ,400,38,32,35,2025-09,3,9.375
617,B - SPECIAL & LOCAL LAWS,PREVENTION OF DAMAGE TO PUBLIC PROPERTY ACT 1984,ALL / NOT SPECIFIED,104,8,10,31,2025-09,21,210.0
618,B - SPECIAL & LOCAL LAWS,"POST & TELEGRAPH, TELEGRAPH WIRES (UNLAWFUL POSSESSION) ACT 1980",ALL / NOT SPECIFIED,0,0,0,0,2025-09,0,0.0
619,B - SPECIAL & LOCAL LAWS,OFFICIAL SECURITY RELATED ACTS,Official Secrets Act 1923,1,0,0,0,2025-09,0,0.0
620,B - SPECIAL & LOCAL LAWS,OFFICIAL SECURITY RELATED ACTS,Essential Services Maintenance Act 1981,0,0,0,0,2025-09,0,0.0
621,B - SPECIAL & LOCAL LAWS,PREVENTION OF TERRORISM ACT (POTA),ALL / NOT SPECIFIED,0,0,0,0,2025-09,0,0.0
622,B - SPECIAL & LOCAL LAWS,RAILWAYS ACT,Indian Railways Act 1989,2,0,1,0,2025-09,-1,-100.0
623,B - SPECIAL & LOCAL LAWS,RAILWAYS ACT,Railway Property (Unlawful Possession) Act 1966,0,0,0,0,2025-09,0,0.0
624,B - SPECIAL & LOCAL LAWS,UNLAWFUL ACTIVITIES (Prevention) Act 1967,ALL / NOT SPECIFIED,0,1,0,0,2025-09,0,0.0
625,B - SPECIAL & LOCAL LAWS,CRIMES RELATED TO WOMEN,Dowry Prohibition,1471,144,139,171,2025-09,32,23.021582733812952
626,B - SPECIAL & LOCAL LAWS,CRIMES RELATED TO WOMEN,Commission of SATI (Prevention) Act 1987,0,0,0,0,2025-09,0,0.0
627,B - SPECIAL & LOCAL LAWS,CRIMES RELATED TO WOMEN,Indecent Representation of Women (Prohibition) Act 1986,1,0,0,0,2025-09,0,0.0
628,B - SPECIAL & LOCAL LAWS,INDIAN LUNACY ACT,ALL / NOT SPECIFIED,0,0,0,0,2025-09,0,0.0
629,B - SPECIAL & LOCAL LAWS,INDIAN ELECTRICITY ACT,ALL / NOT SPECIFIED,10,0,0,1,2025-09,1,100.0
630,B - SPECIAL & LOCAL LAWS,"COTPA, CIGARETTES AND OTHER TOBACCO PRODUCTS",ALL / NOT SPECIFIED,2785,76,92,245,2025-09,153,166.30434782608697
631,B - SPECIAL & LOCAL LAWS,KARNATAKA STATE LOCAL ACTS,Prevention of Insult to National Hounours Act 1971,9,2,0,3,2025-09,3,300.0
632,B - SPECIAL & LOCAL LAWS,KARNATAKA STATE LOCAL ACTS,"Prevention of violence against Doctors, Medical professionals and Medical institutions",10,1,1,0,2025-09,-1,-100.0
633,B - SPECIAL & LOCAL LAWS,KARNATAKA STATE LOCAL ACTS,"The Karnataka Prevention of Dangerous Activities of Bootleggers, Drug-offenders, Gamblers, Goonda Act",0,0,0,0,2025-09,0,0.0
634,B - SPECIAL & LOCAL LAWS,KARNATAKA STATE LOCAL ACTS,Karnataka Cow Slaughters Act,165,22,9,17,2025-09,8,88.88888888888889
635,B - SPECIAL & LOCAL LAWS,KARNATAKA STATE LOCAL ACTS,Banning of Unregulated Deposit Schemes Act,17,0,0,4,2025-09,4,400.0
636,B - SPECIAL & LOCAL LAWS,KARNATAKA STATE LOCAL ACTS,"Motor Spirit and High Speed Diesel (Regulation of upply, Distribution and Prevention of Malpractice",0,0,0,0,2025-09,0,0.0
637,B - SPECIAL & LOCAL LAWS,KARNATAKA STATE LOCAL ACTS,Karnataka Epidemic Deseases Act 2020,0,0,0,0,2025-09,0,0.0
638,B - SPECIAL & LOCAL LAWS,KARNATAKA STATE LOCAL ACTS,Karnataka Prevention of Slaughter and Preservation of Cattle Act 2020,193,16,26,16,2025-09,-10,-38.46153846153847
639,B - SPECIAL & LOCAL LAWS,KARNATAKA STATE LOCAL ACTS,Disaster Management Act 2005,0,0,0,0,2025-09,0,0.0
640,B - SPECIAL & LOCAL LAWS,KARNATAKA STATE LOCAL ACTS,Karnataka Excise Act 1965,7720,459,766,556,2025-09,-210,-27.415143603133156
641,B - SPECIAL & LOCAL LAWS,KARNATAKA STATE LOCAL ACTS,Karnataka Forest Act 1963,43,10,9,5,2025-09,-4,-44.44444444444444
642,B - SPECIAL & LOCAL LAWS,KARNATAKA STATE LOCAL ACTS,Karnataka Education Act 1983 As Amended Upto Date,2,0,0,0,2025-09,0,0.0
643,B - SPECIAL & LOCAL LAWS,KARNATAKA STATE LOCAL ACTS,Karnataka Kerosene Restriction Unuse Act 1956,0,0,0,0,2025-09,0,0.0
644,B - SPECIAL & LOCAL LAWS,KARNATAKA STATE LOCAL ACTS,Karnataka University Act,0,0,0,0,2025-09,0,0.0
645,B - SPECIAL & LOCAL LAWS,KARNATAKA STATE LOCAL ACTS,Karnataka Corruption Act,0,0,0,0,2025-09,0,0.0
646,B - SPECIAL & LOCAL LAWS,KARNATAKA STATE LOCAL ACTS,Karnataka Medical Registration Act 1965,4,0,0,1,2025-09,1,100.0
647,B - SPECIAL & LOCAL LAWS,KARNATAKA STATE LOCAL ACTS,Karnataka Land & Revenue Act 1964 & 2007,32,6,3,3,2025-09,0,0.0
648,B - SPECIAL & LOCAL LAWS,KARNATAKA STATE LOCAL ACTS,Karnataka Kerosene Dealers License Order 1969,0,0,0,0,2025-09,0,0.0
649,B - SPECIAL & LOCAL LAWS,KARNATAKA STATE LOCAL ACTS,Karnataka Society Registration Act,0,0,0,0,2025-09,0,0.0
650,B - SPECIAL & LOCAL LAWS,KARNATAKA STATE LOCAL ACTS,Karnataka Minor Mineral Consistent Rule 1994,16,1,4,1,2025-09,-3,-75.0
651,B - SPECIAL & LOCAL LAWS,KARNATAKA STATE LOCAL ACTS,Bangalore Development Authority Act,0,0,0,0,2025-09,0,0.0
652,B - SPECIAL & LOCAL LAWS,KARNATAKA STATE LOCAL ACTS,Karnataka Prohibition of Beggery Act 1975,56,4,1,1,2025-09,0,0.0
653,B - SPECIAL & LOCAL LAWS,KARNATAKA STATE LOCAL ACTS,Karnataka Municipalities Act 1964,1,0,0,0,2025-09,0,0.0
654,B - SPECIAL & LOCAL LAWS,KARNATAKA STATE LOCAL ACTS,Karnataka Irrigation Act 1963,4,0,1,0,2025-09,-1,-100.0
655,B - SPECIAL & LOCAL LAWS,KARNATAKA STATE LOCAL ACTS,Karnataka Fire Force act 1964,5,1,1,1,2025-09,0,0.0
656,B - SPECIAL & LOCAL LAWS,KARNATAKA STATE LOCAL ACTS,Karnataka Consumer Protection Act 1986,0,0,0,0,2025-09,0,0.0
657,B - SPECIAL & LOCAL LAWS,KARNATAKA STATE LOCAL ACTS,Karnataka Lottery Act,54,4,2,2,2025-09,0,0.0
658,B - SPECIAL & LOCAL LAWS,KARNATAKA STATE LOCAL ACTS,Karnataka Weight & Measurement Act,0,0,0,0,2025-09,0,0.0
659,B - SPECIAL & LOCAL LAWS,KARNATAKA STATE LOCAL ACTS,Karnataka Agriculture Marketing Regulation Act,0,0,0,0,2025-09,0,0.0
660,B - SPECIAL & LOCAL LAWS,KARNATAKA STATE LOCAL ACTS,Karnataka Revenue Act,2,0,0,1,2025-09,1,100.0
661,B - SPECIAL & LOCAL LAWS,KARNATAKA STATE LOCAL ACTS,Karnataka Mining Act,2,0,0,0,2025-09,0,0.0
662,B - SPECIAL & LOCAL LAWS,KARNATAKA STATE LOCAL ACTS,Karnataka Betting Tax Act,0,0,0,0,2025-09,0,0.0
663,B - SPECIAL & LOCAL LAWS,KARNATAKA STATE LOCAL ACTS,Karnataka Panchayat Raj Act,2,0,0,1,2025-09,1,100.0
664,B - SPECIAL & LOCAL LAWS,KARNATAKA STATE LOCAL ACTS,Karnataka Open Place Disfigurement Act 1951,594,234,2,495,2025-09,493,24650.0
665,B - SPECIAL & LOCAL LAWS,KARNATAKA STATE LOCAL ACTS,Karnataka Right To Information Act 2000 & 2008,2,0,0,1,2025-09,1,100.0
666,B - SPECIAL & LOCAL LAWS,KARNATAKA STATE LOCAL ACTS,Karnataka Urban Development Act 1987,0,0,0,0,2025-09,0,0.0
667,B - SPECIAL & LOCAL LAWS,KARNATAKA STATE LOCAL ACTS,Karnataka Town & City Planning Act 1961,0,0,0,0,2025-09,0,0.0
668,B - SPECIAL & LOCAL LAWS,KARNATAKA STATE LOCAL ACTS,Karnataka Race Betting Act,0,0,0,0,2025-09,0,0.0
669,B - SPECIAL & LOCAL LAWS,KARNATAKA STATE LOCAL ACTS,Karnataka Devadasi's (Prohibition Of Dedication) Act 1982,0,0,0,0,2025-09,0,0.0
670,B - SPECIAL & LOCAL LAWS,KARNATAKA STATE LOCAL ACTS,Cooperative Society Act,1,0,0,0,2025-09,0,0.0
671,B - SPECIAL & LOCAL LAWS,KARNATAKA STATE LOCAL ACTS,Karnataka Entertainment Tax Act 1958,4,0,2,0,2025-09,-2,-100.0
672,B - SPECIAL & LOCAL LAWS,KARNATAKA STATE LOCAL ACTS,Karnataka Land Acquisition (Prohibition) Act 2007,0,0,0,0,2025-09,0,0.0
673,B - SPECIAL & LOCAL LAWS,KARNATAKA STATE LOCAL ACTS,Karnataka Money Lender Act 1961,16,0,0,2,2025-09,2,200.0
674,B - SPECIAL & LOCAL LAWS,KARNATAKA STATE LOCAL ACTS,Karnataka Stamp Act 1957,0,0,0,0,2025-09,0,0.0
675,B - SPECIAL & LOCAL LAWS,KARNATAKA STATE LOCAL ACTS,Karnataka Prisoners Act 1963 & 1974,39,7,1,7,2025-09,6,600.0
676,B - SPECIAL & LOCAL LAWS,KARNATAKA STATE LOCAL ACTS,Karnataka Private Medical Institution Act 2007,8,0,2,0,2025-09,-2,-100.0
677,B - SPECIAL & LOCAL LAWS,KARNATAKA STATE LOCAL ACTS,MMRD (Mines & Minerals Regulation Development ) Act 1957,69,3,4,10,2025-09,6,150.0
678,B - SPECIAL & LOCAL LAWS,KARNATAKA STATE LOCAL ACTS,Karnataka Treasure Trove Act 1962,5,0,2,1,2025-09,-1,-50.0
679,B - SPECIAL & LOCAL LAWS,KARNATAKA STATE LOCAL ACTS,Karnataka Prohibition of Charging Exorbitant Interest Act 2004,18,1,1,1,2025-09,0,0.0
680,B - SPECIAL & LOCAL LAWS,KARNATAKA STATE LOCAL ACTS,Karnataka Ayurvedic And Unani Pract. Regis. & Medical Prac. Misc. Prov. Act,0,0,0,0,2025-09,0,0.0
681,B - SPECIAL & LOCAL LAWS,KARNATAKA STATE LOCAL ACTS,Other Local Acts,134,12,10,7,2025-09,-3,-30.0
682,B - SPECIAL & LOCAL LAWS,CYBER CRIME (INFORMATION TECHNOLOGY ACT),Advertising Frauds,48,0,6,12,2025-09,6,100.0
683,B - SPECIAL & LOCAL LAWS,CYBER CRIME (INFORMATION TECHNOLOGY ACT),AEPS ( Aadhaar),1,0,0,0,2025-09,0,0.0
684,B - SPECIAL & LOCAL LAWS,CYBER CRIME (INFORMATION TECHNOLOGY ACT),ATM Fraud,14,0,0,1,2025-09,1,100.0
685,B - SPECIAL & LOCAL LAWS,CYBER CRIME (INFORMATION TECHNOLOGY ACT),Business Fraud,118,0,7,17,2025-09,10,142.85714285714286
686,B - SPECIAL & LOCAL LAWS,CYBER CRIME (INFORMATION TECHNOLOGY ACT),Card Skimming,6,0,0,1,2025-09,1,100.0
687,B - SPECIAL & LOCAL LAWS,CYBER CRIME (INFORMATION TECHNOLOGY ACT),Credit Card Fraud,557,8,63,62,2025-09,-1,-1.5873015873015872
688,B - SPECIAL & LOCAL LAWS,CYBER CRIME (INFORMATION TECHNOLOGY ACT),"Crypto Currency, Bitcoin, etc.",57,0,3,2,2025-09,-1,-33.33333333333333
689,B - SPECIAL & LOCAL LAWS,CYBER CRIME (INFORMATION TECHNOLOGY ACT),"CSAM ( Child Pornography), Cyber Tip Line",22,0,1,5,2025-09,4,400.0
690,B - SPECIAL & LOCAL LAWS,CYBER CRIME (INFORMATION TECHNOLOGY ACT),Data Theft,51,0,4,9,2025-09,5,125.0
691,B - SPECIAL & LOCAL LAWS,CYBER CRIME (INFORMATION TECHNOLOGY ACT),Deep Fake/ Deep Nudes,23,0,1,4,2025-09,3,300.0
692,B - SPECIAL & LOCAL LAWS,CYBER CRIME (INFORMATION TECHNOLOGY ACT),Digital Arrest,251,5,24,19,2025-09,-5,-20.833333333333336
693,B - SPECIAL & LOCAL LAWS,CYBER CRIME (INFORMATION TECHNOLOGY ACT),Email Spoofing / Fraud,35,0,1,6,2025-09,5,500.0
694,B - SPECIAL & LOCAL LAWS,CYBER CRIME (INFORMATION TECHNOLOGY ACT),Fake Customer Care,235,1,24,24,2025-09,0,0.0
695,B - SPECIAL & LOCAL LAWS,CYBER CRIME (INFORMATION TECHNOLOGY ACT),Fedex,29,2,1,0,2025-09,-1,-100.0
696,B - SPECIAL & LOCAL LAWS,CYBER CRIME (INFORMATION TECHNOLOGY ACT),"Gifts, iPhone & Lottery Fraud",98,2,7,10,2025-09,3,42.857142857142854
697,B - SPECIAL & LOCAL LAWS,CYBER CRIME (INFORMATION TECHNOLOGY ACT),Hacking of Accounts & IDs,158,0,26,29,2025-09,3,11.538461538461538
698,B - SPECIAL & LOCAL LAWS,CYBER CRIME (INFORMATION TECHNOLOGY ACT),"Information Technology Act 2000, 2009",113,1622,25,10,2025-09,-15,-60.0
699,B - SPECIAL & LOCAL LAWS,CYBER CRIME (INFORMATION TECHNOLOGY ACT),"Investment Fraud ( Part Time Job, Task, Review)",2143,10,186,218,2025-09,32,17.20430107526882
700,B - SPECIAL & LOCAL LAWS,CYBER CRIME (INFORMATION TECHNOLOGY ACT),Investment Fraud( Trading & Share Trading),2640,11,311,320,2025-09,9,2.8938906752411575
701,B - SPECIAL & LOCAL LAWS,CYBER CRIME (INFORMATION TECHNOLOGY ACT),Job Fraud,504,5,52,39,2025-09,-13,-25.0
702,B - SPECIAL & LOCAL LAWS,CYBER CRIME (INFORMATION TECHNOLOGY ACT),Loan App,151,1,13,22,2025-09,9,69.23076923076923
703,B - SPECIAL & LOCAL LAWS,CYBER CRIME (INFORMATION TECHNOLOGY ACT),Matrimony Fraud,89,1,9,11,2025-09,2,22.22222222222222
704,B - SPECIAL & LOCAL LAWS,CYBER CRIME (INFORMATION TECHNOLOGY ACT),OLX Fraud,143,0,14,14,2025-09,0,0.0
705,B - SPECIAL & LOCAL LAWS,CYBER CRIME (INFORMATION TECHNOLOGY ACT),Online Money Transfer,1081,6,140,165,2025-09,25,17.857142857142858
706,B - SPECIAL & LOCAL LAWS,CYBER CRIME (INFORMATION TECHNOLOGY ACT),Others,1467,54,211,143,2025-09,-68,-32.22748815165877
707,B - SPECIAL & LOCAL LAWS,CYBER CRIME (INFORMATION TECHNOLOGY ACT),"OTP Frauds(KYC Update, Apk Link)",601,8,73,89,2025-09,16,21.91780821917808
708,B - SPECIAL & LOCAL LAWS,CYBER CRIME (INFORMATION TECHNOLOGY ACT),Phishing (Taking Password & Information),30,0,3,0,2025-09,-3,-100.0
709,B - SPECIAL & LOCAL LAWS,CYBER CRIME (INFORMATION TECHNOLOGY ACT),"Ransomware Attack, Installing Spyware & Trojan, Using Other Malware & Viruses to infect digital serv",8,0,2,3,2025-09,1,50.0
710,B - SPECIAL & LOCAL LAWS,CYBER CRIME (INFORMATION TECHNOLOGY ACT),Remote Access Fraud( Any Desk/ Team Viewer),9,0,2,1,2025-09,-1,-50.0
711,B - SPECIAL & LOCAL LAWS,CYBER CRIME (INFORMATION TECHNOLOGY ACT),Sextortion and Revenge Porn,78,0,6,10,2025-09,4,66.66666666666666
712,B - SPECIAL & LOCAL LAWS,CYBER CRIME (INFORMATION TECHNOLOGY ACT),SIM card Swapping / SIM Jacking/ SIM Cloning,14,0,2,2,2025-09,0,0.0
713,B - SPECIAL & LOCAL LAWS,CYBER CRIME (INFORMATION TECHNOLOGY ACT),Social Media Cases ( Instagram/Facebook/Whatsapp/X /Telegram etc.),423,2,48,48,2025-09,0,0.0
714,B - SPECIAL & LOCAL LAWS,NATIONAL SECURITY ACT,ALL / NOT SPECIFIED,0,0,0,0,2025-09,0,0.0
715,B - SPECIAL & LOCAL LAWS,POCSO,Gang Rape,2,0,0,0,2025-09,0,0.0
716,B - SPECIAL & LOCAL LAWS,POCSO,Custodial Rape,11,0,1,0,2025-09,-1,-100.0
717,B - SPECIAL & LOCAL LAWS,POCSO,Rape with Murder,1,0,0,0,2025-09,0,0.0
718,B - SPECIAL & LOCAL LAWS,POCSO,Rape,2412,256,290,245,2025-09,-45,-15.517241379310345
719,B - SPECIAL & LOCAL LAWS,POCSO,Others ,906,83,88,93,2025-09,5,5.681818181818182
720,B - SPECIAL & LOCAL LAWS,Aadhar Act,Impersonation,0,0,0,0,2025-09,0,0.0
721,B - SPECIAL & LOCAL LAWS,Aadhar Act,Offence by Individual,0,0,0,0,2025-09,0,0.0
722,B - SPECIAL & LOCAL LAWS,Aadhar Act,Offence by Company,1,0,0,1,2025-09,1,100.0
723,C. CRIMES AGAINST WOMEN,Rape (Sec. 376 IPC),1.1  Custodial Rape,0,0,0,0,2025-09,0,0.0
724,C. CRIMES AGAINST WOMEN,Rape (Sec. 376 IPC),1.2  Gang Rape,9,0,1,0,2025-09,-1,-100.0
725,C. CRIMES AGAINST WOMEN,Rape (Sec. 376 IPC),1.3  other Cases of Rape,691,58,82,70,2025-09,-12,-14.634146341463413
726,C. CRIMES AGAINST WOMEN,Outraging modesty (Molestation) (sec.354 IPC),Outraging modesty (Molestation) (sec.354 IPC),4373,469,449,464,2025-09,15,3.34075723830735
727,C. CRIMES AGAINST WOMEN,Kidnapping & Abduction of Women: (Sec.366 IPC),Kidnapping & Abduction of Women: (Sec.366 IPC),87,6,13,8,2025-09,-5,-38.46153846153847
728,C. CRIMES AGAINST WOMEN,Insulting modesty (Eve-Teasing) (Sec.294 & 509 IPC if victim is a woman),Insulting modesty (Eve-Teasing) (Sec.294 & 509 IPC if victim is a woman),300,27,32,38,2025-09,6,18.75
729,C. CRIMES AGAINST WOMEN,Murder for Dowry - by burning (Sec.302 IPC),Murder for Dowry - by burning (Sec.302 IPC),1,0,0,0,2025-09,0,0.0
730,C. CRIMES AGAINST WOMEN,"Murder for Dowry - by other means
(Sec.302 IPC)","Murder for Dowry - by other means
(Sec.302 IPC)",4,1,0,0,2025-09,0,0.0
731,C. CRIMES AGAINST WOMEN,Murder for other reasons,Murder for other reasons,282,31,34,37,2025-09,3,8.823529411764707
732,C. CRIMES AGAINST WOMEN,Attempt to Commit Murder for dowry by burning (Sec.307 IPC),Attempt to Commit Murder for dowry by burning (Sec.307 IPC),1,0,0,0,2025-09,0,0.0
733,C. CRIMES AGAINST WOMEN,Attempt to Commit Murder for dowry by other means (Sec.307 IPC),Attempt to Commit Murder for dowry by other means (Sec.307 IPC),14,3,0,3,2025-09,3,300.0
734,C. CRIMES AGAINST WOMEN,Attempt to Commit murder for other reasons,Attempt to Commit murder for other reasons,745,48,89,91,2025-09,2,2.247191011235955
735,C. CRIMES AGAINST WOMEN,"Dowry Death-by burning
(Sec.304-B IPC)","Dowry Death-by burning
(Sec.304-B IPC)",1,1,0,0,2025-09,0,0.0
736,C. CRIMES AGAINST WOMEN,Dowry Death-by other Means (Sec.304(B) IPC),Dowry Death-by other Means (Sec.304(B) IPC),84,14,10,6,2025-09,-4,-40.0
737,C. CRIMES AGAINST WOMEN,Cruelty by Husband or Relatives of Husband (Sec.498-A IPC),Cruelty by Husband or Relatives of Husband (Sec.498-A IPC),2142,226,238,251,2025-09,13,5.46218487394958
738,C. CRIMES AGAINST WOMEN,Abetment of Suicide (Sec.306 IPC),Abetment of Suicide (Sec.306 IPC),129,14,12,16,2025-09,4,33.33333333333333
739,C. CRIMES AGAINST WOMEN,Immoral Traffic (prevention) Act.,Immoral Traffic (prevention) Act.,115,30,12,20,2025-09,8,66.66666666666666
740,C. CRIMES AGAINST WOMEN,Indecent Representation of Women(Prohibition) Act-1986,Indecent Representation of Women(Prohibition) Act-1986,1,0,0,0,2025-09,0,0.0
741,C. CRIMES AGAINST WOMEN,Pornography,Pornography,2,0,0,1,2025-09,1,100.0
742,C. CRIMES AGAINST WOMEN,Offences against Public Servants (Sec.182-188-333-353 IPC),Offences against Public Servants (Sec.182-188-333-353 IPC),108,20,13,16,2025-09,3,23.076923076923077
743,C. CRIMES AGAINST WOMEN,Offences related to Marriage,Offences related to Marriage,25,2,2,4,2025-09,2,100.0
744,C. CRIMES AGAINST WOMEN,Cyber Crimes,Cyber Crimes,3389,559,352,397,2025-09,45,12.784090909090908
745,D.CRIME AGAINST CHILDREN,"Infanticide/ Foeticide 
(Sec. 315 & 316 IPC)",ALL / NOT SPECIFIED,5,0,0,0,2025-09,0,0.0
746,D.CRIME AGAINST CHILDREN,Rape on Minor,ALL / NOT SPECIFIED,0,0,0,0,2025-09,0,0.0
747,D.CRIME AGAINST CHILDREN,Exposure & abandonment (Sec. 317 IPC),ALL / NOT SPECIFIED,51,4,7,7,2025-09,0,0.0
748,D.CRIME AGAINST CHILDREN,Kidnapping & Abduction of Children,ALL / NOT SPECIFIED,2890,318,294,348,2025-09,54,18.367346938775512
749,D.CRIME AGAINST CHILDREN,For Ransom - of Children,ALL / NOT SPECIFIED,6,0,0,1,2025-09,1,100.0
750,D.CRIME AGAINST CHILDREN,of Children - for begging,ALL / NOT SPECIFIED,0,0,0,0,2025-09,0,0.0
751,D.CRIME AGAINST CHILDREN,of Girls - Immoral Purpose,ALL / NOT SPECIFIED,0,0,0,0,2025-09,0,0.0
752,D.CRIME AGAINST CHILDREN,With intent to Steal from Child,ALL / NOT SPECIFIED,0,0,0,0,2025-09,0,0.0
753,D.CRIME AGAINST CHILDREN,Lawful Guardianship,ALL / NOT SPECIFIED,1,0,0,0,2025-09,0,0.0
754,D.CRIME AGAINST CHILDREN,Procuration of Minor Girls - For Prostitution,ALL / NOT SPECIFIED,0,0,0,0,2025-09,0,0.0
755,D.CRIME AGAINST CHILDREN,Procuration of Minor Girls - Importing of Girl,ALL / NOT SPECIFIED,0,0,0,0,2025-09,0,0.0
756,D.CRIME AGAINST CHILDREN,Procuration of Minor Girls - For Other Purposes,ALL / NOT SPECIFIED,11,1,1,2,2025-09,1,100.0
757,D.CRIME AGAINST CHILDREN,Selling of girls for Prostitution (Sec.372 IPC),ALL / NOT SPECIFIED,0,0,0,0,2025-09,0,0.0
758,D.CRIME AGAINST CHILDREN,The Prohibition of Child Marriage Act - 2006,ALL / NOT SPECIFIED,151,11,18,13,2025-09,-5,-27.77777777777778
759,D.CRIME AGAINST CHILDREN,POCSO Act,ALL / NOT SPECIFIED,3332,339,379,338,2025-09,-41,-10.817941952506596
760,D.CRIME AGAINST CHILDREN,Death of Children due to miscarriage,ALL / NOT SPECIFIED,15,0,2,0,2025-09,-2,-100.0
761,D.CRIME AGAINST CHILDREN,Juvenile Justice Act,ALL / NOT SPECIFIED,111,10,5,8,2025-09,3,60.0
762,D.CRIME AGAINST CHILDREN,Child Labour (Pro.& Reg.) Act,ALL / NOT SPECIFIED,65,5,8,4,2025-09,-4,-50.0
763,D.CRIME AGAINST CHILDREN,Probation of Offenders Act,ALL / NOT SPECIFIED,0,1,0,0,2025-09,0,0.0
764,"    E. CRIME AGAINST SCHEDULED CASTES /TRIBES BY NON SCs/STs 
",Murder,ALL / NOT SPECIFIED,74,9,9,6,2025-09,-3,-33.33333333333333
765,"    E. CRIME AGAINST SCHEDULED CASTES /TRIBES BY NON SCs/STs 
",Rape,ALL / NOT SPECIFIED,122,10,16,16,2025-09,0,0.0
766,"    E. CRIME AGAINST SCHEDULED CASTES /TRIBES BY NON SCs/STs 
",Kidnapping,ALL / NOT SPECIFIED,133,15,12,11,2025-09,-1,-8.333333333333332
767,"    E. CRIME AGAINST SCHEDULED CASTES /TRIBES BY NON SCs/STs 
",Offences under the Protection of Civil Rights Act.,ALL / NOT SPECIFIED,7,0,0,0,2025-09,0,0.0
1,A - IPC Crime,"Murder (Sec.302/303 IPC/103,104 BNS)",For gain,28,2,3,1,2025-10,-2,-66.66666666666666
2,A - IPC Crime,"Murder (Sec.302/303 IPC/103,104 BNS)",Over Property Dispute,19,3,2,0,2025-10,-2,-100.0
3,A - IPC Crime,"Murder (Sec.302/303 IPC/103,104 BNS)",Due to Personal Vendetta or enemity,31,0,3,2,2025-10,-1,-33.33333333333333
4,A - IPC Crime,"Murder (Sec.302/303 IPC/103,104 BNS)",Due to Sexual jealousy,21,0,4,1,2025-10,-3,-75.0
5,A - IPC Crime,"Murder (Sec.302/303 IPC/103,104 BNS)",For dowry by burning,1,0,0,0,2025-10,0,0.0
6,A - IPC Crime,"Murder (Sec.302/303 IPC/103,104 BNS)",For dowry by other means,5,1,0,1,2025-10,1,100.0
7,A - IPC Crime,"Murder (Sec.302/303 IPC/103,104 BNS)",Due to Communalism,1,0,0,0,2025-10,0,0.0
8,A - IPC Crime,"Murder (Sec.302/303 IPC/103,104 BNS)",Due to Casteism,1,0,1,0,2025-10,-1,-100.0
9,A - IPC Crime,"Murder (Sec.302/303 IPC/103,104 BNS)",Witch Craft (Sorcery),0,0,0,0,2025-10,0,0.0
10,A - IPC Crime,"Murder (Sec.302/303 IPC/103,104 BNS)",For Human Sacrifice,0,0,0,0,2025-10,0,0.0
11,A - IPC Crime,"Murder (Sec.302/303 IPC/103,104 BNS)",Due to Terrorism/Naxalism / Extremism,0,0,0,0,2025-10,0,0.0
12,A - IPC Crime,"Murder (Sec.302/303 IPC/103,104 BNS)",For Political Reasons,0,0,0,0,2025-10,0,0.0
13,A - IPC Crime,"Murder (Sec.302/303 IPC/103,104 BNS)",Due to Adultery,15,3,2,1,2025-10,-1,-50.0
14,A - IPC Crime,"Murder (Sec.302/303 IPC/103,104 BNS)",Civil Disputes,45,5,1,6,2025-10,5,500.0
15,A - IPC Crime,"Murder (Sec.302/303 IPC/103,104 BNS)",Electoral Gain,0,0,0,0,2025-10,0,0.0
16,A - IPC Crime,"Murder (Sec.302/303 IPC/103,104 BNS)",Gang Rivalry,3,0,0,1,2025-10,1,100.0
17,A - IPC Crime,"Murder (Sec.302/303 IPC/103,104 BNS)",Love Intrigue,23,2,5,2,2025-10,-3,-60.0
18,A - IPC Crime,"Murder (Sec.302/303 IPC/103,104 BNS)",Professional ,0,0,0,0,2025-10,0,0.0
19,A - IPC Crime,"Murder (Sec.302/303 IPC/103,104 BNS)",Psychopathic/Serial Killer/Lunacy,0,0,0,0,2025-10,0,0.0
20,A - IPC Crime,"Murder (Sec.302/303 IPC/103,104 BNS)",Rape with Murder,9,0,1,1,2025-10,0,0.0
21,A - IPC Crime,"Murder (Sec.302/303 IPC/103,104 BNS)",Revenge/Enemity,34,7,3,1,2025-10,-2,-66.66666666666666
22,A - IPC Crime,"Murder (Sec.302/303 IPC/103,104 BNS)",Sudden Quarrel,84,10,11,7,2025-10,-4,-36.36363636363637
23,A - IPC Crime,"Murder (Sec.302/303 IPC/103,104 BNS)",Village Dispute,0,0,0,0,2025-10,0,0.0
24,A - IPC Crime,"Murder (Sec.302/303 IPC/103,104 BNS)",Custodial,0,0,0,0,2025-10,0,0.0
25,A - IPC Crime,"Murder (Sec.302/303 IPC/103,104 BNS)",Due to Other Causes,710,68,68,82,2025-10,14,20.588235294117645
26,A - IPC Crime,ATTEMPT TO MURDER (Sec. 307 IPC/109BNS),For Gain ,15,2,2,3,2025-10,1,50.0
27,A - IPC Crime,ATTEMPT TO MURDER (Sec. 307 IPC/109BNS),Over Property Dispute,66,3,7,6,2025-10,-1,-14.285714285714285
28,A - IPC Crime,ATTEMPT TO MURDER (Sec. 307 IPC/109BNS),Due to Personal Vendetta or enemity,73,5,8,12,2025-10,4,50.0
29,A - IPC Crime,ATTEMPT TO MURDER (Sec. 307 IPC/109BNS),Due to Sexual jealousy,10,3,0,3,2025-10,3,300.0
30,A - IPC Crime,ATTEMPT TO MURDER (Sec. 307 IPC/109BNS),For Dowry other Means,15,2,3,1,2025-10,-2,-66.66666666666666
31,A - IPC Crime,ATTEMPT TO MURDER (Sec. 307 IPC/109BNS),Dowry By Burning,2,0,0,1,2025-10,1,100.0
32,A - IPC Crime,ATTEMPT TO MURDER (Sec. 307 IPC/109BNS),Due to Communalism,2,1,1,0,2025-10,-1,-100.0
33,A - IPC Crime,ATTEMPT TO MURDER (Sec. 307 IPC/109BNS),Due to Casteism,1,0,0,0,2025-10,0,0.0
34,A - IPC Crime,ATTEMPT TO MURDER (Sec. 307 IPC/109BNS),Witch Craft (Sorcery),0,0,0,0,2025-10,0,0.0
35,A - IPC Crime,ATTEMPT TO MURDER (Sec. 307 IPC/109BNS),For Human Sacrifice,0,0,0,0,2025-10,0,0.0
36,A - IPC Crime,ATTEMPT TO MURDER (Sec. 307 IPC/109BNS),Terrorism /Naxalism / Extremism,0,0,0,0,2025-10,0,0.0
37,A - IPC Crime,ATTEMPT TO MURDER (Sec. 307 IPC/109BNS),For Political Reasons,6,0,0,0,2025-10,0,0.0
38,A - IPC Crime,ATTEMPT TO MURDER (Sec. 307 IPC/109BNS),Adultery,11,2,0,1,2025-10,1,100.0
39,A - IPC Crime,ATTEMPT TO MURDER (Sec. 307 IPC/109BNS),Electoral Gain,0,0,0,0,2025-10,0,0.0
40,A - IPC Crime,ATTEMPT TO MURDER (Sec. 307 IPC/109BNS),Gang Rivalry,3,0,0,1,2025-10,1,100.0
41,A - IPC Crime,ATTEMPT TO MURDER (Sec. 307 IPC/109BNS),Love Intrigue,22,0,1,4,2025-10,3,300.0
42,A - IPC Crime,ATTEMPT TO MURDER (Sec. 307 IPC/109BNS),Professional ,6,1,1,0,2025-10,-1,-100.0
43,A - IPC Crime,ATTEMPT TO MURDER (Sec. 307 IPC/109BNS),Rape,1,0,0,0,2025-10,0,0.0
44,A - IPC Crime,ATTEMPT TO MURDER (Sec. 307 IPC/109BNS),Revenge/Enemity,205,19,25,20,2025-10,-5,-20.0
45,A - IPC Crime,ATTEMPT TO MURDER (Sec. 307 IPC/109BNS),Sudden Quarrel,270,16,39,32,2025-10,-7,-17.94871794871795
46,A - IPC Crime,ATTEMPT TO MURDER (Sec. 307 IPC/109BNS),Village Dispute,6,1,1,0,2025-10,-1,-100.0
47,A - IPC Crime,ATTEMPT TO MURDER (Sec. 307 IPC/109BNS),Due to Other Causes,1796,141,199,212,2025-10,13,6.532663316582915
48,A - IPC Crime,ATTEMPT TO MURDER (Sec. 307 IPC/109BNS),Civil Disputes,290,20,15,29,2025-10,14,93.33333333333333
49,A - IPC Crime,CULPABLE HOMICIDE NOT AMOUNTING TO MUDER (Sec.304 IPC/105 BNS),For Gain,0,0,0,0,2025-10,0,0.0
50,A - IPC Crime,CULPABLE HOMICIDE NOT AMOUNTING TO MUDER (Sec.304 IPC/105 BNS),Over Civil Dispute,1,0,0,0,2025-10,0,0.0
51,A - IPC Crime,CULPABLE HOMICIDE NOT AMOUNTING TO MUDER (Sec.304 IPC/105 BNS),Due to Personal Vendetta or enemity,0,0,0,0,2025-10,0,0.0
52,A - IPC Crime,CULPABLE HOMICIDE NOT AMOUNTING TO MUDER (Sec.304 IPC/105 BNS),Due to Sexual jealousy,0,0,0,0,2025-10,0,0.0
53,A - IPC Crime,CULPABLE HOMICIDE NOT AMOUNTING TO MUDER (Sec.304 IPC/105 BNS),For Dowry,0,0,0,0,2025-10,0,0.0
54,A - IPC Crime,CULPABLE HOMICIDE NOT AMOUNTING TO MUDER (Sec.304 IPC/105 BNS),Due to Communalism,0,0,0,0,2025-10,0,0.0
55,A - IPC Crime,CULPABLE HOMICIDE NOT AMOUNTING TO MUDER (Sec.304 IPC/105 BNS),Due to Casteism,0,0,0,0,2025-10,0,0.0
56,A - IPC Crime,CULPABLE HOMICIDE NOT AMOUNTING TO MUDER (Sec.304 IPC/105 BNS),Witch Craft (Sorcery),0,0,0,0,2025-10,0,0.0
57,A - IPC Crime,CULPABLE HOMICIDE NOT AMOUNTING TO MUDER (Sec.304 IPC/105 BNS),For Human Sacrifice,0,0,0,0,2025-10,0,0.0
58,A - IPC Crime,CULPABLE HOMICIDE NOT AMOUNTING TO MUDER (Sec.304 IPC/105 BNS),Terrorism /Naxalism / Extremism,0,0,0,0,2025-10,0,0.0
59,A - IPC Crime,CULPABLE HOMICIDE NOT AMOUNTING TO MUDER (Sec.304 IPC/105 BNS),For Political Reasons,0,0,0,0,2025-10,0,0.0
60,A - IPC Crime,CULPABLE HOMICIDE NOT AMOUNTING TO MUDER (Sec.304 IPC/105 BNS),Adultery,0,0,0,0,2025-10,0,0.0
61,A - IPC Crime,CULPABLE HOMICIDE NOT AMOUNTING TO MUDER (Sec.304 IPC/105 BNS),Property Disputes,0,0,0,0,2025-10,0,0.0
62,A - IPC Crime,CULPABLE HOMICIDE NOT AMOUNTING TO MUDER (Sec.304 IPC/105 BNS),Electoral Gain,4,0,1,0,2025-10,-1,-100.0
63,A - IPC Crime,CULPABLE HOMICIDE NOT AMOUNTING TO MUDER (Sec.304 IPC/105 BNS),Gang Rivalry,0,0,0,0,2025-10,0,0.0
64,A - IPC Crime,CULPABLE HOMICIDE NOT AMOUNTING TO MUDER (Sec.304 IPC/105 BNS),Love Intrigue,0,0,0,0,2025-10,0,0.0
65,A - IPC Crime,CULPABLE HOMICIDE NOT AMOUNTING TO MUDER (Sec.304 IPC/105 BNS),Professional ,1,0,1,0,2025-10,-1,-100.0
66,A - IPC Crime,CULPABLE HOMICIDE NOT AMOUNTING TO MUDER (Sec.304 IPC/105 BNS),Sudden Quarrel,10,0,1,0,2025-10,-1,-100.0
67,A - IPC Crime,CULPABLE HOMICIDE NOT AMOUNTING TO MUDER (Sec.304 IPC/105 BNS),Due to Other Causes,68,7,3,7,2025-10,4,133.33333333333331
68,A - IPC Crime,CULPABLE HOMICIDE NOT AMOUNTING TO MUDER (Sec.304 IPC/105 BNS),Fatal (Drink & Drive),17,0,2,0,2025-10,-2,-100.0
69,A - IPC Crime,ATTEMPT TO CULPABLE HOMICIDE NOT AMOUNTING TO MURDER (Sec. 308 IPC/110 BNS),For Gain,0,0,0,0,2025-10,0,0.0
70,A - IPC Crime,ATTEMPT TO CULPABLE HOMICIDE NOT AMOUNTING TO MURDER (Sec. 308 IPC/110 BNS),Over Civil Dispute,2,0,0,0,2025-10,0,0.0
71,A - IPC Crime,ATTEMPT TO CULPABLE HOMICIDE NOT AMOUNTING TO MURDER (Sec. 308 IPC/110 BNS),Due to Personal Vendetta or enemity,0,0,0,0,2025-10,0,0.0
72,A - IPC Crime,ATTEMPT TO CULPABLE HOMICIDE NOT AMOUNTING TO MURDER (Sec. 308 IPC/110 BNS),Due to Sexual jealousy,0,0,0,0,2025-10,0,0.0
73,A - IPC Crime,ATTEMPT TO CULPABLE HOMICIDE NOT AMOUNTING TO MURDER (Sec. 308 IPC/110 BNS),For Dowry,0,0,0,0,2025-10,0,0.0
74,A - IPC Crime,ATTEMPT TO CULPABLE HOMICIDE NOT AMOUNTING TO MURDER (Sec. 308 IPC/110 BNS),Due to Communalism,0,0,0,0,2025-10,0,0.0
75,A - IPC Crime,ATTEMPT TO CULPABLE HOMICIDE NOT AMOUNTING TO MURDER (Sec. 308 IPC/110 BNS),Due to Casteism,0,0,0,0,2025-10,0,0.0
76,A - IPC Crime,ATTEMPT TO CULPABLE HOMICIDE NOT AMOUNTING TO MURDER (Sec. 308 IPC/110 BNS),Witch Craft (Sorcery),0,0,0,0,2025-10,0,0.0
77,A - IPC Crime,ATTEMPT TO CULPABLE HOMICIDE NOT AMOUNTING TO MURDER (Sec. 308 IPC/110 BNS),For Human Sacrifice,0,0,0,0,2025-10,0,0.0
78,A - IPC Crime,ATTEMPT TO CULPABLE HOMICIDE NOT AMOUNTING TO MURDER (Sec. 308 IPC/110 BNS),Terrorism /Naxalism / Extremism,0,0,0,0,2025-10,0,0.0
79,A - IPC Crime,ATTEMPT TO CULPABLE HOMICIDE NOT AMOUNTING TO MURDER (Sec. 308 IPC/110 BNS),For Political Reasons,0,0,0,0,2025-10,0,0.0
80,A - IPC Crime,ATTEMPT TO CULPABLE HOMICIDE NOT AMOUNTING TO MURDER (Sec. 308 IPC/110 BNS),Due to Other Causes,46,0,6,8,2025-10,2,33.33333333333333
81,A - IPC Crime,ATTEMPT TO CULPABLE HOMICIDE NOT AMOUNTING TO MURDER (Sec. 308 IPC/110 BNS),Adultery,1,0,0,0,2025-10,0,0.0
82,A - IPC Crime,ATTEMPT TO CULPABLE HOMICIDE NOT AMOUNTING TO MURDER (Sec. 308 IPC/110 BNS),Property Disputes,0,0,0,0,2025-10,0,0.0
83,A - IPC Crime,ATTEMPT TO CULPABLE HOMICIDE NOT AMOUNTING TO MURDER (Sec. 308 IPC/110 BNS),Electoral Gain,0,0,0,0,2025-10,0,0.0
84,A - IPC Crime,ATTEMPT TO CULPABLE HOMICIDE NOT AMOUNTING TO MURDER (Sec. 308 IPC/110 BNS),Gang Rivalry,0,0,0,0,2025-10,0,0.0
85,A - IPC Crime,ATTEMPT TO CULPABLE HOMICIDE NOT AMOUNTING TO MURDER (Sec. 308 IPC/110 BNS),Love Intrigue,2,0,0,0,2025-10,0,0.0
86,A - IPC Crime,ATTEMPT TO CULPABLE HOMICIDE NOT AMOUNTING TO MURDER (Sec. 308 IPC/110 BNS),Professional ,0,0,0,0,2025-10,0,0.0
87,A - IPC Crime,ATTEMPT TO CULPABLE HOMICIDE NOT AMOUNTING TO MURDER (Sec. 308 IPC/110 BNS),Sudden Quarrel,7,0,1,1,2025-10,0,0.0
88,A - IPC Crime,"RAPE (Sec.376, 376(A) to 376 (D) IPC/64 TO 71 BNS)",Custodial Rape,0,0,0,0,2025-10,0,0.0
89,A - IPC Crime,"RAPE (Sec.376, 376(A) to 376 (D) IPC/64 TO 71 BNS)",Attempt to Commit,11,0,1,2,2025-10,1,100.0
90,A - IPC Crime,"RAPE (Sec.376, 376(A) to 376 (D) IPC/64 TO 71 BNS)",By a Gang,13,2,0,4,2025-10,4,400.0
91,A - IPC Crime,"RAPE (Sec.376, 376(A) to 376 (D) IPC/64 TO 71 BNS)",By Parents,2,0,0,0,2025-10,0,0.0
92,A - IPC Crime,"RAPE (Sec.376, 376(A) to 376 (D) IPC/64 TO 71 BNS)",By Hospital Staff,4,1,1,0,2025-10,-1,-100.0
93,A - IPC Crime,"RAPE (Sec.376, 376(A) to 376 (D) IPC/64 TO 71 BNS)",By Husband During Sepearation,5,1,1,1,2025-10,0,0.0
94,A - IPC Crime,"RAPE (Sec.376, 376(A) to 376 (D) IPC/64 TO 71 BNS)",By Neighbours,32,1,0,2,2025-10,2,200.0
95,A - IPC Crime,"RAPE (Sec.376, 376(A) to 376 (D) IPC/64 TO 71 BNS)",By Relatives,26,6,1,1,2025-10,0,0.0
96,A - IPC Crime,"RAPE (Sec.376, 376(A) to 376 (D) IPC/64 TO 71 BNS)",In Jail Custody,0,0,0,0,2025-10,0,0.0
97,A - IPC Crime,"RAPE (Sec.376, 376(A) to 376 (D) IPC/64 TO 71 BNS)",In Remand Home,0,0,0,0,2025-10,0,0.0
98,A - IPC Crime,"RAPE (Sec.376, 376(A) to 376 (D) IPC/64 TO 71 BNS)",InCest,0,0,0,0,2025-10,0,0.0
99,A - IPC Crime,"RAPE (Sec.376, 376(A) to 376 (D) IPC/64 TO 71 BNS)",Known Person,278,28,22,21,2025-10,-1,-4.545454545454546
100,A - IPC Crime,"RAPE (Sec.376, 376(A) to 376 (D) IPC/64 TO 71 BNS)",Unknown Person,16,0,1,1,2025-10,0,0.0
101,A - IPC Crime,"RAPE (Sec.376, 376(A) to 376 (D) IPC/64 TO 71 BNS)",Due to Other Causes,174,15,17,18,2025-10,1,5.88235294117647
102,A - IPC Crime,"RAPE (Sec.376, 376(A) to 376 (D) IPC/64 TO 71 BNS)",On Minor,0,0,0,0,2025-10,0,0.0
103,A - IPC Crime,Sexual Intercourse by employing deceitful means (Se 69 BNS),False promises of marriage,168,1,19,29,2025-10,10,52.63157894736842
104,A - IPC Crime,Sexual Intercourse by employing deceitful means (Se 69 BNS),Falsely claiming a job promotion or employment,2,0,0,0,2025-10,0,0.0
105,A - IPC Crime,Sexual Intercourse by employing deceitful means (Se 69 BNS),Suppressing identity to induce marriage,0,0,0,0,2025-10,0,0.0
106,A - IPC Crime,Sexual Intercourse by employing deceitful means (Se 69 BNS),Other,8,0,1,1,2025-10,0,0.0
107,A - IPC Crime,"KIDNAPPING AND ABDUCTION (Sec.360, 361, 363 to 369 IPC/137(1)(A),137(1)(B),137(2),140 TO 142,97 BNS)",Missing - Boy,2226,181,210,264,2025-10,54,25.71428571428571
108,A - IPC Crime,"KIDNAPPING AND ABDUCTION (Sec.360, 361, 363 to 369 IPC/137(1)(A),137(1)(B),137(2),140 TO 142,97 BNS)",Missing - Girl,812,74,83,102,2025-10,19,22.89156626506024
109,A - IPC Crime,"KIDNAPPING AND ABDUCTION (Sec.360, 361, 363 to 369 IPC/137(1)(A),137(1)(B),137(2),140 TO 142,97 BNS)",For Ransom - of Children,6,3,1,0,2025-10,-1,-100.0
110,A - IPC Crime,"KIDNAPPING AND ABDUCTION (Sec.360, 361, 363 to 369 IPC/137(1)(A),137(1)(B),137(2),140 TO 142,97 BNS)",For Ransom - of Cildren for Begging,0,0,0,0,2025-10,0,0.0
111,A - IPC Crime,"KIDNAPPING AND ABDUCTION (Sec.360, 361, 363 to 369 IPC/137(1)(A),137(1)(B),137(2),140 TO 142,97 BNS)",For Ransom - of Women,12,2,3,0,2025-10,-3,-100.0
112,A - IPC Crime,"KIDNAPPING AND ABDUCTION (Sec.360, 361, 363 to 369 IPC/137(1)(A),137(1)(B),137(2),140 TO 142,97 BNS)",For Ransom - of Girls for Immoral Purpose,0,0,0,0,2025-10,0,0.0
113,A - IPC Crime,"KIDNAPPING AND ABDUCTION (Sec.360, 361, 363 to 369 IPC/137(1)(A),137(1)(B),137(2),140 TO 142,97 BNS)",For Ransom - of  Others,50,4,4,5,2025-10,1,25.0
114,A - IPC Crime,"KIDNAPPING AND ABDUCTION (Sec.360, 361, 363 to 369 IPC/137(1)(A),137(1)(B),137(2),140 TO 142,97 BNS)",Procuration of Minor Girls - For Prostitution,0,0,0,0,2025-10,0,0.0
115,A - IPC Crime,"KIDNAPPING AND ABDUCTION (Sec.360, 361, 363 to 369 IPC/137(1)(A),137(1)(B),137(2),140 TO 142,97 BNS)",Procuration of Minor Girls - Importring of Girl,0,0,0,0,2025-10,0,0.0
116,A - IPC Crime,"KIDNAPPING AND ABDUCTION (Sec.360, 361, 363 to 369 IPC/137(1)(A),137(1)(B),137(2),140 TO 142,97 BNS)",Procuration of Minor Girls - For other Purpose,12,0,1,3,2025-10,2,200.0
117,A - IPC Crime,"KIDNAPPING AND ABDUCTION (Sec.360, 361, 363 to 369 IPC/137(1)(A),137(1)(B),137(2),140 TO 142,97 BNS)",Espionage,0,0,0,0,2025-10,0,0.0
118,A - IPC Crime,"KIDNAPPING AND ABDUCTION (Sec.360, 361, 363 to 369 IPC/137(1)(A),137(1)(B),137(2),140 TO 142,97 BNS)",Intent to Steal From Child,0,0,0,0,2025-10,0,0.0
119,A - IPC Crime,"KIDNAPPING AND ABDUCTION (Sec.360, 361, 363 to 369 IPC/137(1)(A),137(1)(B),137(2),140 TO 142,97 BNS)",Murder (Homicide),0,0,0,0,2025-10,0,0.0
120,A - IPC Crime,"KIDNAPPING AND ABDUCTION (Sec.360, 361, 363 to 369 IPC/137(1)(A),137(1)(B),137(2),140 TO 142,97 BNS)",Obtain Signature Forcibly,0,0,0,0,2025-10,0,0.0
121,A - IPC Crime,"KIDNAPPING AND ABDUCTION (Sec.360, 361, 363 to 369 IPC/137(1)(A),137(1)(B),137(2),140 TO 142,97 BNS)",Recovering Loan,2,0,1,0,2025-10,-1,-100.0
122,A - IPC Crime,"KIDNAPPING AND ABDUCTION (Sec.360, 361, 363 to 369 IPC/137(1)(A),137(1)(B),137(2),140 TO 142,97 BNS)",Settling any Disputes,8,0,2,0,2025-10,-2,-100.0
123,A - IPC Crime,"KIDNAPPING AND ABDUCTION (Sec.360, 361, 363 to 369 IPC/137(1)(A),137(1)(B),137(2),140 TO 142,97 BNS)",Unnatural Lust / Illicit Intercourse,0,0,0,0,2025-10,0,0.0
124,A - IPC Crime,"KIDNAPPING AND ABDUCTION (Sec.360, 361, 363 to 369 IPC/137(1)(A),137(1)(B),137(2),140 TO 142,97 BNS)",Wrongful Confinement,10,2,0,1,2025-10,1,100.0
125,A - IPC Crime,"KIDNAPPING AND ABDUCTION (Sec.360, 361, 363 to 369 IPC/137(1)(A),137(1)(B),137(2),140 TO 142,97 BNS)",For Exporting,0,0,0,0,2025-10,0,0.0
126,A - IPC Crime,"KIDNAPPING AND ABDUCTION (Sec.360, 361, 363 to 369 IPC/137(1)(A),137(1)(B),137(2),140 TO 142,97 BNS)",From Lawful Guardianship,5,0,0,1,2025-10,1,100.0
127,A - IPC Crime,"KIDNAPPING AND ABDUCTION (Sec.360, 361, 363 to 369 IPC/137(1)(A),137(1)(B),137(2),140 TO 142,97 BNS)",For Camel Racing Etc.,0,0,0,0,2025-10,0,0.0
128,A - IPC Crime,"KIDNAPPING AND ABDUCTION (Sec.360, 361, 363 to 369 IPC/137(1)(A),137(1)(B),137(2),140 TO 142,97 BNS)",To Compel For Marriage,6,2,0,2,2025-10,2,200.0
129,A - IPC Crime,"KIDNAPPING AND ABDUCTION (Sec.360, 361, 363 to 369 IPC/137(1)(A),137(1)(B),137(2),140 TO 142,97 BNS)",For Slavery,1,0,1,0,2025-10,-1,-100.0
130,A - IPC Crime,"KIDNAPPING AND ABDUCTION (Sec.360, 361, 363 to 369 IPC/137(1)(A),137(1)(B),137(2),140 TO 142,97 BNS)",For Stealing From its Person,1,0,0,0,2025-10,0,0.0
131,A - IPC Crime,"KIDNAPPING AND ABDUCTION (Sec.360, 361, 363 to 369 IPC/137(1)(A),137(1)(B),137(2),140 TO 142,97 BNS)",Others,328,34,29,43,2025-10,14,48.275862068965516
132,A - IPC Crime,"DACOITY (Sec. 395 to 398 IPC/310(2),310(4),311,312 BNS)",At ATM,0,0,0,0,2025-10,0,0.0
133,A - IPC Crime,"DACOITY (Sec. 395 to 398 IPC/310(2),310(4),311,312 BNS)",At Residential Premises,25,0,2,1,2025-10,-1,-50.0
134,A - IPC Crime,"DACOITY (Sec. 395 to 398 IPC/310(2),310(4),311,312 BNS)",On Highways,15,0,1,3,2025-10,2,200.0
135,A - IPC Crime,"DACOITY (Sec. 395 to 398 IPC/310(2),310(4),311,312 BNS)",In Trains,1,0,0,0,2025-10,0,0.0
136,A - IPC Crime,"DACOITY (Sec. 395 to 398 IPC/310(2),310(4),311,312 BNS)",At Banks,1,0,0,0,2025-10,0,0.0
137,A - IPC Crime,"DACOITY (Sec. 395 to 398 IPC/310(2),310(4),311,312 BNS)",At Commercial Places / Establishments,8,2,0,0,2025-10,0,0.0
138,A - IPC Crime,"DACOITY (Sec. 395 to 398 IPC/310(2),310(4),311,312 BNS)",On Other Roads,33,1,7,4,2025-10,-3,-42.857142857142854
139,A - IPC Crime,"DACOITY (Sec. 395 to 398 IPC/310(2),310(4),311,312 BNS)",In Other Places,32,5,2,9,2025-10,7,350.0
140,A - IPC Crime,"DACOITY (Sec. 395 to 398 IPC/310(2),310(4),311,312 BNS)",River & Sea,0,0,0,0,2025-10,0,0.0
141,A - IPC Crime,"DACOITY (Sec. 395 to 398 IPC/310(2),310(4),311,312 BNS)",Preparation And Assembly for Dacoity,53,6,3,6,2025-10,3,100.0
142,A - IPC Crime,"Robbery (Sec.392 to 394 IPC/309(4),309(5),309(6) BNS)",At ATM,0,0,0,0,2025-10,0,0.0
143,A - IPC Crime,"Robbery (Sec.392 to 394 IPC/309(4),309(5),309(6) BNS)",At Residential Premises,83,10,7,13,2025-10,6,85.71428571428571
144,A - IPC Crime,"Robbery (Sec.392 to 394 IPC/309(4),309(5),309(6) BNS)",On Highways,54,3,10,5,2025-10,-5,-50.0
145,A - IPC Crime,"Robbery (Sec.392 to 394 IPC/309(4),309(5),309(6) BNS)",In Trains,1,0,1,0,2025-10,-1,-100.0
146,A - IPC Crime,"Robbery (Sec.392 to 394 IPC/309(4),309(5),309(6) BNS)",At Banks,1,0,1,0,2025-10,-1,-100.0
147,A - IPC Crime,"Robbery (Sec.392 to 394 IPC/309(4),309(5),309(6) BNS)",At Commercial Places / Establishments,36,10,4,3,2025-10,-1,-25.0
148,A - IPC Crime,"Robbery (Sec.392 to 394 IPC/309(4),309(5),309(6) BNS)",In Other Places,274,35,32,35,2025-10,3,9.375
149,A - IPC Crime,"Robbery (Sec.392 to 394 IPC/309(4),309(5),309(6) BNS)",Chain Snatching,390,36,28,36,2025-10,8,28.57142857142857
150,A - IPC Crime,"Robbery (Sec.392 to 394 IPC/309(4),309(5),309(6) BNS)",Attempt to Commit,44,2,7,7,2025-10,0,0.0
151,A - IPC Crime,"BURGLARY - NIGHT (Sec. 380 IPC R/W 453 TO 460, 462 IPC/305,R/W 331(1) TO 331(8),334(2) BNS)",At Residential Premises,2004,234,180,233,2025-10,53,29.444444444444446
152,A - IPC Crime,"BURGLARY - NIGHT (Sec. 380 IPC R/W 453 TO 460, 462 IPC/305,R/W 331(1) TO 331(8),334(2) BNS)",On Highways,1,0,0,0,2025-10,0,0.0
153,A - IPC Crime,"BURGLARY - NIGHT (Sec. 380 IPC R/W 453 TO 460, 462 IPC/305,R/W 331(1) TO 331(8),334(2) BNS)",In Trains,0,0,0,0,2025-10,0,0.0
154,A - IPC Crime,"BURGLARY - NIGHT (Sec. 380 IPC R/W 453 TO 460, 462 IPC/305,R/W 331(1) TO 331(8),334(2) BNS)",At Banks,27,6,6,1,2025-10,-5,-83.33333333333334
155,A - IPC Crime,"BURGLARY - NIGHT (Sec. 380 IPC R/W 453 TO 460, 462 IPC/305,R/W 331(1) TO 331(8),334(2) BNS)",At Commercial Places / Establishments,541,75,52,49,2025-10,-3,-5.769230769230769
156,A - IPC Crime,"BURGLARY - NIGHT (Sec. 380 IPC R/W 453 TO 460, 462 IPC/305,R/W 331(1) TO 331(8),334(2) BNS)",In Other Places,392,47,35,38,2025-10,3,8.571428571428571
157,A - IPC Crime,"BURGLARY - NIGHT (Sec. 380 IPC R/W 453 TO 460, 462 IPC/305,R/W 331(1) TO 331(8),334(2) BNS)",Temple Theft,306,26,33,54,2025-10,21,63.63636363636363
158,A - IPC Crime,"BURGLARY - DAY (Sec. 380 IPC R/W 453 TO 460, 462 IPC/305,R/W 331(1) TO 331(8), 334(2) BNS)",At Residential Premises,796,85,87,71,2025-10,-16,-18.39080459770115
159,A - IPC Crime,"BURGLARY - DAY (Sec. 380 IPC R/W 453 TO 460, 462 IPC/305,R/W 331(1) TO 331(8), 334(2) BNS)",On Highways,0,0,0,0,2025-10,0,0.0
160,A - IPC Crime,"BURGLARY - DAY (Sec. 380 IPC R/W 453 TO 460, 462 IPC/305,R/W 331(1) TO 331(8), 334(2) BNS)",In Trains,0,0,0,0,2025-10,0,0.0
161,A - IPC Crime,"BURGLARY - DAY (Sec. 380 IPC R/W 453 TO 460, 462 IPC/305,R/W 331(1) TO 331(8), 334(2) BNS)",At Banks,1,0,0,0,2025-10,0,0.0
162,A - IPC Crime,"BURGLARY - DAY (Sec. 380 IPC R/W 453 TO 460, 462 IPC/305,R/W 331(1) TO 331(8), 334(2) BNS)",At Commercial Places / Establishments,31,0,3,3,2025-10,0,0.0
163,A - IPC Crime,"BURGLARY - DAY (Sec. 380 IPC R/W 453 TO 460, 462 IPC/305,R/W 331(1) TO 331(8), 334(2) BNS)",In Other Places,35,7,3,3,2025-10,0,0.0
164,A - IPC Crime,"BURGLARY - DAY (Sec. 380 IPC R/W 453 TO 460, 462 IPC/305,R/W 331(1) TO 331(8), 334(2) BNS)",Temple Theft,13,8,3,1,2025-10,-2,-66.66666666666666
165,A - IPC Crime,THEFT (Sec.379 to 389 IPC/303(2) TO 308(7) BNS),Attempt to commit,42,0,5,4,2025-10,-1,-20.0
166,A - IPC Crime,THEFT (Sec.379 to 389 IPC/303(2) TO 308(7) BNS),Of Automobiles - Of Tractors,72,10,3,8,2025-10,5,166.66666666666669
167,A - IPC Crime,THEFT (Sec.379 to 389 IPC/303(2) TO 308(7) BNS),In Running Bus,85,18,6,12,2025-10,6,100.0
168,A - IPC Crime,THEFT (Sec.379 to 389 IPC/303(2) TO 308(7) BNS),Of Snatching,454,41,37,43,2025-10,6,16.216216216216218
169,A - IPC Crime,THEFT (Sec.379 to 389 IPC/303(2) TO 308(7) BNS),At ATM,24,1,3,4,2025-10,1,33.33333333333333
170,A - IPC Crime,THEFT (Sec.379 to 389 IPC/303(2) TO 308(7) BNS),Of Sand,1066,70,79,117,2025-10,38,48.10126582278481
171,A - IPC Crime,THEFT (Sec.379 to 389 IPC/303(2) TO 308(7) BNS),Government Office,31,3,5,5,2025-10,0,0.0
172,A - IPC Crime,THEFT (Sec.379 to 389 IPC/303(2) TO 308(7) BNS),Of Mines,84,2,7,24,2025-10,17,242.85714285714283
173,A - IPC Crime,THEFT (Sec.379 to 389 IPC/303(2) TO 308(7) BNS),Communication And Elec. Wire,232,27,24,23,2025-10,-1,-4.166666666666666
174,A - IPC Crime,THEFT (Sec.379 to 389 IPC/303(2) TO 308(7) BNS),Of Cattle,459,53,59,42,2025-10,-17,-28.8135593220339
175,A - IPC Crime,THEFT (Sec.379 to 389 IPC/303(2) TO 308(7) BNS),Of Cycle,26,5,1,5,2025-10,4,400.0
176,A - IPC Crime,THEFT (Sec.379 to 389 IPC/303(2) TO 308(7) BNS),Of Automobiles - Of Lorries/Trucks,93,4,7,4,2025-10,-3,-42.857142857142854
177,A - IPC Crime,THEFT (Sec.379 to 389 IPC/303(2) TO 308(7) BNS),Of Automobiles - Of Buses,1,0,0,0,2025-10,0,0.0
178,A - IPC Crime,THEFT (Sec.379 to 389 IPC/303(2) TO 308(7) BNS),Of Automobiles - Of Cars / Jeeps,216,20,22,28,2025-10,6,27.27272727272727
179,A - IPC Crime,THEFT (Sec.379 to 389 IPC/303(2) TO 308(7) BNS),Of Automobiles - Of Two Wheelers ,7395,790,689,755,2025-10,66,9.57910014513788
180,A - IPC Crime,THEFT (Sec.379 to 389 IPC/303(2) TO 308(7) BNS),Of Automobies - of Three Wheelers,192,17,10,20,2025-10,10,100.0
181,A - IPC Crime,THEFT (Sec.379 to 389 IPC/303(2) TO 308(7) BNS),Of Accessories of Motor Vehicle,199,25,17,15,2025-10,-2,-11.76470588235294
182,A - IPC Crime,THEFT (Sec.379 to 389 IPC/303(2) TO 308(7) BNS),Govt. Vehicle,2,0,0,0,2025-10,0,0.0
183,A - IPC Crime,THEFT (Sec.379 to 389 IPC/303(2) TO 308(7) BNS),"Electronic Goods (Radio, TV, VCR, Acs, Office Automation Equipments)",841,83,100,79,2025-10,-21,-21.0
184,A - IPC Crime,THEFT (Sec.379 to 389 IPC/303(2) TO 308(7) BNS),Of Fire Arms,9,4,1,1,2025-10,0,0.0
185,A - IPC Crime,THEFT (Sec.379 to 389 IPC/303(2) TO 308(7) BNS),Of Explosives,1,0,0,0,2025-10,0,0.0
186,A - IPC Crime,THEFT (Sec.379 to 389 IPC/303(2) TO 308(7) BNS),Of Cultural - Idols,10,0,2,0,2025-10,-2,-100.0
187,A - IPC Crime,THEFT (Sec.379 to 389 IPC/303(2) TO 308(7) BNS),Of Cultural - Painting,0,0,0,0,2025-10,0,0.0
188,A - IPC Crime,THEFT (Sec.379 to 389 IPC/303(2) TO 308(7) BNS),Of Cultrual - Others,209,13,27,26,2025-10,-1,-3.7037037037037033
189,A - IPC Crime,THEFT (Sec.379 to 389 IPC/303(2) TO 308(7) BNS),Cash,425,41,45,45,2025-10,0,0.0
190,A - IPC Crime,THEFT (Sec.379 to 389 IPC/303(2) TO 308(7) BNS),Jewellery,1238,148,110,117,2025-10,7,6.363636363636363
191,A - IPC Crime,THEFT (Sec.379 to 389 IPC/303(2) TO 308(7) BNS),Other Items Not Included Above,1369,135,114,137,2025-10,23,20.175438596491226
192,A - IPC Crime,THEFT (Sec.379 to 389 IPC/303(2) TO 308(7) BNS),In Running Train,43,8,3,5,2025-10,2,66.66666666666666
193,A - IPC Crime,THEFT (Sec.379 to 389 IPC/303(2) TO 308(7) BNS),Extortion,234,29,21,30,2025-10,9,42.857142857142854
194,A - IPC Crime,THEFT (Sec.379 to 389 IPC/303(2) TO 308(7) BNS),House Theft,1590,170,160,200,2025-10,40,25.0
195,A - IPC Crime,THEFT (Sec.379 to 389 IPC/303(2) TO 308(7) BNS),Servant Theft,434,49,51,55,2025-10,4,7.8431372549019605
196,A - IPC Crime,"RIOTS (Sec.141 to 153 IPC/189(1) TO 189(6),191(1)TO 191(3), 190,192,195 BNS))",Land Dispute,865,54,81,68,2025-10,-13,-16.049382716049383
197,A - IPC Crime,"RIOTS (Sec.141 to 153 IPC/189(1) TO 189(6),191(1)TO 191(3), 190,192,195 BNS))",Employee - Govt.,2,1,0,0,2025-10,0,0.0
198,A - IPC Crime,"RIOTS (Sec.141 to 153 IPC/189(1) TO 189(6),191(1)TO 191(3), 190,192,195 BNS))",Labour - Private Sector,1,0,0,0,2025-10,0,0.0
199,A - IPC Crime,"RIOTS (Sec.141 to 153 IPC/189(1) TO 189(6),191(1)TO 191(3), 190,192,195 BNS))",Labour - Public Sector,1,0,0,0,2025-10,0,0.0
200,A - IPC Crime,"RIOTS (Sec.141 to 153 IPC/189(1) TO 189(6),191(1)TO 191(3), 190,192,195 BNS))",Linguistic,4,0,1,1,2025-10,0,0.0
201,A - IPC Crime,"RIOTS (Sec.141 to 153 IPC/189(1) TO 189(6),191(1)TO 191(3), 190,192,195 BNS))",Political ,4,1,0,0,2025-10,0,0.0
202,A - IPC Crime,"RIOTS (Sec.141 to 153 IPC/189(1) TO 189(6),191(1)TO 191(3), 190,192,195 BNS))",Regional,3,0,0,0,2025-10,0,0.0
203,A - IPC Crime,"RIOTS (Sec.141 to 153 IPC/189(1) TO 189(6),191(1)TO 191(3), 190,192,195 BNS))",Sectarian,0,0,0,0,2025-10,0,0.0
204,A - IPC Crime,"RIOTS (Sec.141 to 153 IPC/189(1) TO 189(6),191(1)TO 191(3), 190,192,195 BNS))",Students,3,1,0,1,2025-10,1,100.0
205,A - IPC Crime,"RIOTS (Sec.141 to 153 IPC/189(1) TO 189(6),191(1)TO 191(3), 190,192,195 BNS))",Tribal,0,0,0,0,2025-10,0,0.0
206,A - IPC Crime,"RIOTS (Sec.141 to 153 IPC/189(1) TO 189(6),191(1)TO 191(3), 190,192,195 BNS))",Due to Village Disputes,11,2,0,1,2025-10,1,100.0
207,A - IPC Crime,"RIOTS (Sec.141 to 153 IPC/189(1) TO 189(6),191(1)TO 191(3), 190,192,195 BNS))",Communal,4,1,1,0,2025-10,-1,-100.0
208,A - IPC Crime,"RIOTS (Sec.141 to 153 IPC/189(1) TO 189(6),191(1)TO 191(3), 190,192,195 BNS))",Industrial,3,0,0,0,2025-10,0,0.0
209,A - IPC Crime,"RIOTS (Sec.141 to 153 IPC/189(1) TO 189(6),191(1)TO 191(3), 190,192,195 BNS))",Caste,5,0,2,0,2025-10,-2,-100.0
210,A - IPC Crime,"RIOTS (Sec.141 to 153 IPC/189(1) TO 189(6),191(1)TO 191(3), 190,192,195 BNS))",Agrarian,0,0,0,0,2025-10,0,0.0
211,A - IPC Crime,"RIOTS (Sec.141 to 153 IPC/189(1) TO 189(6),191(1)TO 191(3), 190,192,195 BNS))",Others,1952,146,179,204,2025-10,25,13.966480446927374
212,A - IPC Crime,"OFFENCES AGAINST STATE (Sec. 121 to 130, except 124(A) IPC/147 TO 158 BNS)",ALL / NOT SPECIFIED,0,0,0,0,2025-10,0,0.0
213,A - IPC Crime,"OFFENCES PROMOTING ENEMITY (Sec. 153(A), 154(B) & 505 IPC/196, 197 & 353 BNS",ALL / NOT SPECIFIED,169,10,19,17,2025-10,-2,-10.526315789473683
214,A - IPC Crime,CRIMINAL BREACH OF TRUST (Sec. 406 to 409 IPC/316(2) to 316(5) BNS),ALL / NOT SPECIFIED,611,42,68,56,2025-10,-12,-17.647058823529413
215,A - IPC Crime,"CHEATING (Sec.417 to 420 IPC/318(2)to 318(4), 319(2) BNS)",ALL / NOT SPECIFIED,4730,472,509,508,2025-10,-1,-0.19646365422396855
216,A - IPC Crime,"COUNTERFEITING (Sec. 231 to 263 (A), 489(A) to 489 (E) IPC/178 TO 185 BNS)","Stock Share, Debentrue Certificate",0,0,0,0,2025-10,0,0.0
217,A - IPC Crime,"COUNTERFEITING (Sec. 231 to 263 (A), 489(A) to 489 (E) IPC/178 TO 185 BNS)",Usage of Counterfeit Stamp,0,0,0,0,2025-10,0,0.0
218,A - IPC Crime,"COUNTERFEITING (Sec. 231 to 263 (A), 489(A) to 489 (E) IPC/178 TO 185 BNS)",Of Coins (Sec 231 to 254 IPC),0,0,0,0,2025-10,0,0.0
219,A - IPC Crime,"COUNTERFEITING (Sec. 231 to 263 (A), 489(A) to 489 (E) IPC/178 TO 185 BNS)",Of Stamps (Sec.255 to 263(A) IPC),0,0,0,0,2025-10,0,0.0
220,A - IPC Crime,"COUNTERFEITING (Sec. 231 to 263 (A), 489(A) to 489 (E) IPC/178 TO 185 BNS)",Of Currency Notes And Bank Notes (Sec. 489 (A) to 489 (E) IPC),27,1,0,2,2025-10,2,200.0
221,A - IPC Crime,"COUNTERFEITING (Sec. 231 to 263 (A), 489(A) to 489 (E) IPC/178 TO 185 BNS)",Of Others,0,1,0,0,2025-10,0,0.0
222,A - IPC Crime,"FORGERY (Sec. 465, 468, 471, 473, 476, 477 & 477(A) IPC/336(2),336(3),340(2),341(2),342(2),343,
344 BNS)",Forgery  ,373,29,40,39,2025-10,-1,-2.5
223,A - IPC Crime,"FORGERY (Sec. 465, 468, 471, 473, 476, 477 & 477(A) IPC/336(2),336(3),340(2),341(2),342(2),343,
344 BNS)",Organised (Racket),0,0,0,0,2025-10,0,0.0
224,A - IPC Crime,"FORGERY (Sec. 465, 468, 471, 473, 476, 477 & 477(A) IPC/336(2),336(3),340(2),341(2),342(2),343,
344 BNS)",Forgery of Passport,0,0,0,0,2025-10,0,0.0
225,A - IPC Crime,"FORGERY (Sec. 465, 468, 471, 473, 476, 477 & 477(A) IPC/336(2),336(3),340(2),341(2),342(2),343,
344 BNS)",Other Forgery,131,13,22,5,2025-10,-17,-77.27272727272727
226,A - IPC Crime,"CASES OF HURT (Sec. 323 to 335 IPC except 328, 332, 333/115(2) TO 122(2) EXCEPT 121(1),121(2) BNS)",Acid Attack (326(a)),6,0,0,0,2025-10,0,0.0
227,A - IPC Crime,"CASES OF HURT (Sec. 323 to 335 IPC except 328, 332, 333/115(2) TO 122(2) EXCEPT 121(1),121(2) BNS)",Attempt to Acid Attack (326(b)),1,0,0,0,2025-10,0,0.0
228,A - IPC Crime,"CASES OF HURT (Sec. 323 to 335 IPC except 328, 332, 333/115(2) TO 122(2) EXCEPT 121(1),121(2) BNS)",Grievous Hurt,1004,103,75,89,2025-10,14,18.666666666666668
229,A - IPC Crime,"CASES OF HURT (Sec. 323 to 335 IPC except 328, 332, 333/115(2) TO 122(2) EXCEPT 121(1),121(2) BNS)",Simple Hurt,12839,1177,1243,1317,2025-10,74,5.953338696701529
230,A - IPC Crime,"CASES OF HURT (Sec. 323 to 335 IPC except 328, 332, 333/115(2) TO 122(2) EXCEPT 121(1),121(2) BNS)",Custodial,2,0,0,1,2025-10,1,100.0
231,A - IPC Crime,"ADULTERATION (Sec. 272, 273 to 276 IPC/274,275 TO 278 BNS)",Attempt to Commit,0,0,0,0,2025-10,0,0.0
232,A - IPC Crime,"ADULTERATION (Sec. 272, 273 to 276 IPC/274,275 TO 278 BNS)",Alcoholic Drink (Liquor),4,0,0,0,2025-10,0,0.0
233,A - IPC Crime,"ADULTERATION (Sec. 272, 273 to 276 IPC/274,275 TO 278 BNS)",Cement & Chemical/Fertiliser,0,0,0,0,2025-10,0,0.0
234,A - IPC Crime,"ADULTERATION (Sec. 272, 273 to 276 IPC/274,275 TO 278 BNS)",Cosmetics,0,0,0,0,2025-10,0,0.0
235,A - IPC Crime,"ADULTERATION (Sec. 272, 273 to 276 IPC/274,275 TO 278 BNS)",Diesel,0,0,0,0,2025-10,0,0.0
236,A - IPC Crime,"ADULTERATION (Sec. 272, 273 to 276 IPC/274,275 TO 278 BNS)",Drug/Medicine,5,0,1,0,2025-10,-1,-100.0
237,A - IPC Crime,"ADULTERATION (Sec. 272, 273 to 276 IPC/274,275 TO 278 BNS)",Edible Oil,0,0,0,0,2025-10,0,0.0
238,A - IPC Crime,"ADULTERATION (Sec. 272, 273 to 276 IPC/274,275 TO 278 BNS)",Food Grain,2,0,0,0,2025-10,0,0.0
239,A - IPC Crime,"ADULTERATION (Sec. 272, 273 to 276 IPC/274,275 TO 278 BNS)",Kerosene,0,0,0,0,2025-10,0,0.0
240,A - IPC Crime,"ADULTERATION (Sec. 272, 273 to 276 IPC/274,275 TO 278 BNS)",Life Saving Drug,0,0,0,0,2025-10,0,0.0
241,A - IPC Crime,"ADULTERATION (Sec. 272, 273 to 276 IPC/274,275 TO 278 BNS)",Mobile Oil,0,0,0,0,2025-10,0,0.0
242,A - IPC Crime,"ADULTERATION (Sec. 272, 273 to 276 IPC/274,275 TO 278 BNS)",Petrol,0,0,0,0,2025-10,0,0.0
243,A - IPC Crime,"ADULTERATION (Sec. 272, 273 to 276 IPC/274,275 TO 278 BNS)",Petroleum Product,0,0,0,0,2025-10,0,0.0
244,A - IPC Crime,"ADULTERATION (Sec. 272, 273 to 276 IPC/274,275 TO 278 BNS)",Soft Drinks,0,0,0,0,2025-10,0,0.0
245,A - IPC Crime,"ADULTERATION (Sec. 272, 273 to 276 IPC/274,275 TO 278 BNS)",Spices,0,0,0,0,2025-10,0,0.0
246,A - IPC Crime,"ADULTERATION (Sec. 272, 273 to 276 IPC/274,275 TO 278 BNS)",Others,7,1,0,0,2025-10,0,0.0
247,A - IPC Crime,AFFRAY (Sec. 160 IPC/194(2) BNS),ALL / NOT SPECIFIED,603,38,72,57,2025-10,-15,-20.833333333333336
248,A - IPC Crime,"ARSON (Sec. 435, 436, 438 IPC/326(f),326(g),327(g) BNS)",Agricultural Produce,32,8,0,1,2025-10,1,100.0
249,A - IPC Crime,"ARSON (Sec. 435, 436, 438 IPC/326(f),326(g),327(g) BNS)",Attemp to Commit,0,0,0,0,2025-10,0,0.0
250,A - IPC Crime,"ARSON (Sec. 435, 436, 438 IPC/326(f),326(g),327(g) BNS)",Boat / Ship,0,0,0,0,2025-10,0,0.0
251,A - IPC Crime,"ARSON (Sec. 435, 436, 438 IPC/326(f),326(g),327(g) BNS)",Dwelling House,17,1,2,1,2025-10,-1,-50.0
252,A - IPC Crime,"ARSON (Sec. 435, 436, 438 IPC/326(f),326(g),327(g) BNS)",Educational Institution,1,0,0,0,2025-10,0,0.0
253,A - IPC Crime,"ARSON (Sec. 435, 436, 438 IPC/326(f),326(g),327(g) BNS)",Govt. Property,3,1,0,0,2025-10,0,0.0
254,A - IPC Crime,"ARSON (Sec. 435, 436, 438 IPC/326(f),326(g),327(g) BNS)",Industrial Establishment,0,0,0,0,2025-10,0,0.0
255,A - IPC Crime,"ARSON (Sec. 435, 436, 438 IPC/326(f),326(g),327(g) BNS)",Place of worship,1,0,0,0,2025-10,0,0.0
256,A - IPC Crime,"ARSON (Sec. 435, 436, 438 IPC/326(f),326(g),327(g) BNS)",Public Place,9,1,1,0,2025-10,-1,-100.0
257,A - IPC Crime,"ARSON (Sec. 435, 436, 438 IPC/326(f),326(g),327(g) BNS)",Railway Property,0,0,0,0,2025-10,0,0.0
258,A - IPC Crime,"ARSON (Sec. 435, 436, 438 IPC/326(f),326(g),327(g) BNS)",Vital Installation,0,0,0,0,2025-10,0,0.0
259,A - IPC Crime,"ARSON (Sec. 435, 436, 438 IPC/326(f),326(g),327(g) BNS)",Warehouse (Godown),2,1,0,0,2025-10,0,0.0
260,A - IPC Crime,"ARSON (Sec. 435, 436, 438 IPC/326(f),326(g),327(g) BNS)",Others,94,7,7,9,2025-10,2,28.57142857142857
261,A - IPC Crime,"ASSAULT (Sec 356, 357 IPC/134,135 BNS)",Attempt To Commit,5,0,1,0,2025-10,-1,-100.0
262,A - IPC Crime,"ASSAULT (Sec 356, 357 IPC/134,135 BNS)",On Contractor,1,0,1,0,2025-10,-1,-100.0
263,A - IPC Crime,"ASSAULT (Sec 356, 357 IPC/134,135 BNS)",On Domestic Servant,0,0,0,0,2025-10,0,0.0
264,A - IPC Crime,"ASSAULT (Sec 356, 357 IPC/134,135 BNS)",On Labourer,2,0,0,0,2025-10,0,0.0
265,A - IPC Crime,"ASSAULT (Sec 356, 357 IPC/134,135 BNS)",On Man (General),12,4,1,1,2025-10,0,0.0
266,A - IPC Crime,"ASSAULT (Sec 356, 357 IPC/134,135 BNS)",On Man (SC),0,0,0,0,2025-10,0,0.0
267,A - IPC Crime,"ASSAULT (Sec 356, 357 IPC/134,135 BNS)",On Man (ST),0,0,0,0,2025-10,0,0.0
268,A - IPC Crime,"ASSAULT (Sec 356, 357 IPC/134,135 BNS)",On Manager/Executive (Other Than Public Servant),0,0,0,0,2025-10,0,0.0
269,A - IPC Crime,"ASSAULT (Sec 356, 357 IPC/134,135 BNS)","On Member of Clergy (Christian, Budhist, Jain, Sikh)",1,0,0,1,2025-10,1,100.0
270,A - IPC Crime,"ASSAULT (Sec 356, 357 IPC/134,135 BNS)",Member of Legislative Assembly / Council (MLA/MLC),0,0,0,0,2025-10,0,0.0
271,A - IPC Crime,"ASSAULT (Sec 356, 357 IPC/134,135 BNS)",On Member of Parliament (MP),0,0,0,0,2025-10,0,0.0
272,A - IPC Crime,"ASSAULT (Sec 356, 357 IPC/134,135 BNS)",On other Dignitaries /Public Figures,2,0,1,0,2025-10,-1,-100.0
273,A - IPC Crime,"ASSAULT (Sec 356, 357 IPC/134,135 BNS)",On Press,0,0,0,0,2025-10,0,0.0
274,A - IPC Crime,"ASSAULT (Sec 356, 357 IPC/134,135 BNS)",On Professional ,0,0,0,0,2025-10,0,0.0
275,A - IPC Crime,"ASSAULT (Sec 356, 357 IPC/134,135 BNS)",On Public Servant,0,0,0,0,2025-10,0,0.0
276,A - IPC Crime,"ASSAULT (Sec 356, 357 IPC/134,135 BNS)",On Student,0,0,0,0,2025-10,0,0.0
277,A - IPC Crime,"ASSAULT (Sec 356, 357 IPC/134,135 BNS)",On Teacher,0,0,0,0,2025-10,0,0.0
278,A - IPC Crime,"ASSAULT (Sec 356, 357 IPC/134,135 BNS)",On Women (General),1,1,0,1,2025-10,1,100.0
279,A - IPC Crime,"ASSAULT (Sec 356, 357 IPC/134,135 BNS)",On Woman (SC),0,0,0,0,2025-10,0,0.0
280,A - IPC Crime,"ASSAULT (Sec 356, 357 IPC/134,135 BNS)",On Woman (ST),0,0,0,0,2025-10,0,0.0
281,A - IPC Crime,COMMUNAL / RELIGION (Sec. 295 to 297 IPC/298 TO 301 BNS),Attempt to Commit,3,1,1,0,2025-10,-1,-100.0
282,A - IPC Crime,COMMUNAL / RELIGION (Sec. 295 to 297 IPC/298 TO 301 BNS),Caste Issue,5,1,1,0,2025-10,-1,-100.0
283,A - IPC Crime,COMMUNAL / RELIGION (Sec. 295 to 297 IPC/298 TO 301 BNS),Communal Issue,59,14,12,9,2025-10,-3,-25.0
284,A - IPC Crime,COMMUNAL / RELIGION (Sec. 295 to 297 IPC/298 TO 301 BNS),Linguistic Issue,0,0,0,0,2025-10,0,0.0
285,A - IPC Crime,COMMUNAL / RELIGION (Sec. 295 to 297 IPC/298 TO 301 BNS),Political Issue,1,0,0,0,2025-10,0,0.0
286,A - IPC Crime,COMMUNAL / RELIGION (Sec. 295 to 297 IPC/298 TO 301 BNS),Racial/Ethnic Issue,0,0,0,0,2025-10,0,0.0
287,A - IPC Crime,COMMUNAL / RELIGION (Sec. 295 to 297 IPC/298 TO 301 BNS),Regional Issue,17,2,4,2,2025-10,-2,-50.0
288,A - IPC Crime,COMMUNAL / RELIGION (Sec. 295 to 297 IPC/298 TO 301 BNS),Religious Issue,85,11,12,9,2025-10,-3,-25.0
289,A - IPC Crime,COMMUNAL / RELIGION (Sec. 295 to 297 IPC/298 TO 301 BNS),Sectarian Issue,0,0,0,0,2025-10,0,0.0
290,A - IPC Crime,COMMUNAL / RELIGION (Sec. 295 to 297 IPC/298 TO 301 BNS),Others,72,3,8,6,2025-10,-2,-25.0
291,A - IPC Crime,"CRIMINAL CONSPIRACY (Sec. 120(B), 121(A) IPC/61(2),148 BNS)",Conspiracy To Wage War,0,0,0,0,2025-10,0,0.0
292,A - IPC Crime,"CRIMINAL CONSPIRACY (Sec. 120(B), 121(A) IPC/61(2),148 BNS)",Related to Substantive Offence,1,0,0,1,2025-10,1,100.0
293,A - IPC Crime,"CRIMINAL CONSPIRACY (Sec. 120(B), 121(A) IPC/61(2),148 BNS)",Others,13,2,3,1,2025-10,-2,-66.66666666666666
294,A - IPC Crime,CRIMINAL INTIMIDATION (Sec. 504 to 508 IPC/352 TO 354 BNS),N A,2725,229,297,265,2025-10,-32,-10.774410774410773
295,A - IPC Crime,"CRIMINAL MISAPPROPRIATION (Sec. 403, 404 IPC/314,315 BNS)",Attempt to Commit,0,0,0,0,2025-10,0,0.0
296,A - IPC Crime,"CRIMINAL MISAPPROPRIATION (Sec. 403, 404 IPC/314,315 BNS)",Bank,1,0,0,0,2025-10,0,0.0
297,A - IPC Crime,"CRIMINAL MISAPPROPRIATION (Sec. 403, 404 IPC/314,315 BNS)",Business Establishment,1,0,0,0,2025-10,0,0.0
298,A - IPC Crime,"CRIMINAL MISAPPROPRIATION (Sec. 403, 404 IPC/314,315 BNS)",Charitable Organisation,0,0,0,0,2025-10,0,0.0
299,A - IPC Crime,"CRIMINAL MISAPPROPRIATION (Sec. 403, 404 IPC/314,315 BNS)",Chitfund Organisation,0,0,0,0,2025-10,0,0.0
300,A - IPC Crime,"CRIMINAL MISAPPROPRIATION (Sec. 403, 404 IPC/314,315 BNS)",Co-operative Organisation,3,0,0,0,2025-10,0,0.0
301,A - IPC Crime,"CRIMINAL MISAPPROPRIATION (Sec. 403, 404 IPC/314,315 BNS)",Commercial Establishment/Shop,0,0,0,0,2025-10,0,0.0
302,A - IPC Crime,"CRIMINAL MISAPPROPRIATION (Sec. 403, 404 IPC/314,315 BNS)",Customs Department,0,0,0,0,2025-10,0,0.0
303,A - IPC Crime,"CRIMINAL MISAPPROPRIATION (Sec. 403, 404 IPC/314,315 BNS)",Excise Department,0,0,0,0,2025-10,0,0.0
304,A - IPC Crime,"CRIMINAL MISAPPROPRIATION (Sec. 403, 404 IPC/314,315 BNS)",Financial Institution,1,0,0,0,2025-10,0,0.0
305,A - IPC Crime,"CRIMINAL MISAPPROPRIATION (Sec. 403, 404 IPC/314,315 BNS)",Income Tax Department,0,0,0,1,2025-10,1,100.0
306,A - IPC Crime,"CRIMINAL MISAPPROPRIATION (Sec. 403, 404 IPC/314,315 BNS)",Other Government Organisation,1,0,0,0,2025-10,0,0.0
307,A - IPC Crime,"CRIMINAL MISAPPROPRIATION (Sec. 403, 404 IPC/314,315 BNS)",Postal Department,0,0,0,0,2025-10,0,0.0
308,A - IPC Crime,"CRIMINAL MISAPPROPRIATION (Sec. 403, 404 IPC/314,315 BNS)",Public Sector Undertakings,0,0,0,0,2025-10,0,0.0
309,A - IPC Crime,"CRIMINAL MISAPPROPRIATION (Sec. 403, 404 IPC/314,315 BNS)",Railway Department,0,0,0,0,2025-10,0,0.0
310,A - IPC Crime,"CRIMINAL MISAPPROPRIATION (Sec. 403, 404 IPC/314,315 BNS)",Revenue Department,0,0,0,0,2025-10,0,0.0
311,A - IPC Crime,"CRIMINAL MISAPPROPRIATION (Sec. 403, 404 IPC/314,315 BNS)",Sales Tax Department,0,0,0,0,2025-10,0,0.0
312,A - IPC Crime,"CRIMINAL MISAPPROPRIATION (Sec. 403, 404 IPC/314,315 BNS)",Social Organisation (Aided) (N),0,0,0,0,2025-10,0,0.0
313,A - IPC Crime,"CRIMINAL MISAPPROPRIATION (Sec. 403, 404 IPC/314,315 BNS)",Transport Authority,0,0,0,0,2025-10,0,0.0
314,A - IPC Crime,"CRIMINAL MISAPPROPRIATION (Sec. 403, 404 IPC/314,315 BNS)",Trust - Other than religious,1,0,0,0,2025-10,0,0.0
315,A - IPC Crime,"CRIMINAL MISAPPROPRIATION (Sec. 403, 404 IPC/314,315 BNS)",Trust - Religious,0,0,0,0,2025-10,0,0.0
316,A - IPC Crime,"CRIMINAL MISAPPROPRIATION (Sec. 403, 404 IPC/314,315 BNS)",Others,9,1,3,2,2025-10,-1,-33.33333333333333
317,A - IPC Crime,CRIMINAL TRESPASS (Sec.447 to 452 IPC/329(3) TO 333 BNS),Attempt to Commit,9,1,0,1,2025-10,1,100.0
318,A - IPC Crime,CRIMINAL TRESPASS (Sec.447 to 452 IPC/329(3) TO 333 BNS),Club,4,1,0,0,2025-10,0,0.0
319,A - IPC Crime,CRIMINAL TRESPASS (Sec.447 to 452 IPC/329(3) TO 333 BNS),Hostel,5,0,0,3,2025-10,3,300.0
320,A - IPC Crime,CRIMINAL TRESPASS (Sec.447 to 452 IPC/329(3) TO 333 BNS),Hotel,10,2,2,1,2025-10,-1,-50.0
321,A - IPC Crime,CRIMINAL TRESPASS (Sec.447 to 452 IPC/329(3) TO 333 BNS),House,608,64,48,74,2025-10,26,54.166666666666664
322,A - IPC Crime,CRIMINAL TRESPASS (Sec.447 to 452 IPC/329(3) TO 333 BNS),Land,1420,100,141,115,2025-10,-26,-18.439716312056735
323,A - IPC Crime,CRIMINAL TRESPASS (Sec.447 to 452 IPC/329(3) TO 333 BNS),Office,52,4,4,4,2025-10,0,0.0
324,A - IPC Crime,CRIMINAL TRESPASS (Sec.447 to 452 IPC/329(3) TO 333 BNS),Prohibited Places,12,3,1,2,2025-10,1,100.0
325,A - IPC Crime,CRIMINAL TRESPASS (Sec.447 to 452 IPC/329(3) TO 333 BNS),Religious Place,8,1,1,1,2025-10,0,0.0
326,A - IPC Crime,CRIMINAL TRESPASS (Sec.447 to 452 IPC/329(3) TO 333 BNS),Restricted Area,8,1,0,3,2025-10,3,300.0
327,A - IPC Crime,CRIMINAL TRESPASS (Sec.447 to 452 IPC/329(3) TO 333 BNS),Others,171,7,19,20,2025-10,1,5.263157894736842
328,A - IPC Crime,CRUELTY BY HUSBAND (Sec. 498(A) IPC/85 BNS),Husband ,879,77,85,97,2025-10,12,14.117647058823529
329,A - IPC Crime,CRUELTY BY HUSBAND (Sec. 498(A) IPC/85 BNS),Husband And Relative(S) in Law,1097,114,107,119,2025-10,12,11.214953271028037
330,A - IPC Crime,CRUELTY BY HUSBAND (Sec. 498(A) IPC/85 BNS),Relative(S) in Law,30,1,7,2,2025-10,-5,-71.42857142857143
331,A - IPC Crime,CRUELTY BY HUSBAND (Sec. 498(A) IPC/85 BNS),Dowry Harassment,383,24,46,52,2025-10,6,13.043478260869565
332,A - IPC Crime,DOWRY DEATHS (Sec.304(B) IPC/80 BNS),By Husband  ,2,0,0,1,2025-10,1,100.0
333,A - IPC Crime,DOWRY DEATHS (Sec.304(B) IPC/80 BNS),By Husband And Relatives In Law,33,4,2,6,2025-10,4,200.0
334,A - IPC Crime,DOWRY DEATHS (Sec.304(B) IPC/80 BNS),By Relatives in Law,1,0,0,0,2025-10,0,0.0
335,A - IPC Crime,DOWRY DEATHS (Sec.304(B) IPC/80 BNS),By Burning,1,0,0,0,2025-10,0,0.0
336,A - IPC Crime,DOWRY DEATHS (Sec.304(B) IPC/80 BNS),By Hanging,52,4,4,5,2025-10,1,25.0
337,A - IPC Crime,DOWRY DEATHS (Sec.304(B) IPC/80 BNS),By Other Means,9,1,0,1,2025-10,1,100.0
338,A - IPC Crime,DEATHS DUE TO RASHNESS/NEGLIGENCE (Sec.304(A) IPC/106 BNS),Electrocution,20,0,4,1,2025-10,-3,-75.0
339,A - IPC Crime,DEATHS DUE TO RASHNESS/NEGLIGENCE (Sec.304(A) IPC/106 BNS),Adulterated Food/Drug,0,0,0,0,2025-10,0,0.0
340,A - IPC Crime,DEATHS DUE TO RASHNESS/NEGLIGENCE (Sec.304(A) IPC/106 BNS),Accident by Air,0,0,0,0,2025-10,0,0.0
341,A - IPC Crime,DEATHS DUE TO RASHNESS/NEGLIGENCE (Sec.304(A) IPC/106 BNS),Boad Accident,1,0,0,1,2025-10,1,100.0
342,A - IPC Crime,DEATHS DUE TO RASHNESS/NEGLIGENCE (Sec.304(A) IPC/106 BNS),Bridge/Dam Collapse,1,0,0,0,2025-10,0,0.0
343,A - IPC Crime,DEATHS DUE TO RASHNESS/NEGLIGENCE (Sec.304(A) IPC/106 BNS),Building Collapse,4,0,0,1,2025-10,1,100.0
344,A - IPC Crime,DEATHS DUE TO RASHNESS/NEGLIGENCE (Sec.304(A) IPC/106 BNS),Caused By Animal,0,0,0,0,2025-10,0,0.0
345,A - IPC Crime,DEATHS DUE TO RASHNESS/NEGLIGENCE (Sec.304(A) IPC/106 BNS),Death Due to Other Cause,55,13,7,5,2025-10,-2,-28.57142857142857
346,A - IPC Crime,DEATHS DUE TO RASHNESS/NEGLIGENCE (Sec.304(A) IPC/106 BNS),Electrocution Accident,35,4,1,6,2025-10,5,500.0
347,A - IPC Crime,DEATHS DUE TO RASHNESS/NEGLIGENCE (Sec.304(A) IPC/106 BNS),Explosion Accident,1,0,0,0,2025-10,0,0.0
348,A - IPC Crime,DEATHS DUE TO RASHNESS/NEGLIGENCE (Sec.304(A) IPC/106 BNS),Fire accident,2,0,0,2,2025-10,2,200.0
349,A - IPC Crime,DEATHS DUE TO RASHNESS/NEGLIGENCE (Sec.304(A) IPC/106 BNS),Gas Leakage Accident,4,0,1,1,2025-10,0,0.0
350,A - IPC Crime,DEATHS DUE TO RASHNESS/NEGLIGENCE (Sec.304(A) IPC/106 BNS),Improper Infrastucture In Construction,76,5,9,14,2025-10,5,55.55555555555556
351,A - IPC Crime,DEATHS DUE TO RASHNESS/NEGLIGENCE (Sec.304(A) IPC/106 BNS),Improper Medical Treatment,4,0,0,0,2025-10,0,0.0
352,A - IPC Crime,DEATHS DUE TO RASHNESS/NEGLIGENCE (Sec.304(A) IPC/106 BNS),In Custody of Public Servant,0,0,0,0,2025-10,0,0.0
353,A - IPC Crime,DEATHS DUE TO RASHNESS/NEGLIGENCE (Sec.304(A) IPC/106 BNS),In Jail/Judicial Custody,0,0,0,0,2025-10,0,0.0
354,A - IPC Crime,DEATHS DUE TO RASHNESS/NEGLIGENCE (Sec.304(A) IPC/106 BNS),In Police Custody,0,0,0,0,2025-10,0,0.0
355,A - IPC Crime,DEATHS DUE TO RASHNESS/NEGLIGENCE (Sec.304(A) IPC/106 BNS),Industrial Accident (Factory),7,0,1,1,2025-10,0,0.0
356,A - IPC Crime,DEATHS DUE TO RASHNESS/NEGLIGENCE (Sec.304(A) IPC/106 BNS),Inflammable Substance,0,0,0,0,2025-10,0,0.0
357,A - IPC Crime,DEATHS DUE TO RASHNESS/NEGLIGENCE (Sec.304(A) IPC/106 BNS),Mine Accident,2,1,0,0,2025-10,0,0.0
358,A - IPC Crime,DEATHS DUE TO RASHNESS/NEGLIGENCE (Sec.304(A) IPC/106 BNS),Poisonous Substance,0,0,0,0,2025-10,0,0.0
359,A - IPC Crime,DEATHS DUE TO RASHNESS/NEGLIGENCE (Sec.304(A) IPC/106 BNS),Quarry Accident,0,0,0,0,2025-10,0,0.0
360,A - IPC Crime,DEATHS DUE TO RASHNESS/NEGLIGENCE (Sec.304(A) IPC/106 BNS),Spurious Liquor (Hooch) Accident,0,0,0,0,2025-10,0,0.0
361,A - IPC Crime,DEATHS DUE TO RASHNESS/NEGLIGENCE (Sec.304(A) IPC/106 BNS),Railway Accident,0,1,0,0,2025-10,0,0.0
362,A - IPC Crime,DEATHS DUE TO RASHNESS/NEGLIGENCE (Sec.304(A) IPC/106 BNS),Others,59,15,3,4,2025-10,1,33.33333333333333
363,A - IPC Crime,MOTOR VEHICLE ACCIDENTS FATAL (Sec.304(A) IPC/106 BNS),National Highways,3329,364,293,323,2025-10,30,10.238907849829351
364,A - IPC Crime,MOTOR VEHICLE ACCIDENTS FATAL (Sec.304(A) IPC/106 BNS),State Highways,2541,247,211,233,2025-10,22,10.42654028436019
365,A - IPC Crime,MOTOR VEHICLE ACCIDENTS FATAL (Sec.304(A) IPC/106 BNS),Other Roads,3369,327,268,296,2025-10,28,10.44776119402985
366,A - IPC Crime,MOTOR VEHICLE ACCIDENTS FATAL (Sec.304(A) IPC/106 BNS),Other Places,132,9,12,13,2025-10,1,8.333333333333332
367,A - IPC Crime,"MOTOR VEHICLE ACCIDENTS NON-FATAL (Sec.279, 337, 338 IPC/281,125(a),125(b) BNS)",National Highways,8470,882,766,932,2025-10,166,21.671018276762403
368,A - IPC Crime,"MOTOR VEHICLE ACCIDENTS NON-FATAL (Sec.279, 337, 338 IPC/281,125(a),125(b) BNS)",State Highways,5866,541,538,636,2025-10,98,18.21561338289963
369,A - IPC Crime,"MOTOR VEHICLE ACCIDENTS NON-FATAL (Sec.279, 337, 338 IPC/281,125(a),125(b) BNS)",Other Roads,11418,1072,1113,1252,2025-10,139,12.488769092542677
370,A - IPC Crime,"MOTOR VEHICLE ACCIDENTS NON-FATAL (Sec.279, 337, 338 IPC/281,125(a),125(b) BNS)",Other Places,343,40,28,39,2025-10,11,39.285714285714285
371,A - IPC Crime,"DEATHS-MISCARRIAGE (Sec.312, 313, 314 IPC/88,89,90 BNS)",Child,14,1,0,0,2025-10,0,0.0
372,A - IPC Crime,"DEATHS-MISCARRIAGE (Sec.312, 313, 314 IPC/88,89,90 BNS)",Woman,1,2,0,0,2025-10,0,0.0
373,A - IPC Crime,"DEATHS-MISCARRIAGE (Sec.312, 313, 314 IPC/88,89,90 BNS)",Women and Child,0,1,0,0,2025-10,0,0.0
374,A - IPC Crime,"DEFENCE FORCES OFFENCES RELATING (also relating to desertion) (Sec.131 to 140, except 136 IPC/159 TO 168 EXCEPT 164 BNS)",Air Force,0,0,0,0,2025-10,0,0.0
375,A - IPC Crime,"DEFENCE FORCES OFFENCES RELATING (also relating to desertion) (Sec.131 to 140, except 136 IPC/159 TO 168 EXCEPT 164 BNS)",Army,0,0,0,0,2025-10,0,0.0
376,A - IPC Crime,"DEFENCE FORCES OFFENCES RELATING (also relating to desertion) (Sec.131 to 140, except 136 IPC/159 TO 168 EXCEPT 164 BNS)",Navy,0,0,0,0,2025-10,0,0.0
377,A - IPC Crime,"ESCAPE FROM LAWFUL CUSTODY AND RESISTANCE (Sec.224, 225, 225(B) IPC/262,263,265 BNS)",From Jail Custody,9,0,2,2,2025-10,0,0.0
378,A - IPC Crime,"ESCAPE FROM LAWFUL CUSTODY AND RESISTANCE (Sec.224, 225, 225(B) IPC/262,263,265 BNS)",From Police Custody,14,0,0,2,2025-10,2,200.0
379,A - IPC Crime,"ESCAPE FROM LAWFUL CUSTODY AND RESISTANCE (Sec.224, 225, 225(B) IPC/262,263,265 BNS)",Others,9,0,0,2,2025-10,2,200.0
380,A - IPC Crime,"IMPERSONATION (Sec.170, 171 IPC/204,205 BNS)",Attempt to Commit,10,0,0,3,2025-10,3,300.0
381,A - IPC Crime,"IMPERSONATION (Sec.170, 171 IPC/204,205 BNS)",Non-Uniformed Authority,3,0,0,0,2025-10,0,0.0
382,A - IPC Crime,"IMPERSONATION (Sec.170, 171 IPC/204,205 BNS)",Uniformed Authority,2,0,0,0,2025-10,0,0.0
383,A - IPC Crime,"MISCHIEF (Sec.427 to 440 except 434, 435, 436, 438 IPC/324(4) TO 324(6) BNS)",ALL / NOT SPECIFIED,384,33,35,31,2025-10,-4,-11.428571428571429
384,A - IPC Crime,MOLESTATION (Sec.354 IPC/74 BNS),Attempt to Commit,55,9,4,7,2025-10,3,75.0
385,A - IPC Crime,MOLESTATION (Sec.354 IPC/74 BNS),Private Place,791,67,68,89,2025-10,21,30.88235294117647
386,A - IPC Crime,MOLESTATION (Sec.354 IPC/74 BNS),Public Conveyance,11,1,3,1,2025-10,-2,-66.66666666666666
387,A - IPC Crime,MOLESTATION (Sec.354 IPC/74 BNS),Public Place,1817,173,182,196,2025-10,14,7.6923076923076925
388,A - IPC Crime,MOLESTATION (Sec.354 IPC/74 BNS),Other Places,2193,204,206,216,2025-10,10,4.854368932038835
389,A - IPC Crime,POISONING-PROFESSIONAL (Sec. 328 IPC/123 BNS),Attempt to Commit,9,1,0,1,2025-10,1,100.0
390,A - IPC Crime,POISONING-PROFESSIONAL (Sec. 328 IPC/123 BNS),Fatal,0,0,0,0,2025-10,0,0.0
391,A - IPC Crime,POISONING-PROFESSIONAL (Sec. 328 IPC/123 BNS),Non Fatal,2,0,0,0,2025-10,0,0.0
392,A - IPC Crime,PORNOGRAPHY (Sec.292 to 294 IPC/294 TO 296 BNS),Advertisement,1,0,1,0,2025-10,-1,-100.0
393,A - IPC Crime,PORNOGRAPHY (Sec.292 to 294 IPC/294 TO 296 BNS),Audio Tape,1,0,0,0,2025-10,0,0.0
394,A - IPC Crime,PORNOGRAPHY (Sec.292 to 294 IPC/294 TO 296 BNS),Book,0,0,0,0,2025-10,0,0.0
395,A - IPC Crime,PORNOGRAPHY (Sec.292 to 294 IPC/294 TO 296 BNS),Computer Software,0,0,0,0,2025-10,0,0.0
396,A - IPC Crime,PORNOGRAPHY (Sec.292 to 294 IPC/294 TO 296 BNS),Figures,0,0,0,0,2025-10,0,0.0
397,A - IPC Crime,PORNOGRAPHY (Sec.292 to 294 IPC/294 TO 296 BNS),Film (Blue),0,0,0,0,2025-10,0,0.0
398,A - IPC Crime,PORNOGRAPHY (Sec.292 to 294 IPC/294 TO 296 BNS),Painting,0,0,0,0,2025-10,0,0.0
399,A - IPC Crime,PORNOGRAPHY (Sec.292 to 294 IPC/294 TO 296 BNS),Pamphlet,0,0,0,0,2025-10,0,0.0
400,A - IPC Crime,PORNOGRAPHY (Sec.292 to 294 IPC/294 TO 296 BNS),Paper,1,0,0,0,2025-10,0,0.0
401,A - IPC Crime,PORNOGRAPHY (Sec.292 to 294 IPC/294 TO 296 BNS),Photography,0,0,0,0,2025-10,0,0.0
402,A - IPC Crime,PORNOGRAPHY (Sec.292 to 294 IPC/294 TO 296 BNS),Poster,8,0,0,2,2025-10,2,200.0
403,A - IPC Crime,PORNOGRAPHY (Sec.292 to 294 IPC/294 TO 296 BNS),Video Film(Blue),1,0,0,0,2025-10,0,0.0
404,A - IPC Crime,PORNOGRAPHY (Sec.292 to 294 IPC/294 TO 296 BNS),Others,21,1,7,0,2025-10,-7,-100.0
405,A - IPC Crime,PUBLIC JUSTICE (Sec.213 to 215 IPC/250 TO 252 BNS),ALL / NOT SPECIFIED,6,0,0,0,2025-10,0,0.0
406,A - IPC Crime,"PUBLIC NUISANCE (Sec.291 and 510 IPC/293,355 BNS)",ALL / NOT SPECIFIED,353,30,155,38,2025-10,-117,-75.48387096774194
407,A - IPC Crime,"PUBLIC SAFETY (Sec.269 to 271, 277, 283, 289 IPC/271 to 273, 279,285,291 BNS)",ALL / NOT SPECIFIED,4553,130,1164,664,2025-10,-500,-42.955326460481096
408,A - IPC Crime,"OFFENCES AGAINST PUBLIC SERVANTS (Public servant is a victim) (Sec 182-188, 332, 333, 353 IPC/217-223,121(1),121(2), 132 BNS)",Attempt to Commit,17,1,1,2,2025-10,1,100.0
409,A - IPC Crime,"OFFENCES AGAINST PUBLIC SERVANTS (Public servant is a victim) (Sec 182-188, 332, 333, 353 IPC/217-223,121(1),121(2), 132 BNS)",Defence Personnel,2,0,0,0,2025-10,0,0.0
410,A - IPC Crime,"OFFENCES AGAINST PUBLIC SERVANTS (Public servant is a victim) (Sec 182-188, 332, 333, 353 IPC/217-223,121(1),121(2), 132 BNS)",Jail Personnel,10,2,1,0,2025-10,-1,-100.0
411,A - IPC Crime,"OFFENCES AGAINST PUBLIC SERVANTS (Public servant is a victim) (Sec 182-188, 332, 333, 353 IPC/217-223,121(1),121(2), 132 BNS)",Judicial Official,20,0,1,2,2025-10,1,100.0
412,A - IPC Crime,"OFFENCES AGAINST PUBLIC SERVANTS (Public servant is a victim) (Sec 182-188, 332, 333, 353 IPC/217-223,121(1),121(2), 132 BNS)",Minister,0,0,0,0,2025-10,0,0.0
413,A - IPC Crime,"OFFENCES AGAINST PUBLIC SERVANTS (Public servant is a victim) (Sec 182-188, 332, 333, 353 IPC/217-223,121(1),121(2), 132 BNS)",MLA,0,0,0,0,2025-10,0,0.0
414,A - IPC Crime,"OFFENCES AGAINST PUBLIC SERVANTS (Public servant is a victim) (Sec 182-188, 332, 333, 353 IPC/217-223,121(1),121(2), 132 BNS)",MP,0,0,0,0,2025-10,0,0.0
415,A - IPC Crime,"OFFENCES AGAINST PUBLIC SERVANTS (Public servant is a victim) (Sec 182-188, 332, 333, 353 IPC/217-223,121(1),121(2), 132 BNS)",Nationalised Bank Personnel,3,0,0,1,2025-10,1,100.0
416,A - IPC Crime,"OFFENCES AGAINST PUBLIC SERVANTS (Public servant is a victim) (Sec 182-188, 332, 333, 353 IPC/217-223,121(1),121(2), 132 BNS)",Other Elected Member,4,0,0,0,2025-10,0,0.0
417,A - IPC Crime,"OFFENCES AGAINST PUBLIC SERVANTS (Public servant is a victim) (Sec 182-188, 332, 333, 353 IPC/217-223,121(1),121(2), 132 BNS)",Other Enforcement Official,1,1,0,0,2025-10,0,0.0
418,A - IPC Crime,"OFFENCES AGAINST PUBLIC SERVANTS (Public servant is a victim) (Sec 182-188, 332, 333, 353 IPC/217-223,121(1),121(2), 132 BNS)",Other Govt. Official,394,33,50,34,2025-10,-16,-32.0
419,A - IPC Crime,"OFFENCES AGAINST PUBLIC SERVANTS (Public servant is a victim) (Sec 182-188, 332, 333, 353 IPC/217-223,121(1),121(2), 132 BNS)",Para Military Personnel,2,2,0,0,2025-10,0,0.0
420,A - IPC Crime,"OFFENCES AGAINST PUBLIC SERVANTS (Public servant is a victim) (Sec 182-188, 332, 333, 353 IPC/217-223,121(1),121(2), 132 BNS)",Police Personnel,430,34,40,41,2025-10,1,2.5
421,A - IPC Crime,"OFFENCES AGAINST PUBLIC SERVANTS (Public servant is a victim) (Sec 182-188, 332, 333, 353 IPC/217-223,121(1),121(2), 132 BNS)",Public Sector Undertaking Official,109,15,6,8,2025-10,2,33.33333333333333
422,A - IPC Crime,"OFFENCES BY PUBLIC SERVANTS (EXCEPT CORRUPTION) (Public servant is accused) (Sec.128, 129, 167, 218, 221, 222 IPC/156,157,201,256,259,260 BNS)",Defence Personnel,0,0,0,0,2025-10,0,0.0
423,A - IPC Crime,"OFFENCES BY PUBLIC SERVANTS (EXCEPT CORRUPTION) (Public servant is accused) (Sec.128, 129, 167, 218, 221, 222 IPC/156,157,201,256,259,260 BNS)",Jail Personnel,0,0,0,0,2025-10,0,0.0
424,A - IPC Crime,"OFFENCES BY PUBLIC SERVANTS (EXCEPT CORRUPTION) (Public servant is accused) (Sec.128, 129, 167, 218, 221, 222 IPC/156,157,201,256,259,260 BNS)",Judicial Official,0,0,0,0,2025-10,0,0.0
425,A - IPC Crime,"OFFENCES BY PUBLIC SERVANTS (EXCEPT CORRUPTION) (Public servant is accused) (Sec.128, 129, 167, 218, 221, 222 IPC/156,157,201,256,259,260 BNS)",Minister,0,0,0,0,2025-10,0,0.0
426,A - IPC Crime,"OFFENCES BY PUBLIC SERVANTS (EXCEPT CORRUPTION) (Public servant is accused) (Sec.128, 129, 167, 218, 221, 222 IPC/156,157,201,256,259,260 BNS)",MLA,0,0,0,0,2025-10,0,0.0
427,A - IPC Crime,"OFFENCES BY PUBLIC SERVANTS (EXCEPT CORRUPTION) (Public servant is accused) (Sec.128, 129, 167, 218, 221, 222 IPC/156,157,201,256,259,260 BNS)",MP,0,0,0,0,2025-10,0,0.0
428,A - IPC Crime,"OFFENCES BY PUBLIC SERVANTS (EXCEPT CORRUPTION) (Public servant is accused) (Sec.128, 129, 167, 218, 221, 222 IPC/156,157,201,256,259,260 BNS)",Nationalised Bank Personnel,0,0,0,0,2025-10,0,0.0
429,A - IPC Crime,"OFFENCES BY PUBLIC SERVANTS (EXCEPT CORRUPTION) (Public servant is accused) (Sec.128, 129, 167, 218, 221, 222 IPC/156,157,201,256,259,260 BNS)",Other Elected Member,0,0,0,0,2025-10,0,0.0
430,A - IPC Crime,"OFFENCES BY PUBLIC SERVANTS (EXCEPT CORRUPTION) (Public servant is accused) (Sec.128, 129, 167, 218, 221, 222 IPC/156,157,201,256,259,260 BNS)",Other Enforcement Official,0,0,0,0,2025-10,0,0.0
431,A - IPC Crime,"OFFENCES BY PUBLIC SERVANTS (EXCEPT CORRUPTION) (Public servant is accused) (Sec.128, 129, 167, 218, 221, 222 IPC/156,157,201,256,259,260 BNS)",Other Govt. Official,0,1,0,0,2025-10,0,0.0
432,A - IPC Crime,"OFFENCES BY PUBLIC SERVANTS (EXCEPT CORRUPTION) (Public servant is accused) (Sec.128, 129, 167, 218, 221, 222 IPC/156,157,201,256,259,260 BNS)",Para Military Personnel,0,0,0,0,2025-10,0,0.0
433,A - IPC Crime,"OFFENCES BY PUBLIC SERVANTS (EXCEPT CORRUPTION) (Public servant is accused) (Sec.128, 129, 167, 218, 221, 222 IPC/156,157,201,256,259,260 BNS)",Police Personnel,1,0,1,0,2025-10,-1,-100.0
434,A - IPC Crime,"OFFENCES BY PUBLIC SERVANTS (EXCEPT CORRUPTION) (Public servant is accused) (Sec.128, 129, 167, 218, 221, 222 IPC/156,157,201,256,259,260 BNS)",Public Sector Undertaking Official,2,0,0,0,2025-10,0,0.0
435,A - IPC Crime,"OFFENCES BY PUBLIC SERVANTS (EXCEPT CORRUPTION) (Public servant is accused) (Sec.128, 129, 167, 218, 221, 222 IPC/156,157,201,256,259,260 BNS)",Others,0,0,0,0,2025-10,0,0.0
436,A - IPC Crime,"NEGLIGENT ACT (Sec.280 to 289, 336 to 338 except 283 IPC/282 to 291,125 to 125(b) except 285 BNS)",Animal -Related,50,6,6,5,2025-10,-1,-16.666666666666664
437,A - IPC Crime,"NEGLIGENT ACT (Sec.280 to 289, 336 to 338 except 283 IPC/282 to 291,125 to 125(b) except 285 BNS)",Boat/Vessel - Related,1,1,0,0,2025-10,0,0.0
438,A - IPC Crime,"NEGLIGENT ACT (Sec.280 to 289, 336 to 338 except 283 IPC/282 to 291,125 to 125(b) except 285 BNS)",Explosive/Explosive Substances - Related,32,25,1,17,2025-10,16,1600.0
439,A - IPC Crime,"NEGLIGENT ACT (Sec.280 to 289, 336 to 338 except 283 IPC/282 to 291,125 to 125(b) except 285 BNS)",Inflammable Substance- Related ,17,4,2,1,2025-10,-1,-50.0
440,A - IPC Crime,"NEGLIGENT ACT (Sec.280 to 289, 336 to 338 except 283 IPC/282 to 291,125 to 125(b) except 285 BNS)",Machinery - Related,95,11,5,5,2025-10,0,0.0
441,A - IPC Crime,"NEGLIGENT ACT (Sec.280 to 289, 336 to 338 except 283 IPC/282 to 291,125 to 125(b) except 285 BNS)",Poisonous Substance - Related,11,0,0,1,2025-10,1,100.0
442,A - IPC Crime,"NEGLIGENT ACT (Sec.280 to 289, 336 to 338 except 283 IPC/282 to 291,125 to 125(b) except 285 BNS)",Other - Related,1361,80,168,219,2025-10,51,30.357142857142854
443,A - IPC Crime,"NEGLIGENT ACT (Sec.280 to 289, 336 to 338 except 283 IPC/282 to 291,125 to 125(b) except 285 BNS)",Human - Related,925,46,96,66,2025-10,-30,-31.25
444,A - IPC Crime,"NEGLIGENT ACT (Sec.280 to 289, 336 to 338 except 283 IPC/282 to 291,125 to 125(b) except 285 BNS)",Wheeling,140,0,8,12,2025-10,4,50.0
445,A - IPC Crime,"NEGLIGENT ACT (Sec.280 to 289, 336 to 338 except 283 IPC/282 to 291,125 to 125(b) except 285 BNS)",Drink & Drive Without DL,53,0,12,4,2025-10,-8,-66.66666666666666
446,A - IPC Crime,"NEGLIGENT ACT (Sec.280 to 289, 336 to 338 except 283 IPC/282 to 291,125 to 125(b) except 285 BNS)",Death Causeed By Electric Shock,73,9,3,8,2025-10,5,166.66666666666669
447,A - IPC Crime,"NEGLIGENT ACT (Sec.280 to 289, 336 to 338 except 283 IPC/282 to 291,125 to 125(b) except 285 BNS)",Defective Silencer,10,0,2,0,2025-10,-2,-100.0
448,A - IPC Crime,"NEGLIGENT ACT (Sec.280 to 289, 336 to 338 except 283 IPC/282 to 291,125 to 125(b) except 285 BNS)",Footpath Riding,6,0,3,1,2025-10,-2,-66.66666666666666
449,A - IPC Crime,"NEGLIGENT ACT (Sec.280 to 289, 336 to 338 except 283 IPC/282 to 291,125 to 125(b) except 285 BNS)",Racing & Trials of Speed,1,0,0,0,2025-10,0,0.0
450,A - IPC Crime,"NEGLIGENT ACT (Sec.280 to 289, 336 to 338 except 283 IPC/282 to 291,125 to 125(b) except 285 BNS)",Rash & Negligence/Dangerous Driving,541,0,144,151,2025-10,7,4.861111111111112
451,A - IPC Crime,RECEIVING OF STOLEN PROPERTY (Sec.411 to 414 IPC/317(2) TO 317(5) BNS),ALL / NOT SPECIFIED,2,0,0,0,2025-10,0,0.0
452,A - IPC Crime,SEDITION (Sec. 124A IPC/IN BNS Deleted),Attempt to Commit,0,0,0,0,2025-10,0,0.0
453,A - IPC Crime,SEDITION (Sec. 124A IPC/IN BNS Deleted),By Foreigner,0,0,0,0,2025-10,0,0.0
454,A - IPC Crime,SEDITION (Sec. 124A IPC/IN BNS Deleted),By National,0,0,0,0,2025-10,0,0.0
455,A - IPC Crime,SEDITION (Sec. 124A IPC/IN BNS Deleted),By National And Foreigner,0,0,0,0,2025-10,0,0.0
456,A - IPC Crime,INSULTING MODESTY OF WOMEN (EVE TEASING) (Sec.509 IPC/79 BNS),Attempt to Commit,10,0,1,1,2025-10,0,0.0
457,A - IPC Crime,INSULTING MODESTY OF WOMEN (EVE TEASING) (Sec.509 IPC/79 BNS),Office,13,2,0,2,2025-10,2,200.0
458,A - IPC Crime,INSULTING MODESTY OF WOMEN (EVE TEASING) (Sec.509 IPC/79 BNS),Public Conveyance,10,0,3,1,2025-10,-2,-66.66666666666666
459,A - IPC Crime,INSULTING MODESTY OF WOMEN (EVE TEASING) (Sec.509 IPC/79 BNS),Public Place,117,5,15,13,2025-10,-2,-13.333333333333334
460,A - IPC Crime,INSULTING MODESTY OF WOMEN (EVE TEASING) (Sec.509 IPC/79 BNS),Other Places,183,11,18,17,2025-10,-1,-5.555555555555555
461,A - IPC Crime,"SUICIDE (Sec.305, 306, 309 IPC/107,108 BNS)",Dowry,5,0,1,0,2025-10,-1,-100.0
462,A - IPC Crime,"SUICIDE (Sec.305, 306, 309 IPC/107,108 BNS)",Abetment of Suicide,330,26,33,36,2025-10,3,9.090909090909092
463,A - IPC Crime,"SUICIDE (Sec.305, 306, 309 IPC/107,108 BNS)",Other Reasons,228,17,17,17,2025-10,0,0.0
464,A - IPC Crime,"SUICIDE (Sec.305, 306, 309 IPC/107,108 BNS)",Attempt to Commit suicide,66,5,5,7,2025-10,2,40.0
465,A - IPC Crime,UNNATURAL SEX (Sec.377 IPC/IN BNS Deleted),Abetment  ,0,0,0,0,2025-10,0,0.0
466,A - IPC Crime,UNNATURAL SEX (Sec.377 IPC/IN BNS Deleted),Animal  ,0,0,0,0,2025-10,0,0.0
467,A - IPC Crime,UNNATURAL SEX (Sec.377 IPC/IN BNS Deleted),Attempt,0,0,0,0,2025-10,0,0.0
468,A - IPC Crime,UNNATURAL SEX (Sec.377 IPC/IN BNS Deleted),Major - Man,0,1,0,0,2025-10,0,0.0
469,A - IPC Crime,UNNATURAL SEX (Sec.377 IPC/IN BNS Deleted),Major - Woman,0,0,0,0,2025-10,0,0.0
470,A - IPC Crime,UNNATURAL SEX (Sec.377 IPC/IN BNS Deleted),Minor - Boy,0,0,0,0,2025-10,0,0.0
471,A - IPC Crime,UNNATURAL SEX (Sec.377 IPC/IN BNS Deleted),Minor - Girl,0,0,0,0,2025-10,0,0.0
472,A - IPC Crime,"WRONGFUL RESTRAINT/CONFINEMENT (Sec.341 to 348 IPC/126(2),127(2)-127(8) BNS)",Attempt to Commit,27,2,2,1,2025-10,-1,-50.0
473,A - IPC Crime,"WRONGFUL RESTRAINT/CONFINEMENT (Sec.341 to 348 IPC/126(2),127(2)-127(8) BNS)",To Extort Confession,7,1,0,3,2025-10,3,300.0
474,A - IPC Crime,"WRONGFUL RESTRAINT/CONFINEMENT (Sec.341 to 348 IPC/126(2),127(2)-127(8) BNS)",To Extort Property,21,4,0,1,2025-10,1,100.0
475,A - IPC Crime,"WRONGFUL RESTRAINT/CONFINEMENT (Sec.341 to 348 IPC/126(2),127(2)-127(8) BNS)",To settle Dispute,16,2,1,2,2025-10,1,100.0
476,A - IPC Crime,"WRONGFUL RESTRAINT/CONFINEMENT (Sec.341 to 348 IPC/126(2),127(2)-127(8) BNS)",Others,350,29,34,23,2025-10,-11,-32.35294117647059
477,A - IPC Crime,"INFANTICIDE (Sec.315, 316 IPC/91,92 BNS)",Male,2,1,0,0,2025-10,0,0.0
478,A - IPC Crime,"INFANTICIDE (Sec.315, 316 IPC/91,92 BNS)",Female,3,0,0,0,2025-10,0,0.0
479,A - IPC Crime,"OFFENCES RELATED TO MARRIAGE (Sec.493 to 498 IPC/81,84 BNS)",ALL / NOT SPECIFIED,33,3,4,0,2025-10,-4,-100.0
480,A - IPC Crime,"BUYING & SELLING MINOR FOR PROSTITUTION (Sec.372, 373 IPC/98,99 BNS)",ALL / NOT SPECIFIED,0,0,0,0,2025-10,0,0.0
481,A - IPC Crime,DOCUMENTS & PROPERTY MARKS (Sec.483 to 489 IPC/346-350(2) BNS),Documents  ,1,0,0,0,2025-10,0,0.0
482,A - IPC Crime,DOCUMENTS & PROPERTY MARKS (Sec.483 to 489 IPC/346-350(2) BNS),Property  ,1,0,1,0,2025-10,-1,-100.0
483,A - IPC Crime,DEFAMATION (Sec.500 to 502 IPC/350(2)-356(4) BNS),Persons ,1,0,0,0,2025-10,0,0.0
484,A - IPC Crime,DEFAMATION (Sec.500 to 502 IPC/350(2)-356(4) BNS),Printed Matter,1,0,0,0,2025-10,0,0.0
485,A - IPC Crime,DEFAMATION (Sec.500 to 502 IPC/350(2)-356(4) BNS),Others,2,0,0,0,2025-10,0,0.0
486,A - IPC Crime,ELECTION(Sec.171(E) to 171(1) IPC/173-177 BNS),Assembly,0,3,0,0,2025-10,0,0.0
487,A - IPC Crime,ELECTION(Sec.171(E) to 171(1) IPC/173-177 BNS),Parliament,1,0,0,0,2025-10,0,0.0
488,A - IPC Crime,ELECTION(Sec.171(E) to 171(1) IPC/173-177 BNS),Other Elected Bodies,4,0,0,0,2025-10,0,0.0
489,A - IPC Crime,"SLAVERY (Sec.370, 371, 374 IPC/143,145,146 BNS)",Man,0,0,0,0,2025-10,0,0.0
490,A - IPC Crime,"SLAVERY (Sec.370, 371, 374 IPC/143,145,146 BNS)",Woman,0,0,0,0,2025-10,0,0.0
491,A - IPC Crime,"SLAVERY (Sec.370, 371, 374 IPC/143,145,146 BNS)",Boy,4,0,0,1,2025-10,1,100.0
492,A - IPC Crime,"SLAVERY (Sec.370, 371, 374 IPC/143,145,146 BNS)",Girl,0,0,0,0,2025-10,0,0.0
493,A - IPC Crime,Attempting to commit offences (Sec.511 IPC/62 BNS),Attempting to commit offences,185,19,14,22,2025-10,8,57.14285714285714
494,A - IPC Crime,ILLEGAL DETENTION (Sec.342 IPC/127(2) BNS),ALL / NOT SPECIFIED,0,0,0,0,2025-10,0,0.0
495,A - IPC Crime,FALSE EVIDENCE (Sec.191 to 205 IPC/227-242 BNS),ALL / NOT SPECIFIED,10,2,1,4,2025-10,3,300.0
496,A - IPC Crime,EXPOSURE AND ABANDONMENT OF CHILD (Sec.317 IPC/93 BNS),Boy ,21,4,3,0,2025-10,-3,-100.0
497,A - IPC Crime,EXPOSURE AND ABANDONMENT OF CHILD (Sec.317 IPC/93 BNS),Girl,35,4,4,5,2025-10,1,25.0
498,A - IPC Crime,OF ABETMENT (Sec.107 to 120 IPC/45-60 BNS),ALL / NOT SPECIFIED,18,2,1,2,2025-10,1,100.0
499,A - IPC Crime,"FAILURE TO APPEAR TO COURT (Sec.174A, 229A IPC/209,269 BNS)",IPC 174 A/BNS 209,337,12,13,10,2025-10,-3,-23.076923076923077
500,A - IPC Crime,"FAILURE TO APPEAR TO COURT (Sec.174A, 229A IPC/209,269 BNS)",IPC 229 A/BNS 269,961,72,57,30,2025-10,-27,-47.368421052631575
501,A - IPC Crime,Concealment of birth by secret disposal of Child,Girl,19,1,1,2,2025-10,1,100.0
502,A - IPC Crime,Concealment of birth by secret disposal of Child,Boy,20,1,1,1,2025-10,0,0.0
503,A - IPC Crime,ASSAULT OR USE OF CRIMINAL FORCE TO DISROBE WOMEN,N A,6,2,0,2,2025-10,2,200.0
504,A - IPC Crime,Disobedience to Order Promulgated by Public/Servant,By Govt. Institution,16,1,4,1,2025-10,-3,-75.0
505,A - IPC Crime,Disobedience to Order Promulgated by Public/Servant,By Others,16,0,7,1,2025-10,-6,-85.71428571428571
506,A - IPC Crime,Disobedience to Order Promulgated by Public/Servant,By Private Institution,0,1,0,0,2025-10,0,0.0
507,A - IPC Crime,Disobedience to Order Promulgated by Public/Servant,Sub Total,32,2,11,2,2025-10,-9,-81.81818181818183
508,A - IPC Crime,Disobedience to Order Promulgated by Public/Servant,Human Trafficking,0,0,0,0,2025-10,0,0.0
509,A - IPC Crime,Disobedience to Order Promulgated by Public/Servant,Women,4,0,0,1,2025-10,1,100.0
510,A - IPC Crime,Disobedience to Order Promulgated by Public/Servant,Girl ,5,0,2,1,2025-10,-1,-50.0
511,A - IPC Crime,Disobedience to Order Promulgated by Public/Servant,Eunuch,0,0,0,0,2025-10,0,0.0
512,A - IPC Crime,Disobedience to Order Promulgated by Public/Servant,Men,0,1,0,0,2025-10,0,0.0
513,A - IPC Crime,Disobedience to Order Promulgated by Public/Servant,Boy ,4,1,0,0,2025-10,0,0.0
514,A - IPC Crime,Giving false information respecting an offence committed,Giving false information respecting an offence committed,27,1,1,2,2025-10,1,100.0
515,A - IPC Crime,Harbouring offender,ALL / NOT SPECIFIED,3,0,1,0,2025-10,-1,-100.0
516,A - IPC Crime,Pettry Organised Crimes,Cargo Theft,0,0,0,0,2025-10,0,0.0
517,A - IPC Crime,Pettry Organised Crimes,Pick Pocketing,1,0,0,0,2025-10,0,0.0
518,A - IPC Crime,Pettry Organised Crimes,Shop Lifting,0,0,0,0,2025-10,0,0.0
519,A - IPC Crime,Pettry Organised Crimes,Theft Of ATM Machines,0,0,0,0,2025-10,0,0.0
520,A - IPC Crime,Pettry Organised Crimes,Theft From Vehicles,0,0,0,0,2025-10,0,0.0
521,A - IPC Crime,Pettry Organised Crimes,Unauthorised Betting/Gambling,130,7,7,8,2025-10,1,14.285714285714285
522,A - IPC Crime,Pettry Organised Crimes,Others,12,1,2,0,2025-10,-2,-100.0
523,A - IPC Crime,Public Servant in Judicial proceeding,Defence Personnel,0,0,0,0,2025-10,0,0.0
524,A - IPC Crime,Public Servant in Judicial proceeding,Others,0,0,0,0,2025-10,0,0.0
525,A - IPC Crime,Public Servant in Judicial proceeding,Jail Personnel,0,0,0,0,2025-10,0,0.0
526,A - IPC Crime,Public Servant in Judicial proceeding,Para Military Personnel,0,0,0,0,2025-10,0,0.0
527,A - IPC Crime,Public Servant in Judicial proceeding,Police Personnel,0,0,0,0,2025-10,0,0.0
528,A - IPC Crime,Public Servant in Judicial proceeding,Public Sector Undertaking Official,0,0,0,0,2025-10,0,0.0
529,A - IPC Crime,Public Servant in Judicial proceeding,Judicial Official,0,0,0,0,2025-10,0,0.0
530,A - IPC Crime,Public Servant in Judicial proceeding,Minister,0,0,0,0,2025-10,0,0.0
531,A - IPC Crime,Public Servant in Judicial proceeding,MLA,0,0,0,0,2025-10,0,0.0
532,A - IPC Crime,Public Servant in Judicial proceeding,MP,0,0,0,0,2025-10,0,0.0
533,A - IPC Crime,Public Servant in Judicial proceeding,Nationalised Bank Personnel,0,0,0,0,2025-10,0,0.0
534,A - IPC Crime,Public Servant in Judicial proceeding,Other Elected Member,0,0,0,0,2025-10,0,0.0
535,A - IPC Crime,Public Servant in Judicial proceeding,Other Enforcement Official,0,0,0,0,2025-10,0,0.0
536,A - IPC Crime,Public Servant in Judicial proceeding,Other Govt Official,1,0,0,0,2025-10,0,0.0
537,A - IPC Crime,"The Indian Stamp Act, 1899",ALL / NOT SPECIFIED,0,0,0,0,2025-10,0,0.0
538,B - SPECIAL & LOCAL LAWS,ANTIQUES (CULTURAL PROPERTY),Antiques & Art Treasures Act 1972,0,0,0,0,2025-10,0,0.0
539,B - SPECIAL & LOCAL LAWS,ANTIQUES (CULTURAL PROPERTY),Ancient Monument & Archaelogical Sites And Remains Act 1958,5,0,0,0,2025-10,0,0.0
540,B - SPECIAL & LOCAL LAWS,ANTIQUES (CULTURAL PROPERTY),Sub Total,5,0,0,0,2025-10,0,0.0
541,B - SPECIAL & LOCAL LAWS,ANTIQUES (CULTURAL PROPERTY),ARMS ACT 1959,0,0,0,0,2025-10,0,0.0
542,B - SPECIAL & LOCAL LAWS,ANTIQUES (CULTURAL PROPERTY),Country Made - Non Prohibited Bore - In Disturbed Area,16,0,2,3,2025-10,1,50.0
543,B - SPECIAL & LOCAL LAWS,ANTIQUES (CULTURAL PROPERTY),Country Made - Non Prohibited Bore - In Other Area,135,2,18,10,2025-10,-8,-44.44444444444444
544,B - SPECIAL & LOCAL LAWS,ANTIQUES (CULTURAL PROPERTY),Country Made - Prohibited Bore - In Disturbed Area,18,4,3,2,2025-10,-1,-33.33333333333333
545,B - SPECIAL & LOCAL LAWS,ANTIQUES (CULTURAL PROPERTY),Country Made - Prohibited Bore - In Other Area,100,8,10,7,2025-10,-3,-30.0
546,B - SPECIAL & LOCAL LAWS,ANTIQUES (CULTURAL PROPERTY),Factory Made - Non Prohibited Bore - In Disturbed Area,5,1,0,1,2025-10,1,100.0
547,B - SPECIAL & LOCAL LAWS,ANTIQUES (CULTURAL PROPERTY),Factory Made - Non Prohibited Bore - In Other Area,25,1,4,2,2025-10,-2,-50.0
548,B - SPECIAL & LOCAL LAWS,ANTIQUES (CULTURAL PROPERTY),Factory Made - Prohibited Bore - In Disturbed Area,9,0,0,2,2025-10,2,200.0
549,B - SPECIAL & LOCAL LAWS,ANTIQUES (CULTURAL PROPERTY),Factory Made - Prohibited Bore - In Other Area,35,1,3,2,2025-10,-1,-33.33333333333333
550,B - SPECIAL & LOCAL LAWS,ANIMAL,The Karnataka Prevention of Slaughter and Preservation of Cattle Ordinance 2020,130,14,14,11,2025-10,-3,-21.428571428571427
551,B - SPECIAL & LOCAL LAWS,ANIMAL,Wild Life Preservation Act 1972,0,0,0,0,2025-10,0,0.0
552,B - SPECIAL & LOCAL LAWS,ANIMAL,Wild Life Protection Act 1972,3,0,0,0,2025-10,0,0.0
553,B - SPECIAL & LOCAL LAWS,ANIMAL,Prevention of Cruelty to Animals Act 1960,223,13,18,19,2025-10,1,5.555555555555555
554,B - SPECIAL & LOCAL LAWS,ANIMAL,Elephant (Preservation) Act 1879,0,0,0,0,2025-10,0,0.0
555,B - SPECIAL & LOCAL LAWS,ANIMAL,Cattle Tresspass Act 1871,3,0,0,0,2025-10,0,0.0
556,B - SPECIAL & LOCAL LAWS,CINEMATOGRAPHY ACT 1952,Films,0,0,0,0,2025-10,0,0.0
557,B - SPECIAL & LOCAL LAWS,CINEMATOGRAPHY ACT 1953,Video,0,0,0,0,2025-10,0,0.0
558,B - SPECIAL & LOCAL LAWS,CONSUMER,Liquified Petroleum Gas Supply & Control Order 2000 ,74,4,11,4,2025-10,-7,-63.63636363636363
559,B - SPECIAL & LOCAL LAWS,CONSUMER,Consumer (Protection) Act 1986,6,0,0,0,2025-10,0,0.0
560,B - SPECIAL & LOCAL LAWS,CONSUMER,Essential Commodities Act 1955,628,26,79,81,2025-10,2,2.5316455696202533
561,B - SPECIAL & LOCAL LAWS,CONSUMER,Prevention of Food Adulternation Act 1954,2,0,0,0,2025-10,0,0.0
562,B - SPECIAL & LOCAL LAWS,CONSUMER,Packaged Commodities (Regulation) order 1975,0,0,0,0,2025-10,0,0.0
563,B - SPECIAL & LOCAL LAWS,COPY RIGHT ACT 1957,By Company,118,8,7,12,2025-10,5,71.42857142857143
564,B - SPECIAL & LOCAL LAWS,COPY RIGHT ACT 1958,By Individual,59,5,3,2,2025-10,-1,-33.33333333333333
565,B - SPECIAL & LOCAL LAWS,CIVIL RIGHTS,Protection of Civil Rights Act 1955,5,2,0,1,2025-10,1,100.0
566,B - SPECIAL & LOCAL LAWS,CIVIL RIGHTS,SCHEDULED CASTE AND THE SCHEDULED TRIBES,0,0,0,0,2025-10,0,0.0
567,B - SPECIAL & LOCAL LAWS,CIVIL RIGHTS,Scheduled Caste  ,1099,91,114,110,2025-10,-4,-3.508771929824561
568,B - SPECIAL & LOCAL LAWS,CIVIL RIGHTS,Scheduled Tribes,264,22,31,35,2025-10,4,12.903225806451612
569,B - SPECIAL & LOCAL LAWS,CIVIL RIGHTS,Scheduled Caste Women,460,33,45,59,2025-10,14,31.11111111111111
570,B - SPECIAL & LOCAL LAWS,CIVIL RIGHTS,Scheduled Tribes Women,113,9,19,12,2025-10,-7,-36.84210526315789
571,B - SPECIAL & LOCAL LAWS,CHILDREN ACT,Child Labour (Prohibition & Regulation) Act1986,69,2,4,4,2025-10,0,0.0
572,B - SPECIAL & LOCAL LAWS,CHILDREN ACT,Child Marriage (Restraint) Act - 1929,173,8,17,17,2025-10,0,0.0
573,B - SPECIAL & LOCAL LAWS,CHILDREN ACT,Juvenile Justice Act 1986,119,9,8,8,2025-10,0,0.0
574,B - SPECIAL & LOCAL LAWS,CHILDREN ACT,Probation of offenders Act 1958,0,0,0,0,2025-10,0,0.0
575,B - SPECIAL & LOCAL LAWS,CHILDREN ACT,Protection of Children from Sexual Offences Act 2012 (POCSO),0,0,0,0,2025-10,0,0.0
576,B - SPECIAL & LOCAL LAWS,PREVENTION OF CORRUPTION ACT 1988,Public Servant - Elected,0,0,0,0,2025-10,0,0.0
577,B - SPECIAL & LOCAL LAWS,PREVENTION OF CORRUPTION ACT 1989,Public Servant - Gazetted - Central,1,0,0,0,2025-10,0,0.0
578,B - SPECIAL & LOCAL LAWS,PREVENTION OF CORRUPTION ACT 1990,Public Servant - Gazetted - Defence,0,0,0,0,2025-10,0,0.0
579,B - SPECIAL & LOCAL LAWS,PREVENTION OF CORRUPTION ACT 1991,Public Servant - Gazetted - Public Sector Undertaking,0,0,0,0,2025-10,0,0.0
580,B - SPECIAL & LOCAL LAWS,PREVENTION OF CORRUPTION ACT 1992,Public Servant - Gazetted - State,1,0,0,0,2025-10,0,0.0
581,B - SPECIAL & LOCAL LAWS,PREVENTION OF CORRUPTION ACT 1993,Public Servant - Non-Gazetted - Central,0,0,0,0,2025-10,0,0.0
582,B - SPECIAL & LOCAL LAWS,PREVENTION OF CORRUPTION ACT 1994,Public Servant - Non-Gazetted - Defence,0,0,0,0,2025-10,0,0.0
583,B - SPECIAL & LOCAL LAWS,PREVENTION OF CORRUPTION ACT 1995,Public Servant - Non-Gazetted - State,0,0,0,0,2025-10,0,0.0
584,B - SPECIAL & LOCAL LAWS,CUSTOMS,Customs Act 1962,0,0,0,0,2025-10,0,0.0
585,B - SPECIAL & LOCAL LAWS,CUSTOMS,Import/Export (Control) Act 1947,0,0,0,0,2025-10,0,0.0
586,B - SPECIAL & LOCAL LAWS,Explosives,Explosives Substances Act 1908,37,4,3,3,2025-10,0,0.0
587,B - SPECIAL & LOCAL LAWS,Explosives,Explosives Act 1884,85,57,7,47,2025-10,40,571.4285714285714
588,B - SPECIAL & LOCAL LAWS,Explosives,Inflammable Substance Act 1952,0,0,0,0,2025-10,0,0.0
589,B - SPECIAL & LOCAL LAWS,FOREIGN EXCHANGE,Smugglers and Foreign Exchange Manipulator Act 1976,0,0,0,0,2025-10,0,0.0
590,B - SPECIAL & LOCAL LAWS,FOREIGN EXCHANGE,Foreign Exchange Regulation Act 1973,0,0,0,0,2025-10,0,0.0
591,B - SPECIAL & LOCAL LAWS,FOREIGN EXCHANGE,Foreign Exchange Regulation Act 1952,0,0,0,0,2025-10,0,0.0
592,B - SPECIAL & LOCAL LAWS,FOREIGNER,Foreigners Act 1946,89,5,6,13,2025-10,7,116.66666666666667
593,B - SPECIAL & LOCAL LAWS,FOREIGNER,Registration of Foreigners Act 1939,0,0,0,0,2025-10,0,0.0
594,B - SPECIAL & LOCAL LAWS,FOREST,Indian Forest Act 1927,1,0,0,0,2025-10,0,0.0
595,B - SPECIAL & LOCAL LAWS,FOREST,Forest (Conservation) Act 1980,9,0,2,0,2025-10,-2,-100.0
596,B - SPECIAL & LOCAL LAWS,HIJACKING,Foreign Aircraft - In India,0,0,0,0,2025-10,0,0.0
597,B - SPECIAL & LOCAL LAWS,HIJACKING,Foreign Aircraft - Outside India,0,0,0,0,2025-10,0,0.0
598,B - SPECIAL & LOCAL LAWS,HIJACKING,Indian Aircraft - In India,0,0,0,0,2025-10,0,0.0
599,B - SPECIAL & LOCAL LAWS,HIJACKING,Indian Aircraft - Outside India,0,0,0,0,2025-10,0,0.0
600,B - SPECIAL & LOCAL LAWS,IMMORAL TRAFFIC,Organised,176,20,25,8,2025-10,-17,-68.0
601,B - SPECIAL & LOCAL LAWS,IMMORAL TRAFFIC,Un-Organised,96,6,4,9,2025-10,5,125.0
602,B - SPECIAL & LOCAL LAWS,BONDED LABOUR SYSTEM,ALL / NOT SPECIFIED,10,0,0,6,2025-10,6,600.0
603,B - SPECIAL & LOCAL LAWS,INDIAN MOTOR VEHICLE,ALL / NOT SPECIFIED,62,5,3,5,2025-10,2,66.66666666666666
604,B - SPECIAL & LOCAL LAWS,NARCOTIC DRUGS & PSYCHOTROPIC SUBSTANCES ACT,Cultivated/Processed,2286,116,180,158,2025-10,-22,-12.222222222222221
605,B - SPECIAL & LOCAL LAWS,NARCOTIC DRUGS & PSYCHOTROPIC SUBSTANCES ACT,Synthetic,2860,158,273,265,2025-10,-8,-2.93040293040293
606,B - SPECIAL & LOCAL LAWS,PASSPORT ACT,Foreigner,2,0,0,0,2025-10,0,0.0
607,B - SPECIAL & LOCAL LAWS,PASSPORT ACT,Indian,3,0,1,0,2025-10,-1,-100.0
608,B - SPECIAL & LOCAL LAWS,REPRESENTATIVE OF PEOPLE ACT 1951 & 1988,Assembly,0,2,0,0,2025-10,0,0.0
609,B - SPECIAL & LOCAL LAWS,REPRESENTATIVE OF PEOPLE ACT 1951 & 1989,Parliament,0,0,0,0,2025-10,0,0.0
610,B - SPECIAL & LOCAL LAWS,REPRESENTATIVE OF PEOPLE ACT 1951 & 1990,Other Elected Bodies,0,0,0,0,2025-10,0,0.0
611,B - SPECIAL & LOCAL LAWS,KARNATAKA POLICE ACT 1963,Gambling - Matka (78 Class C),5233,410,389,479,2025-10,90,23.13624678663239
612,B - SPECIAL & LOCAL LAWS,KARNATAKA POLICE ACT 1964,Street Gambling (87),6402,458,431,1177,2025-10,746,173.0858468677494
613,B - SPECIAL & LOCAL LAWS,KARNATAKA POLICE ACT 1965,House Gambling (79 & 80),222,29,21,25,2025-10,4,19.047619047619047
614,B - SPECIAL & LOCAL LAWS,KARNATAKA POLICE ACT 1966,Betting ,584,9,17,6,2025-10,-11,-64.70588235294117
615,B - SPECIAL & LOCAL LAWS,KARNATAKA POLICE ACT 1967,Others ,427,35,34,29,2025-10,-5,-14.705882352941178
616,B - SPECIAL & LOCAL LAWS,PREVENTION OF DAMAGE TO PUBLIC PROPERTY ACT 1984,ALL / NOT SPECIFIED,113,9,31,9,2025-10,-22,-70.96774193548387
617,B - SPECIAL & LOCAL LAWS,"POST & TELEGRAPH, TELEGRAPH WIRES (UNLAWFUL POSSESSION) ACT 1980",ALL / NOT SPECIFIED,0,0,0,0,2025-10,0,0.0
618,B - SPECIAL & LOCAL LAWS,OFFICIAL SECURITY RELATED ACTS,Official Secrets Act 1923,1,0,0,0,2025-10,0,0.0
619,B - SPECIAL & LOCAL LAWS,OFFICIAL SECURITY RELATED ACTS,Essential Services Maintenance Act 1981,0,0,0,0,2025-10,0,0.0
620,B - SPECIAL & LOCAL LAWS,PREVENTION OF TERRORISM ACT (POTA),ALL / NOT SPECIFIED,0,0,0,0,2025-10,0,0.0
621,B - SPECIAL & LOCAL LAWS,RAILWAYS ACT,Indian Railways Act 1989,2,0,0,0,2025-10,0,0.0
622,B - SPECIAL & LOCAL LAWS,RAILWAYS ACT,Railway Property (Unlawful Possession) Act 1966,0,0,0,0,2025-10,0,0.0
623,B - SPECIAL & LOCAL LAWS,UNLAWFUL ACTIVITIES (Prevention) Act 1967,ALL / NOT SPECIFIED,1,0,0,1,2025-10,1,100.0
624,B - SPECIAL & LOCAL LAWS,CRIMES RELATED TO WOMEN,Dowry Prohibition,1643,142,179,148,2025-10,-31,-17.318435754189945
625,B - SPECIAL & LOCAL LAWS,CRIMES RELATED TO WOMEN,Commission of SATI (Prevention) Act 1987,0,0,0,0,2025-10,0,0.0
626,B - SPECIAL & LOCAL LAWS,CRIMES RELATED TO WOMEN,Indecent Representation of Women (Prohibition) Act 1986,1,0,0,0,2025-10,0,0.0
627,B - SPECIAL & LOCAL LAWS,INDIAN LUNACY ACT,ALL / NOT SPECIFIED,0,0,0,0,2025-10,0,0.0
628,B - SPECIAL & LOCAL LAWS,INDIAN ELECTRICITY ACT,ALL / NOT SPECIFIED,11,0,1,1,2025-10,0,0.0
629,B - SPECIAL & LOCAL LAWS,"COTPA, CIGARETTES AND OTHER TOBACCO PRODUCTS",ALL / NOT SPECIFIED,2854,45,245,69,2025-10,-176,-71.83673469387755
630,B - SPECIAL & LOCAL LAWS,KARNATAKA STATE LOCAL ACTS,Prevention of Insult to National Hounours Act 1971,9,2,3,0,2025-10,-3,-100.0
631,B - SPECIAL & LOCAL LAWS,KARNATAKA STATE LOCAL ACTS,"Prevention of violence against Doctors, Medical professionals and Medical institutions",11,2,0,1,2025-10,1,100.0
632,B - SPECIAL & LOCAL LAWS,KARNATAKA STATE LOCAL ACTS,"The Karnataka Prevention of Dangerous Activities of Bootleggers, Drug-offenders, Gamblers, Goonda Act",1,0,0,1,2025-10,1,100.0
633,B - SPECIAL & LOCAL LAWS,KARNATAKA STATE LOCAL ACTS,Karnataka Cow Slaughters Act,182,16,19,15,2025-10,-4,-21.052631578947366
634,B - SPECIAL & LOCAL LAWS,KARNATAKA STATE LOCAL ACTS,Banning of Unregulated Deposit Schemes Act,17,4,4,0,2025-10,-4,-100.0
635,B - SPECIAL & LOCAL LAWS,KARNATAKA STATE LOCAL ACTS,"Motor Spirit and High Speed Diesel (Regulation of upply, Distribution and Prevention of Malpractice",0,0,0,0,2025-10,0,0.0
636,B - SPECIAL & LOCAL LAWS,KARNATAKA STATE LOCAL ACTS,Karnataka Epidemic Deseases Act 2020,0,0,0,0,2025-10,0,0.0
637,B - SPECIAL & LOCAL LAWS,KARNATAKA STATE LOCAL ACTS,Karnataka Prevention of Slaughter and Preservation of Cattle Act 2020,206,20,15,15,2025-10,0,0.0
638,B - SPECIAL & LOCAL LAWS,KARNATAKA STATE LOCAL ACTS,Disaster Management Act 2005,0,0,0,0,2025-10,0,0.0
639,B - SPECIAL & LOCAL LAWS,KARNATAKA STATE LOCAL ACTS,Karnataka Excise Act 1965,8474,572,558,752,2025-10,194,34.76702508960574
640,B - SPECIAL & LOCAL LAWS,KARNATAKA STATE LOCAL ACTS,Karnataka Forest Act 1963,53,2,5,9,2025-10,4,80.0
641,B - SPECIAL & LOCAL LAWS,KARNATAKA STATE LOCAL ACTS,Karnataka Education Act 1983 As Amended Upto Date,2,0,0,0,2025-10,0,0.0
642,B - SPECIAL & LOCAL LAWS,KARNATAKA STATE LOCAL ACTS,Karnataka Kerosene Restriction Unuse Act 1956,0,0,0,0,2025-10,0,0.0
643,B - SPECIAL & LOCAL LAWS,KARNATAKA STATE LOCAL ACTS,Karnataka University Act,0,0,0,0,2025-10,0,0.0
644,B - SPECIAL & LOCAL LAWS,KARNATAKA STATE LOCAL ACTS,Karnataka Corruption Act,0,0,0,0,2025-10,0,0.0
645,B - SPECIAL & LOCAL LAWS,KARNATAKA STATE LOCAL ACTS,Karnataka Medical Registration Act 1965,4,0,1,0,2025-10,-1,-100.0
646,B - SPECIAL & LOCAL LAWS,KARNATAKA STATE LOCAL ACTS,Karnataka Land & Revenue Act 1964 & 2007,34,4,3,2,2025-10,-1,-33.33333333333333
647,B - SPECIAL & LOCAL LAWS,KARNATAKA STATE LOCAL ACTS,Karnataka Kerosene Dealers License Order 1969,0,0,0,0,2025-10,0,0.0
648,B - SPECIAL & LOCAL LAWS,KARNATAKA STATE LOCAL ACTS,Karnataka Society Registration Act,0,0,0,0,2025-10,0,0.0
649,B - SPECIAL & LOCAL LAWS,KARNATAKA STATE LOCAL ACTS,Karnataka Minor Mineral Consistent Rule 1994,18,2,1,2,2025-10,1,100.0
650,B - SPECIAL & LOCAL LAWS,KARNATAKA STATE LOCAL ACTS,Bangalore Development Authority Act,0,0,0,0,2025-10,0,0.0
651,B - SPECIAL & LOCAL LAWS,KARNATAKA STATE LOCAL ACTS,Karnataka Prohibition of Beggery Act 1975,57,0,1,1,2025-10,0,0.0
652,B - SPECIAL & LOCAL LAWS,KARNATAKA STATE LOCAL ACTS,Karnataka Municipalities Act 1964,1,0,0,0,2025-10,0,0.0
653,B - SPECIAL & LOCAL LAWS,KARNATAKA STATE LOCAL ACTS,Karnataka Irrigation Act 1963,4,0,0,0,2025-10,0,0.0
654,B - SPECIAL & LOCAL LAWS,KARNATAKA STATE LOCAL ACTS,Karnataka Fire Force act 1964,4,0,0,0,2025-10,0,0.0
655,B - SPECIAL & LOCAL LAWS,KARNATAKA STATE LOCAL ACTS,Karnataka Consumer Protection Act 1986,0,0,0,0,2025-10,0,0.0
656,B - SPECIAL & LOCAL LAWS,KARNATAKA STATE LOCAL ACTS,Karnataka Lottery Act,57,3,2,3,2025-10,1,50.0
657,B - SPECIAL & LOCAL LAWS,KARNATAKA STATE LOCAL ACTS,Karnataka Weight & Measurement Act,0,0,0,0,2025-10,0,0.0
658,B - SPECIAL & LOCAL LAWS,KARNATAKA STATE LOCAL ACTS,Karnataka Agriculture Marketing Regulation Act,0,0,0,0,2025-10,0,0.0
659,B - SPECIAL & LOCAL LAWS,KARNATAKA STATE LOCAL ACTS,Karnataka Revenue Act,1,0,0,0,2025-10,0,0.0
660,B - SPECIAL & LOCAL LAWS,KARNATAKA STATE LOCAL ACTS,Karnataka Mining Act,2,0,0,0,2025-10,0,0.0
661,B - SPECIAL & LOCAL LAWS,KARNATAKA STATE LOCAL ACTS,Karnataka Betting Tax Act,0,0,0,0,2025-10,0,0.0
662,B - SPECIAL & LOCAL LAWS,KARNATAKA STATE LOCAL ACTS,Karnataka Panchayat Raj Act,2,0,1,0,2025-10,-1,-100.0
663,B - SPECIAL & LOCAL LAWS,KARNATAKA STATE LOCAL ACTS,Karnataka Open Place Disfigurement Act 1951,598,15,495,4,2025-10,-491,-99.19191919191918
664,B - SPECIAL & LOCAL LAWS,KARNATAKA STATE LOCAL ACTS,Karnataka Right To Information Act 2000 & 2008,2,0,1,0,2025-10,-1,-100.0
665,B - SPECIAL & LOCAL LAWS,KARNATAKA STATE LOCAL ACTS,Karnataka Urban Development Act 1987,0,0,0,0,2025-10,0,0.0
666,B - SPECIAL & LOCAL LAWS,KARNATAKA STATE LOCAL ACTS,Karnataka Town & City Planning Act 1961,0,0,0,0,2025-10,0,0.0
667,B - SPECIAL & LOCAL LAWS,KARNATAKA STATE LOCAL ACTS,Karnataka Race Betting Act,0,0,0,0,2025-10,0,0.0
668,B - SPECIAL & LOCAL LAWS,KARNATAKA STATE LOCAL ACTS,Karnataka Devadasi's (Prohibition Of Dedication) Act 1982,0,0,0,0,2025-10,0,0.0
669,B - SPECIAL & LOCAL LAWS,KARNATAKA STATE LOCAL ACTS,Cooperative Society Act,1,0,0,0,2025-10,0,0.0
670,B - SPECIAL & LOCAL LAWS,KARNATAKA STATE LOCAL ACTS,Karnataka Entertainment Tax Act 1958,5,1,0,1,2025-10,1,100.0
671,B - SPECIAL & LOCAL LAWS,KARNATAKA STATE LOCAL ACTS,Karnataka Land Acquisition (Prohibition) Act 2007,0,0,0,0,2025-10,0,0.0
672,B - SPECIAL & LOCAL LAWS,KARNATAKA STATE LOCAL ACTS,Karnataka Money Lender Act 1961,16,1,2,0,2025-10,-2,-100.0
673,B - SPECIAL & LOCAL LAWS,KARNATAKA STATE LOCAL ACTS,Karnataka Stamp Act 1957,0,0,0,0,2025-10,0,0.0
674,B - SPECIAL & LOCAL LAWS,KARNATAKA STATE LOCAL ACTS,Karnataka Prisoners Act 1963 & 1974,44,11,7,5,2025-10,-2,-28.57142857142857
675,B - SPECIAL & LOCAL LAWS,KARNATAKA STATE LOCAL ACTS,Karnataka Private Medical Institution Act 2007,8,0,0,0,2025-10,0,0.0
676,B - SPECIAL & LOCAL LAWS,KARNATAKA STATE LOCAL ACTS,MMRD (Mines & Minerals Regulation Development ) Act 1957,73,9,10,4,2025-10,-6,-60.0
677,B - SPECIAL & LOCAL LAWS,KARNATAKA STATE LOCAL ACTS,Karnataka Treasure Trove Act 1962,6,0,1,1,2025-10,0,0.0
678,B - SPECIAL & LOCAL LAWS,KARNATAKA STATE LOCAL ACTS,Karnataka Prohibition of Charging Exorbitant Interest Act 2004,18,2,1,0,2025-10,-1,-100.0
679,B - SPECIAL & LOCAL LAWS,KARNATAKA STATE LOCAL ACTS,Karnataka Ayurvedic And Unani Pract. Regis. & Medical Prac. Misc. Prov. Act,0,0,0,0,2025-10,0,0.0
680,B - SPECIAL & LOCAL LAWS,KARNATAKA STATE LOCAL ACTS,Other Local Acts,147,10,7,14,2025-10,7,100.0
681,B - SPECIAL & LOCAL LAWS,KARNATAKA STATE LOCAL ACTS,The Karnataka Micro Loan And Small Loan (Prevention of Coercive Actions) Ordinance 2025,18,0,2,0,2025-10,-2,-100.0
682,B - SPECIAL & LOCAL LAWS,CYBER CRIME (INFORMATION TECHNOLOGY ACT),"Information Technology Act 2000, 2009",126,317,10,13,2025-10,3,30.0
683,B - SPECIAL & LOCAL LAWS,CYBER CRIME (INFORMATION TECHNOLOGY ACT),CSAM (Child Pornography). Cyber Tip Line,25,2,5,3,2025-10,-2,-40.0
684,B - SPECIAL & LOCAL LAWS,CYBER CRIME (INFORMATION TECHNOLOGY ACT),Online Money Transfer,1262,70,164,182,2025-10,18,10.975609756097562
685,B - SPECIAL & LOCAL LAWS,CYBER CRIME (INFORMATION TECHNOLOGY ACT),Credit Card Fraud,625,97,62,68,2025-10,6,9.67741935483871
686,B - SPECIAL & LOCAL LAWS,CYBER CRIME (INFORMATION TECHNOLOGY ACT),Loan App,174,25,22,23,2025-10,1,4.545454545454546
687,B - SPECIAL & LOCAL LAWS,CYBER CRIME (INFORMATION TECHNOLOGY ACT),"Ransomeware Attack, Installing Spyware & Troman, Using Other Malware & Viruses to infect degital serv",10,0,3,2,2025-10,-1,-33.33333333333333
688,B - SPECIAL & LOCAL LAWS,CYBER CRIME (INFORMATION TECHNOLOGY ACT),"Gifts, iPhone & Lottery Fraud",111,12,10,13,2025-10,3,30.0
689,B - SPECIAL & LOCAL LAWS,CYBER CRIME (INFORMATION TECHNOLOGY ACT),Deep Fake/Deep Nudes,26,2,4,3,2025-10,-1,-25.0
690,B - SPECIAL & LOCAL LAWS,CYBER CRIME (INFORMATION TECHNOLOGY ACT),"Investment Fraud (Part Time Job, Task, Review)",2297,196,218,154,2025-10,-64,-29.357798165137616
691,B - SPECIAL & LOCAL LAWS,CYBER CRIME (INFORMATION TECHNOLOGY ACT),Card Skimming,6,0,1,0,2025-10,-1,-100.0
692,B - SPECIAL & LOCAL LAWS,CYBER CRIME (INFORMATION TECHNOLOGY ACT),Job Fraud,548,50,40,42,2025-10,2,5.0
693,B - SPECIAL & LOCAL LAWS,CYBER CRIME (INFORMATION TECHNOLOGY ACT),Business Fraud,130,10,17,12,2025-10,-5,-29.411764705882355
694,B - SPECIAL & LOCAL LAWS,CYBER CRIME (INFORMATION TECHNOLOGY ACT),Hacking of Accounts & Ids,190,8,31,30,2025-10,-1,-3.225806451612903
695,B - SPECIAL & LOCAL LAWS,CYBER CRIME (INFORMATION TECHNOLOGY ACT),Phishing (Taking Password & Information),39,8,0,9,2025-10,9,900.0
696,B - SPECIAL & LOCAL LAWS,CYBER CRIME (INFORMATION TECHNOLOGY ACT),Email Spoofing / Fraud,39,3,6,4,2025-10,-2,-33.33333333333333
697,B - SPECIAL & LOCAL LAWS,CYBER CRIME (INFORMATION TECHNOLOGY ACT),SIM card Swapping / SIM Jacking / SIM Cloning,18,5,2,4,2025-10,2,100.0
698,B - SPECIAL & LOCAL LAWS,CYBER CRIME (INFORMATION TECHNOLOGY ACT),Social Media Cases (Instagram/Facebook/Whatsapp/X /Telegram etc),466,43,48,42,2025-10,-6,-12.5
699,B - SPECIAL & LOCAL LAWS,CYBER CRIME (INFORMATION TECHNOLOGY ACT),"Crypto Currency, Bitcoin, etc.",61,11,2,4,2025-10,2,100.0
700,B - SPECIAL & LOCAL LAWS,CYBER CRIME (INFORMATION TECHNOLOGY ACT),Remote Access Fraud  (Any Desk/ Team Viewer),10,0,1,1,2025-10,0,0.0
701,B - SPECIAL & LOCAL LAWS,CYBER CRIME (INFORMATION TECHNOLOGY ACT),OLX Fraud,157,18,14,14,2025-10,0,0.0
702,B - SPECIAL & LOCAL LAWS,CYBER CRIME (INFORMATION TECHNOLOGY ACT),Data Theft,50,2,7,1,2025-10,-6,-85.71428571428571
703,B - SPECIAL & LOCAL LAWS,CYBER CRIME (INFORMATION TECHNOLOGY ACT),Fedex,30,102,0,1,2025-10,1,100.0
704,B - SPECIAL & LOCAL LAWS,CYBER CRIME (INFORMATION TECHNOLOGY ACT),"OTP Frauds (KYC Update, Apk Link)",721,77,88,121,2025-10,33,37.5
705,B - SPECIAL & LOCAL LAWS,CYBER CRIME (INFORMATION TECHNOLOGY ACT),Matrimony Fraud,100,9,11,11,2025-10,0,0.0
706,B - SPECIAL & LOCAL LAWS,CYBER CRIME (INFORMATION TECHNOLOGY ACT),Sextortion and Revenge Porn,88,7,11,9,2025-10,-2,-18.181818181818183
707,B - SPECIAL & LOCAL LAWS,CYBER CRIME (INFORMATION TECHNOLOGY ACT),Advertising Frauds,54,5,13,5,2025-10,-8,-61.53846153846154
708,B - SPECIAL & LOCAL LAWS,CYBER CRIME (INFORMATION TECHNOLOGY ACT),Investment Fraud (Trading & Share Trading),2909,269,320,269,2025-10,-51,-15.937499999999998
709,B - SPECIAL & LOCAL LAWS,CYBER CRIME (INFORMATION TECHNOLOGY ACT),Fake Customer Care,268,33,24,33,2025-10,9,37.5
710,B - SPECIAL & LOCAL LAWS,CYBER CRIME (INFORMATION TECHNOLOGY ACT),ATM Fraud,16,2,1,2,2025-10,1,100.0
711,B - SPECIAL & LOCAL LAWS,CYBER CRIME (INFORMATION TECHNOLOGY ACT),Digital Arrest,277,156,19,26,2025-10,7,36.84210526315789
712,B - SPECIAL & LOCAL LAWS,CYBER CRIME (INFORMATION TECHNOLOGY ACT),AEPS (Aadhaar),2,2,0,1,2025-10,1,100.0
713,B - SPECIAL & LOCAL LAWS,CYBER CRIME (INFORMATION TECHNOLOGY ACT),Others ,1571,147,144,102,2025-10,-42,-29.166666666666668
714,B - SPECIAL & LOCAL LAWS,NATIONAL SECURITY ACT,ALL / NOT SPECIFIED,0,0,0,0,2025-10,0,0.0
715,B - SPECIAL & LOCAL LAWS,POCSO,Gang Rape,11,0,0,0,2025-10,0,0.0
716,B - SPECIAL & LOCAL LAWS,POCSO,Custodial Rape,2,0,0,0,2025-10,0,0.0
717,B - SPECIAL & LOCAL LAWS,POCSO,Rape with Murder,1,0,0,0,2025-10,0,0.0
718,B - SPECIAL & LOCAL LAWS,POCSO,Rape,2697,196,286,225,2025-10,-61,-21.328671328671327
719,B - SPECIAL & LOCAL LAWS,POCSO,Others ,1010,62,95,95,2025-10,0,0.0
720,B - SPECIAL & LOCAL LAWS,Aadhar Act,Impersonation,0,0,0,0,2025-10,0,0.0
721,B - SPECIAL & LOCAL LAWS,Aadhar Act,Offence by Individual,1,0,1,0,2025-10,-1,-100.0
722,B - SPECIAL & LOCAL LAWS,Aadhar Act,Offence by Company,0,0,0,0,2025-10,0,0.0
723,C. CRIMES AGAINST WOMEN,Rape (Sec. 376 IPC),1.1  Custodial Rape,0,0,0,0,2025-10,0,0.0
724,C. CRIMES AGAINST WOMEN,Rape (Sec. 376 IPC),1.2  Gang Rape,13,2,0,4,2025-10,4,400.0
725,C. CRIMES AGAINST WOMEN,Rape (Sec. 376 IPC),1.3  other Cases of Rape,548,52,44,46,2025-10,2,4.545454545454546
726,C. CRIMES AGAINST WOMEN,Outraging modesty (Molestation) (sec.354 IPC),ALL / NOT SPECIFIED,4867,454,463,509,2025-10,46,9.935205183585314
727,C. CRIMES AGAINST WOMEN,Kidnapping & Abduction of Women: (Sec.366 IPC),ALL / NOT SPECIFIED,103,15,9,12,2025-10,3,33.33333333333333
728,C. CRIMES AGAINST WOMEN,Insulting modesty (Eve-Teasing) (Sec.294 & 509 IPC if victim is a woman),ALL / NOT SPECIFIED,333,18,37,34,2025-10,-3,-8.108108108108109
729,C. CRIMES AGAINST WOMEN,Murder for Dowry - by burning (Sec.302 IPC),ALL / NOT SPECIFIED,1,0,0,0,2025-10,0,0.0
730,C. CRIMES AGAINST WOMEN,"Murder for Dowry - by other means
(Sec.302 IPC)",ALL / NOT SPECIFIED,5,1,0,1,2025-10,1,100.0
731,C. CRIMES AGAINST WOMEN,Murder for other reasons,ALL / NOT SPECIFIED,318,25,37,39,2025-10,2,5.405405405405405
732,C. CRIMES AGAINST WOMEN,Attempt to Commit Murder for dowry by burning (Sec.307 IPC),ALL / NOT SPECIFIED,2,0,0,1,2025-10,1,100.0
733,C. CRIMES AGAINST WOMEN,Attempt to Commit Murder for dowry by other means (Sec.307 IPC),ALL / NOT SPECIFIED,15,2,3,1,2025-10,-2,-66.66666666666666
734,C. CRIMES AGAINST WOMEN,Attempt to Commit murder for other reasons,ALL / NOT SPECIFIED,838,58,91,98,2025-10,7,7.6923076923076925
735,C. CRIMES AGAINST WOMEN,"Dowry Death-by burning
(Sec.304-B IPC)",ALL / NOT SPECIFIED,1,0,0,0,2025-10,0,0.0
736,C. CRIMES AGAINST WOMEN,Dowry Death-by other Means (Sec.304(B) IPC),ALL / NOT SPECIFIED,97,9,6,13,2025-10,7,116.66666666666667
737,C. CRIMES AGAINST WOMEN,Cruelty by Husband or Relatives of Husband (Sec.498-A IPC),ALL / NOT SPECIFIED,2389,216,245,270,2025-10,25,10.204081632653061
738,C. CRIMES AGAINST WOMEN,Abetment of Suicide (Sec.306 IPC),ALL / NOT SPECIFIED,150,6,17,20,2025-10,3,17.647058823529413
739,C. CRIMES AGAINST WOMEN,Immoral Traffic (prevention) Act.,ALL / NOT SPECIFIED,272,26,29,17,2025-10,-12,-41.37931034482759
740,C. CRIMES AGAINST WOMEN,Indecent Representation of Women(Prohibition) Act-1986,ALL / NOT SPECIFIED,1,0,0,0,2025-10,0,0.0
741,C. CRIMES AGAINST WOMEN,Pornography,ALL / NOT SPECIFIED,2,0,1,0,2025-10,-1,-100.0
742,C. CRIMES AGAINST WOMEN,Offences against Public Servants (Sec.182-188-333-353 IPC),ALL / NOT SPECIFIED,124,7,16,15,2025-10,-1,-6.25
743,C. CRIMES AGAINST WOMEN,Offences related to Marriage,ALL / NOT SPECIFIED,25,3,4,0,2025-10,-4,-100.0
744,C. CRIMES AGAINST WOMEN,Cyber Crimes,ALL / NOT SPECIFIED,3703,523,397,34,2025-10,-363,-91.43576826196474
745,D.CRIME AGAINST CHILDREN,"Infanticide/ Foeticide 
(Sec. 315 & 316 IPC)",ALL / NOT SPECIFIED,5,1,0,0,2025-10,0,0.0
746,D.CRIME AGAINST CHILDREN,Rape on Minor,ALL / NOT SPECIFIED,0,0,0,0,2025-10,0,0.0
747,D.CRIME AGAINST CHILDREN,Exposure & abandonment (Sec. 317 IPC),ALL / NOT SPECIFIED,56,8,7,5,2025-10,-2,-28.57142857142857
748,D.CRIME AGAINST CHILDREN,Kidnapping & Abduction of Children,ALL / NOT SPECIFIED,3210,271,306,394,2025-10,88,28.75816993464052
749,D.CRIME AGAINST CHILDREN,For Ransom - of Children,ALL / NOT SPECIFIED,6,3,1,0,2025-10,-1,-100.0
750,D.CRIME AGAINST CHILDREN,of Children - for begging,ALL / NOT SPECIFIED,0,0,0,0,2025-10,0,0.0
751,D.CRIME AGAINST CHILDREN,of Girls - Immoral Purpose,ALL / NOT SPECIFIED,0,0,0,0,2025-10,0,0.0
752,D.CRIME AGAINST CHILDREN,With intent to Steal from Child,ALL / NOT SPECIFIED,0,0,0,0,2025-10,0,0.0
753,D.CRIME AGAINST CHILDREN,Lawful Guardianship,ALL / NOT SPECIFIED,2,0,0,1,2025-10,1,100.0
754,D.CRIME AGAINST CHILDREN,Procuration of Minor Girls - For Prostitution,ALL / NOT SPECIFIED,0,0,0,0,2025-10,0,0.0
755,D.CRIME AGAINST CHILDREN,Procuration of Minor Girls - Importing of Girl,ALL / NOT SPECIFIED,0,0,0,0,2025-10,0,0.0
756,D.CRIME AGAINST CHILDREN,Procuration of Minor Girls - For Other Purposes,ALL / NOT SPECIFIED,12,0,1,0,2025-10,-1,-100.0
757,D.CRIME AGAINST CHILDREN,Selling of girls for Prostitution (Sec.372 IPC),ALL / NOT SPECIFIED,0,0,0,0,2025-10,0,0.0
758,D.CRIME AGAINST CHILDREN,The Prohibition of Child Marriage Act - 2006,ALL / NOT SPECIFIED,173,8,17,17,2025-10,0,0.0
759,D.CRIME AGAINST CHILDREN,POCSO Act,ALL / NOT SPECIFIED,3721,258,381,320,2025-10,-61,-16.010498687664043
760,D.CRIME AGAINST CHILDREN,Death of Children due to miscarriage,ALL / NOT SPECIFIED,15,4,0,0,2025-10,0,0.0
761,D.CRIME AGAINST CHILDREN,Juvenile Justice Act,ALL / NOT SPECIFIED,119,9,8,8,2025-10,0,0.0
762,D.CRIME AGAINST CHILDREN,Child Labour (Pro.& Reg.) Act,ALL / NOT SPECIFIED,69,2,4,4,2025-10,0,0.0
763,D.CRIME AGAINST CHILDREN,Probation of Offenders Act,ALL / NOT SPECIFIED,0,0,0,0,2025-10,0,0.0
764,"    E. CRIME AGAINST SCHEDULED CASTES /TRIBES BY NON SCs/STs 
",Murder,ALL / NOT SPECIFIED,81,5,6,7,2025-10,1,16.666666666666664
765,"    E. CRIME AGAINST SCHEDULED CASTES /TRIBES BY NON SCs/STs 
",Rape,ALL / NOT SPECIFIED,102,4,12,7,2025-10,-5,-41.66666666666667
766,"    E. CRIME AGAINST SCHEDULED CASTES /TRIBES BY NON SCs/STs 
",Kidnapping,ALL / NOT SPECIFIED,153,12,15,12,2025-10,-3,-20.0
767,"    E. CRIME AGAINST SCHEDULED CASTES /TRIBES BY NON SCs/STs 
",Offences under the Protection of Civil Rights Act.,ALL / NOT SPECIFIED,0,0,0,0,2025-10,0,0.0
768,"    E. CRIME AGAINST SCHEDULED CASTES /TRIBES BY NON SCs/STs 
",Offences under the SC & ST  (prevention of Atrocities)Act 1989 (if the victim is SC),ALL / NOT SPECIFIED,1600,134,176,190,2025-10,14,7.954545454545454
